/* Generated by tools/generate_remote_asset.py. */
#include <stddef.h>
#include <stdint.h>

const char doodad_remote_viewfinder_sha256[] = "777d468ea847318acd22e2eb79f108e75e2674448e8b53fa8fba0bc08fd7b522";
const uint8_t doodad_remote_viewfinder_dimg[] = {
    0x44, 0x49, 0x4d, 0x47, 0xe6, 0x00, 0x96, 0x00, 0x01, 0x00, 0x00, 0x00,
    0xd7, 0x5c, 0xd7, 0x5c, 0xf7, 0x5c, 0xd7, 0x5c, 0xd7, 0x64, 0xf7, 0x64,
    0xf7, 0x64, 0xf7, 0x64, 0xf7, 0x64, 0xf7, 0x64, 0xf7, 0x64, 0xf7, 0x64,
    0xf7, 0x64, 0x18, 0x65, 0x17, 0x65, 0x17, 0x65, 0x18, 0x6d, 0x18, 0x6d,
    0x18, 0x6d, 0x18, 0x6d, 0x18, 0x6d, 0x18, 0x6d, 0x18, 0x6d, 0x38, 0x6d,
    0x38, 0x6d, 0x38, 0x6d, 0x38, 0x6d, 0x38, 0x6d, 0x38, 0x6d, 0x38, 0x6d,
    0x38, 0x6d, 0x38, 0x6d, 0x38, 0x6d, 0x38, 0x75, 0x38, 0x75, 0x38, 0x75,
    0x38, 0x75, 0x38, 0x75, 0x58, 0x75, 0x38, 0x75, 0x38, 0x75, 0x38, 0x75,
    0x58, 0x75, 0x58, 0x75, 0x58, 0x7d, 0x58, 0x7d, 0x58, 0x7d, 0x79, 0x7d,
    0x79, 0x7d, 0x79, 0x7d, 0x79, 0x7d, 0x78, 0x7d, 0x79, 0x7d, 0x79, 0x7d,
    0x79, 0x7d, 0x78, 0x7d, 0x78, 0x7d, 0x78, 0x7d, 0x78, 0x7d, 0x78, 0x85,
    0x78, 0x85, 0x78, 0x85, 0x79, 0x85, 0x99, 0x85, 0x79, 0x85, 0x99, 0x85,
    0x99, 0x85, 0x99, 0x8d, 0x99, 0x8d, 0x99, 0x8d, 0x99, 0x8d, 0x99, 0x8d,
    0x99, 0x8d, 0x99, 0x8d, 0x99, 0x8d, 0xb9, 0x8d, 0x99, 0x8d, 0xb9, 0x8d,
    0xb9, 0x95, 0xd9, 0x9d, 0xd9, 0x9d, 0xf9, 0xa5, 0x19, 0xae, 0x19, 0xb6,
    0x19, 0xb6, 0x39, 0xb6, 0x39, 0xb6, 0x19, 0xb6, 0x19, 0xae, 0xf9, 0xa5,
    0xd9, 0xa5, 0xd9, 0x9d, 0xd9, 0x9d, 0xd9, 0x95, 0xd9, 0x95, 0xd9, 0x95,
    0xb9, 0x95, 0xb9, 0x95, 0xb9, 0x95, 0xb9, 0x95, 0xb9, 0x95, 0xb9, 0x95,
    0xb9, 0x95, 0xd9, 0x95, 0xb9, 0x95, 0xd9, 0x95, 0xd9, 0x95, 0xd9, 0x95,
    0xd9, 0x95, 0xd9, 0x95, 0xd9, 0x9d, 0xd9, 0x9d, 0xd9, 0x9d, 0xd9, 0x95,
    0xd9, 0x95, 0xd9, 0x95, 0xd9, 0x95, 0xd9, 0x95, 0xd9, 0x95, 0xd9, 0x95,
    0xd9, 0x95, 0xd9, 0x95, 0xd9, 0x95, 0xb9, 0x95, 0xd9, 0x95, 0xd9, 0x95,
    0xd9, 0x95, 0xd9, 0x95, 0xd9, 0x95, 0xd9, 0x95, 0xd9, 0x95, 0xd9, 0x95,
    0xd9, 0x95, 0xd9, 0x95, 0xd9, 0x95, 0xb9, 0x95, 0xd9, 0x95, 0xd9, 0x95,
    0xd9, 0x95, 0xd9, 0x95, 0xd9, 0x95, 0xd9, 0x9d, 0xd9, 0x95, 0xd9, 0x95,
    0xb9, 0x95, 0xb9, 0x8d, 0xb9, 0x8d, 0x99, 0x8d, 0xb9, 0x8d, 0xb9, 0x8d,
    0xb9, 0x8d, 0x99, 0x8d, 0xb9, 0x8d, 0xb9, 0x8d, 0xb9, 0x8d, 0xb9, 0x8d,
    0xb9, 0x8d, 0xb9, 0x8d, 0xb9, 0x8d, 0xb9, 0x8d, 0x99, 0x8d, 0x99, 0x8d,
    0x99, 0x8d, 0x99, 0x8d, 0x99, 0x8d, 0x99, 0x8d, 0x99, 0x85, 0x99, 0x85,
    0x99, 0x85, 0x99, 0x85, 0x99, 0x85, 0x99, 0x85, 0x99, 0x85, 0x99, 0x85,
    0x99, 0x85, 0x99, 0x85, 0x99, 0x85, 0x99, 0x85, 0x99, 0x85, 0x99, 0x85,
    0x99, 0x85, 0x99, 0x85, 0x99, 0x85, 0x99, 0x85, 0x99, 0x85, 0x99, 0x85,
    0x99, 0x85, 0x99, 0x85, 0x99, 0x85, 0x99, 0x85, 0x99, 0x85, 0x99, 0x85,
    0x99, 0x85, 0x99, 0x85, 0x99, 0x85, 0x99, 0x85, 0x99, 0x85, 0x99, 0x85,
    0x99, 0x85, 0x99, 0x85, 0x99, 0x85, 0x99, 0x85, 0x99, 0x85, 0x99, 0x85,
    0x98, 0x85, 0x98, 0x85, 0x98, 0x85, 0x98, 0x85, 0x78, 0x85, 0x78, 0x85,
    0x78, 0x85, 0x78, 0x85, 0x78, 0x85, 0x78, 0x85, 0x78, 0x85, 0x78, 0x85,
    0x78, 0x85, 0x78, 0x85, 0x78, 0x85, 0x78, 0x85, 0x78, 0x85, 0x78, 0x85,
    0x78, 0x85, 0x78, 0x7d, 0x78, 0x7d, 0x78, 0x85, 0x78, 0x85, 0x78, 0x7d,
    0x78, 0x7d, 0x37, 0x7d, 0xf7, 0x5c, 0xf7, 0x64, 0xf7, 0x64, 0xf7, 0x64,
    0xf7, 0x64, 0xf7, 0x64, 0xf7, 0x64, 0xf7, 0x64, 0xf7, 0x64, 0x17, 0x65,
    0x18, 0x65, 0x18, 0x65, 0x18, 0x65, 0x18, 0x65, 0x18, 0x6d, 0x18, 0x6d,
    0x18, 0x6d, 0x18, 0x6d, 0x38, 0x6d, 0x38, 0x6d, 0x38, 0x6d, 0x38, 0x6d,
    0x38, 0x6d, 0x38, 0x75, 0x38, 0x75, 0x38, 0x75, 0x38, 0x75, 0x38, 0x75,
    0x38, 0x75, 0x38, 0x75, 0x38, 0x75, 0x38, 0x75, 0x38, 0x75, 0x38, 0x75,
    0x38, 0x75, 0x38, 0x75, 0x38, 0x75, 0x58, 0x75, 0x58, 0x75, 0x58, 0x75,
    0x58, 0x75, 0x58, 0x75, 0x58, 0x75, 0x58, 0x7d, 0x59, 0x7d, 0x79, 0x7d,
    0x79, 0x7d, 0x79, 0x7d, 0x79, 0x7d, 0x79, 0x7d, 0x79, 0x7d, 0x79, 0x7d,
    0x79, 0x7d, 0x79, 0x7d, 0x79, 0x7d, 0x79, 0x7d, 0x79, 0x85, 0x79, 0x85,
    0x78, 0x85, 0x78, 0x85, 0x78, 0x85, 0x98, 0x85, 0x99, 0x85, 0x99, 0x85,
    0x99, 0x85, 0x99, 0x85, 0x99, 0x8d, 0x99, 0x8d, 0x99, 0x8d, 0x99, 0x8d,
    0xb9, 0x8d, 0xb9, 0x8d, 0xb9, 0x95, 0xb9, 0x95, 0xb9, 0x95, 0xb9, 0x95,
    0xb9, 0x8d, 0xb9, 0x95, 0xb9, 0x95, 0xd9, 0x95, 0xd9, 0x9d, 0xd9, 0x9d,
    0xf9, 0xa5, 0xf9, 0xad, 0x19, 0xae, 0x39, 0xb6, 0x5a, 0xbe, 0x7a, 0xc6,
    0x9a, 0xce, 0x9a, 0xd6, 0x9a, 0xce, 0x19, 0xb6, 0xfa, 0xa5, 0xfa, 0x9d,
    0xf9, 0x9d, 0xd9, 0x95, 0xd9, 0x95, 0xd9, 0x95, 0xd9, 0x95, 0xd9, 0x95,
    0xd9, 0x95, 0xd9, 0x95, 0xd9, 0x95, 0xd9, 0x95, 0xd9, 0x95, 0xd9, 0x95,
    0xd9, 0x95, 0xd9, 0x9d, 0xd9, 0x9d, 0xfa, 0x9d, 0xfa, 0x9d, 0xfa, 0x9d,
    0xfa, 0x9d, 0xd9, 0x9d, 0xd9, 0x9d, 0xd9, 0x9d, 0xd9, 0x9d, 0xd9, 0x9d,
    0xd9, 0x9d, 0xda, 0x9d, 0xda, 0x95, 0xda, 0x95, 0xd9, 0x95, 0xd9, 0x95,
    0xd9, 0x95, 0xd9, 0x95, 0xd9, 0x95, 0xda, 0x95, 0xda, 0x95, 0xd9, 0x95,
    0xd9, 0x95, 0xd9, 0x95, 0xd9, 0x95, 0xd9, 0x95, 0xda, 0x95, 0xd9, 0x95,
    0xd9, 0x95, 0xd9, 0x95, 0xda, 0x9d, 0xd9, 0x9d, 0xd9, 0x9d, 0xd9, 0x9d,
    0xda, 0x9d, 0xda, 0x9d, 0xd9, 0x9d, 0xd9, 0x95, 0xb9, 0x95, 0xb9, 0x95,
    0xb9, 0x95, 0xb9, 0x95, 0xb9, 0x95, 0xb9, 0x8d, 0xb9, 0x8d, 0xb9, 0x8d,
    0xd9, 0x8d, 0xd9, 0x8d, 0xb9, 0x8d, 0xb9, 0x8d, 0xb9, 0x8d, 0xb9, 0x8d,
    0xb9, 0x8d, 0xb9, 0x8d, 0xb9, 0x8d, 0xb9, 0x8d, 0xb9, 0x8d, 0xb9, 0x8d,
    0xb9, 0x8d, 0xb9, 0x8d, 0xb9, 0x8d, 0x99, 0x8d, 0x99, 0x8d, 0x99, 0x8d,
    0x99, 0x8d, 0x99, 0x8d, 0x99, 0x8d, 0x99, 0x8d, 0x99, 0x8d, 0x99, 0x8d,
    0x99, 0x8d, 0x99, 0x8d, 0x99, 0x8d, 0x99, 0x8d, 0x99, 0x8d, 0x99, 0x8d,
    0x99, 0x85, 0x99, 0x85, 0x99, 0x85, 0x99, 0x85, 0x99, 0x85, 0x99, 0x85,
    0x99, 0x85, 0x99, 0x85, 0x99, 0x85, 0x99, 0x85, 0x99, 0x85, 0x99, 0x85,
    0x99, 0x85, 0x99, 0x85, 0x99, 0x85, 0x99, 0x85, 0x99, 0x85, 0x99, 0x85,
    0x99, 0x85, 0x99, 0x85, 0x98, 0x85, 0x99, 0x85, 0x99, 0x85, 0x99, 0x85,
    0x99, 0x85, 0x99, 0x85, 0x99, 0x85, 0x98, 0x85, 0x99, 0x85, 0x99, 0x85,
    0x99, 0x85, 0x98, 0x85, 0x98, 0x85, 0x78, 0x85, 0x98, 0x85, 0x78, 0x85,
    0x78, 0x85, 0x78, 0x85, 0x78, 0x85, 0x78, 0x85, 0x78, 0x85, 0x78, 0x85,
    0x78, 0x85, 0x78, 0x85, 0x58, 0x85, 0x16, 0x7d, 0x18, 0x65, 0xf7, 0x64,
    0xf7, 0x64, 0xf7, 0x64, 0xf7, 0x64, 0xf7, 0x64, 0xf7, 0x64, 0xf7, 0x64,
    0x17, 0x65, 0x17, 0x65, 0x17, 0x65, 0x18, 0x6d, 0x18, 0x6d, 0x18, 0x6d,
    0x18, 0x6d, 0x18, 0x6d, 0x18, 0x6d, 0x18, 0x6d, 0x38, 0x6d, 0x38, 0x6d,
    0x38, 0x75, 0x38, 0x75, 0x38, 0x75, 0x38, 0x75, 0x38, 0x75, 0x38, 0x75,
    0x38, 0x75, 0x38, 0x75, 0x38, 0x75, 0x38, 0x75, 0x38, 0x75, 0x38, 0x75,
    0x38, 0x75, 0x58, 0x75, 0x58, 0x75, 0x58, 0x75, 0x58, 0x75, 0x58, 0x75,
    0x59, 0x75, 0x58, 0x75, 0x59, 0x7d, 0x79, 0x7d, 0x58, 0x7d, 0x58, 0x7d,
    0x79, 0x7d, 0x79, 0x7d, 0x79, 0x7d, 0x79, 0x7d, 0x79, 0x7d, 0x79, 0x7d,
    0x79, 0x7d, 0x79, 0x7d, 0x79, 0x7d, 0x79, 0x85, 0x79, 0x85, 0x99, 0x85,
    0x79, 0x85, 0x79, 0x85, 0x79, 0x85, 0x79, 0x85, 0x99, 0x85, 0x99, 0x85,
    0x99, 0x85, 0x99, 0x85, 0x99, 0x8d, 0xb9, 0x8d, 0xb9, 0x8d, 0x99, 0x8d,
    0x99, 0x8d, 0xb9, 0x8d, 0xb9, 0x95, 0xb9, 0x95, 0xd9, 0x9d, 0xd9, 0x9d,
    0xd9, 0x9d, 0xd9, 0x95, 0xd9, 0x95, 0xb9, 0x95, 0xb9, 0x95, 0xb9, 0x95,
    0xd9, 0x95, 0xd9, 0x9d, 0xf9, 0x9d, 0xf9, 0xa5, 0x19, 0xae, 0x19, 0xb6,
    0x5a, 0xbe, 0x9a, 0xce, 0xba, 0xd6, 0xba, 0xd6, 0x9a, 0xce, 0x5a, 0xbe,
    0x19, 0xae, 0xf9, 0xa5, 0xf9, 0x9d, 0xf9, 0x9d, 0xd9, 0x9d, 0xd9, 0x9d,
    0xd9, 0x9d, 0xd9, 0x9d, 0xd9, 0x95, 0xda, 0x9d, 0xd9, 0x9d, 0xd9, 0x9d,
    0xd9, 0x95, 0xd9, 0x9d, 0xd9, 0x9d, 0xfa, 0x9d, 0xfa, 0x9d, 0xfa, 0x9d,
    0xfa, 0xa5, 0xfa, 0xa5, 0xfa, 0x9d, 0xfa, 0x9d, 0xfa, 0x9d, 0xfa, 0x9d,
    0xfa, 0x9d, 0xfa, 0x9d, 0xfa, 0x9d, 0xfa, 0x9d, 0xfa, 0x9d, 0xfa, 0x9d,
    0xda, 0x9d, 0xda, 0x9d, 0xda, 0x9d, 0xfa, 0x9d, 0xda, 0x9d, 0xda, 0x9d,
    0xfa, 0x9d, 0xda, 0x9d, 0xda, 0x9d, 0xda, 0x9d, 0xda, 0x9d, 0xfa, 0x9d,
    0xfa, 0x9d, 0xfa, 0x9d, 0xda, 0x9d, 0xfa, 0x9d, 0xfa, 0x9d, 0xfa, 0x9d,
    0xfa, 0x9d, 0xfa, 0x9d, 0xfa, 0x9d, 0xfa, 0x9d, 0xda, 0x9d, 0xda, 0x9d,
    0xda, 0x9d, 0xda, 0x95, 0xda, 0x95, 0xda, 0x95, 0xd9, 0x95, 0xd9, 0x95,
    0xda, 0x95, 0xda, 0x95, 0xda, 0x95, 0xda, 0x95, 0xda, 0x95, 0xd9, 0x95,
    0xb9, 0x8d, 0xb9, 0x8d, 0xb9, 0x8d, 0xb9, 0x8d, 0xb9, 0x8d, 0xb9, 0x8d,
    0xb9, 0x8d, 0xb9, 0x8d, 0xb9, 0x8d, 0xb9, 0x8d, 0xb9, 0x8d, 0xb9, 0x8d,
    0xb9, 0x8d, 0xb9, 0x8d, 0xb9, 0x8d, 0xb9, 0x8d, 0xb9, 0x8d, 0xb9, 0x8d,
    0xb9, 0x8d, 0xb9, 0x8d, 0xb9, 0x8d, 0xb9, 0x8d, 0xb9, 0x8d, 0xb9, 0x8d,
    0xb9, 0x8d, 0xb9, 0x8d, 0x99, 0x8d, 0xb9, 0x8d, 0x99, 0x85, 0xb9, 0x8d,
    0xb9, 0x8d, 0xb9, 0x8d, 0xb9, 0x8d, 0xb9, 0x8d, 0xb9, 0x8d, 0x99, 0x85,
    0xb9, 0x85, 0x99, 0x85, 0x99, 0x85, 0x99, 0x85, 0xb9, 0x85, 0x99, 0x85,
    0x99, 0x85, 0x99, 0x85, 0x99, 0x85, 0x99, 0x85, 0x99, 0x85, 0x99, 0x85,
    0x99, 0x85, 0x99, 0x85, 0x99, 0x85, 0x99, 0x85, 0x99, 0x85, 0x99, 0x85,
    0x99, 0x85, 0x99, 0x85, 0x99, 0x85, 0x99, 0x85, 0x98, 0x85, 0x98, 0x85,
    0x98, 0x85, 0x98, 0x85, 0x98, 0x85, 0x78, 0x85, 0x78, 0x85, 0x78, 0x85,
    0x78, 0x85, 0x78, 0x85, 0x78, 0x85, 0x78, 0x85, 0x57, 0x85, 0x37, 0x85,
    0x18, 0x65, 0x17, 0x65, 0x17, 0x65, 0x17, 0x65, 0x17, 0x65, 0x17, 0x65,
    0x17, 0x65, 0x17, 0x65, 0x18, 0x65, 0x17, 0x6d, 0x18, 0x6d, 0x18, 0x6d,
    0x18, 0x6d, 0x18, 0x6d, 0x38, 0x6d, 0x38, 0x6d, 0x38, 0x6d, 0x38, 0x6d,
    0x38, 0x6d, 0x38, 0x75, 0x38, 0x75, 0x38, 0x75, 0x38, 0x75, 0x58, 0x75,
    0x58, 0x75, 0x58, 0x75, 0x58, 0x75, 0x58, 0x75, 0x58, 0x75, 0x58, 0x75,
    0x58, 0x75, 0x58, 0x75, 0x58, 0x75, 0x58, 0x75, 0x58, 0x75, 0x58, 0x7d,
    0x58, 0x7d, 0x58, 0x75, 0x58, 0x7d, 0x58, 0x7d, 0x79, 0x7d, 0x79, 0x7d,
    0x79, 0x7d, 0x79, 0x7d, 0x79, 0x7d, 0x79, 0x7d, 0x79, 0x7d, 0x79, 0x7d,
    0x79, 0x7d, 0x79, 0x7d, 0x99, 0x85, 0x99, 0x85, 0x99, 0x85, 0x99, 0x85,
    0x99, 0x85, 0x99, 0x85, 0x99, 0x85, 0x99, 0x85, 0x99, 0x85, 0x99, 0x85,
    0x99, 0x85, 0x99, 0x85, 0x99, 0x85, 0x99, 0x85, 0x99, 0x8d, 0xb9, 0x8d,
    0xb9, 0x8d, 0xb9, 0x8d, 0xb9, 0x95, 0xb9, 0x95, 0xb9, 0x95, 0xd9, 0x9d,
    0xd9, 0x9d, 0xf9, 0x9d, 0xfa, 0xa5, 0xd9, 0x9d, 0xd9, 0x9d, 0xd9, 0x9d,
    0xd9, 0x9d, 0xd9, 0x9d, 0xd9, 0x9d, 0xd9, 0x9d, 0xf9, 0xa5, 0xf9, 0xa5,
    0xf9, 0xa5, 0x19, 0xae, 0x3a, 0xb6, 0x5a, 0xbe, 0x5a, 0xbe, 0x1a, 0xae,
    0x19, 0xae, 0xfa, 0xa5, 0xf9, 0xa5, 0xf9, 0xa5, 0xf9, 0x9d, 0xfa, 0x9d,
    0xf9, 0x9d, 0xd9, 0x9d, 0xda, 0x9d, 0xfa, 0x9d, 0xfa, 0x9d, 0xfa, 0x9d,
    0xfa, 0x9d, 0xfa, 0x9d, 0xfa, 0x9d, 0xfa, 0x9d, 0xfa, 0x9d, 0xfa, 0x9d,
    0xfa, 0xa5, 0xfa, 0xa5, 0x1a, 0xa6, 0x1a, 0xa6, 0xfa, 0xa5, 0xfa, 0xa5,
    0xfa, 0xa5, 0xfa, 0xa5, 0xfa, 0x9d, 0xfa, 0x9d, 0xfa, 0x9d, 0xfa, 0x9d,
    0xfa, 0x9d, 0xfa, 0x9d, 0xfa, 0x9d, 0xfa, 0x9d, 0xfa, 0x9d, 0xfa, 0x9d,
    0xfa, 0x9d, 0xfa, 0x9d, 0xfa, 0x9d, 0xfa, 0x9d, 0xfa, 0x9d, 0xfa, 0x9d,
    0xfa, 0x9d, 0xfa, 0x9d, 0xfa, 0x9d, 0xfa, 0x9d, 0xfa, 0x9d, 0xfa, 0x9d,
    0xfa, 0x9d, 0xfa, 0x9d, 0xfa, 0x9d, 0xfa, 0x9d, 0xfa, 0x9d, 0xfa, 0x9d,
    0xfa, 0x9d, 0xfa, 0x9d, 0xfa, 0x9d, 0xfa, 0x9d, 0xfa, 0x9d, 0xfa, 0x9d,
    0xda, 0x9d, 0xfa, 0x9d, 0xda, 0x95, 0xda, 0x95, 0xda, 0x95, 0xda, 0x95,
    0xda, 0x95, 0xda, 0x95, 0xda, 0x95, 0xd9, 0x95, 0xd9, 0x95, 0xd9, 0x95,
    0xd9, 0x95, 0xb9, 0x95, 0xb9, 0x95, 0xb9, 0x8d, 0xb9, 0x8d, 0xb9, 0x8d,
    0xb9, 0x8d, 0xb9, 0x8d, 0xb9, 0x8d, 0xb9, 0x8d, 0xb9, 0x8d, 0xb9, 0x8d,
    0xb9, 0x8d, 0xb9, 0x8d, 0xb9, 0x8d, 0xd9, 0x8d, 0xda, 0x8d, 0xd9, 0x8d,
    0xb9, 0x8d, 0xb9, 0x8d, 0xb9, 0x8d, 0xb9, 0x8d, 0xb9, 0x8d, 0xb9, 0x8d,
    0xb9, 0x8d, 0xb9, 0x8d, 0xb9, 0x8d, 0xb9, 0x8d, 0xb9, 0x8d, 0xb9, 0x8d,
    0xb9, 0x8d, 0xb9, 0x8d, 0xb9, 0x8d, 0xb9, 0x8d, 0xb9, 0x85, 0xb9, 0x8d,
    0xb9, 0x8d, 0xb9, 0x8d, 0xb9, 0x85, 0xb9, 0x8d, 0xb9, 0x8d, 0xb9, 0x8d,
    0xb9, 0x8d, 0xb9, 0x85, 0xb9, 0x85, 0xb9, 0x85, 0xb9, 0x8d, 0xb9, 0x8d,
    0xb9, 0x8d, 0x99, 0x8d, 0x99, 0x85, 0x99, 0x85, 0x99, 0x8d, 0x99, 0x85,
    0x99, 0x85, 0x98, 0x85, 0x98, 0x85, 0x99, 0x8d, 0x99, 0x8d, 0x99, 0x85,
    0x98, 0x8d, 0x98, 0x85, 0x98, 0x85, 0x98, 0x85, 0x78, 0x85, 0x78, 0x85,
    0x78, 0x85, 0x78, 0x8d, 0x17, 0x65, 0x17, 0x65, 0x17, 0x65, 0x17, 0x65,
    0x17, 0x65, 0x17, 0x65, 0x18, 0x65, 0x18, 0x6d, 0x18, 0x6d, 0x38, 0x6d,
    0x38, 0x6d, 0x38, 0x6d, 0x38, 0x6d, 0x38, 0x6d, 0x38, 0x6d, 0x38, 0x75,
    0x38, 0x75, 0x38, 0x75, 0x58, 0x75, 0x58, 0x75, 0x58, 0x75, 0x58, 0x75,
    0x58, 0x75, 0x58, 0x75, 0x58, 0x75, 0x58, 0x75, 0x58, 0x75, 0x58, 0x7d,
    0x58, 0x7d, 0x58, 0x7d, 0x58, 0x7d, 0x58, 0x7d, 0x78, 0x7d, 0x78, 0x7d,
    0x58, 0x7d, 0x78, 0x7d, 0x78, 0x7d, 0x58, 0x7d, 0x78, 0x7d, 0x78, 0x7d,
    0x78, 0x7d, 0x78, 0x7d, 0x79, 0x7d, 0x79, 0x7d, 0x79, 0x7d, 0x79, 0x7d,
    0x79, 0x85, 0x79, 0x7d, 0x79, 0x85, 0x99, 0x85, 0x99, 0x85, 0x99, 0x85,
    0x99, 0x85, 0x99, 0x85, 0x99, 0x85, 0x99, 0x85, 0x99, 0x85, 0x99, 0x85,
    0x99, 0x85, 0x99, 0x85, 0x99, 0x85, 0x99, 0x85, 0x99, 0x85, 0x99, 0x85,
    0xb9, 0x8d, 0xb9, 0x8d, 0xb9, 0x8d, 0xb9, 0x95, 0xd9, 0x95, 0xd9, 0x9d,
    0xd9, 0x9d, 0xf9, 0x9d, 0xf9, 0x9d, 0xfa, 0xa5, 0xf9, 0xa5, 0xf9, 0xa5,
    0xf9, 0xa5, 0xf9, 0xa5, 0xf9, 0xa5, 0xf9, 0xa5, 0xf9, 0xa5, 0xf9, 0xa5,
    0xf9, 0xa5, 0x19, 0xae, 0x19, 0xae, 0x1a, 0xae, 0x3a, 0xb6, 0x3a, 0xb6,
    0xf9, 0xa5, 0xf9, 0xa5, 0xf9, 0x9d, 0xf9, 0x9d, 0xfa, 0x9d, 0xf9, 0x9d,
    0xfa, 0x9d, 0xfa, 0x9d, 0xf9, 0x9d, 0xf9, 0x9d, 0xfa, 0x9d, 0xfa, 0x9d,
    0xfa, 0x9d, 0xfa, 0x9d, 0xfa, 0xa5, 0xfa, 0xa5, 0xfa, 0xa5, 0xfa, 0x9d,
    0x1a, 0xa6, 0x5a, 0xbe, 0x9a, 0xce, 0xba, 0xd6, 0xba, 0xde, 0x5a, 0xbe,
    0x1a, 0xa6, 0xfa, 0xa5, 0x1a, 0xa6, 0x1a, 0xa6, 0x1a, 0xa6, 0x1a, 0xa6,
    0xfa, 0xa5, 0xfa, 0xa5, 0xfa, 0x9d, 0xfa, 0x9d, 0xfa, 0x9d, 0xfa, 0x9d,
    0xfa, 0x9d, 0xfa, 0x9d, 0xfa, 0x9d, 0xfa, 0x9d, 0xfa, 0x9d, 0xfa, 0x9d,
    0xfa, 0x9d, 0xfa, 0x9d, 0xfa, 0x9d, 0xfa, 0x9d, 0xfa, 0x9d, 0xfa, 0x9d,
    0xfa, 0xa5, 0x1a, 0xa6, 0x1a, 0xa6, 0x1a, 0xa6, 0x1a, 0xa6, 0x1a, 0xa6,
    0x1a, 0xa6, 0x1a, 0xa6, 0x1a, 0xa6, 0x1a, 0x9e, 0xfa, 0x9d, 0xfa, 0x9d,
    0xfa, 0x9d, 0xfa, 0x9d, 0xfa, 0x9d, 0xfa, 0x9d, 0xfa, 0x9d, 0xfa, 0x9d,
    0xfa, 0x9d, 0xfa, 0x9d, 0xda, 0x95, 0xda, 0x95, 0xda, 0x95, 0xda, 0x95,
    0xda, 0x95, 0xda, 0x95, 0xda, 0x95, 0xd9, 0x95, 0xd9, 0x95, 0xd9, 0x95,
    0xd9, 0x95, 0xd9, 0x95, 0xd9, 0x95, 0xd9, 0x95, 0xba, 0x8d, 0xb9, 0x8d,
    0xd9, 0x8d, 0xd9, 0x8d, 0xd9, 0x8d, 0xd9, 0x8d, 0xda, 0x8d, 0xda, 0x95,
    0xda, 0x95, 0xda, 0x95, 0xb9, 0x8d, 0xb9, 0x8d, 0xb9, 0x8d, 0xb9, 0x8d,
    0xb9, 0x8d, 0xb9, 0x8d, 0xb9, 0x8d, 0xb9, 0x8d, 0xb9, 0x8d, 0xd9, 0x8d,
    0xd9, 0x8d, 0xb9, 0x8d, 0xb9, 0x8d, 0xb9, 0x8d, 0xb9, 0x8d, 0xb9, 0x8d,
    0xb9, 0x8d, 0xb9, 0x8d, 0xb9, 0x8d, 0xb9, 0x8d, 0xb9, 0x8d, 0xb9, 0x8d,
    0xb9, 0x8d, 0xb9, 0x8d, 0xb9, 0x8d, 0xb9, 0x8d, 0xb9, 0x8d, 0xb9, 0x8d,
    0xb9, 0x8d, 0xb9, 0x8d, 0xb9, 0x8d, 0xb9, 0x8d, 0xb9, 0x8d, 0x99, 0x8d,
    0x99, 0x8d, 0x99, 0x8d, 0x99, 0x8d, 0x99, 0x85, 0x99, 0x85, 0x99, 0x8d,
    0x99, 0x8d, 0x99, 0x8d, 0x99, 0x8d, 0x99, 0x8d, 0x99, 0x8d, 0x98, 0x8d,
    0x78, 0x85, 0x78, 0x85, 0x98, 0x8d, 0xb8, 0x9d, 0x17, 0x6d, 0x17, 0x65,
    0x17, 0x6d, 0x17, 0x6d, 0x18, 0x6d, 0x18, 0x6d, 0x38, 0x6d, 0x38, 0x6d,
    0x38, 0x6d, 0x38, 0x6d, 0x38, 0x6d, 0x38, 0x6d, 0x38, 0x6d, 0x58, 0x75,
    0x58, 0x75, 0x58, 0x75, 0x58, 0x75, 0x58, 0x75, 0x58, 0x75, 0x58, 0x75,
    0x58, 0x75, 0x58, 0x75, 0x58, 0x7d, 0x58, 0x7d, 0x58, 0x7d, 0x58, 0x7d,
    0x58, 0x7d, 0x58, 0x7d, 0x58, 0x7d, 0x78, 0x7d, 0x78, 0x7d, 0x78, 0x7d,
    0x78, 0x7d, 0x78, 0x7d, 0x78, 0x7d, 0x78, 0x7d, 0x78, 0x7d, 0x78, 0x7d,
    0x78, 0x7d, 0x78, 0x85, 0x78, 0x85, 0x79, 0x85, 0x79, 0x85, 0x79, 0x85,
    0x79, 0x7d, 0x79, 0x85, 0x99, 0x85, 0x99, 0x85, 0x99, 0x85, 0x99, 0x85,
    0x99, 0x85, 0x99, 0x85, 0x99, 0x85, 0x99, 0x85, 0x99, 0x85, 0x99, 0x85,
    0x99, 0x85, 0x99, 0x85, 0x99, 0x85, 0x99, 0x85, 0x99, 0x85, 0x99, 0x85,
    0x99, 0x85, 0x99, 0x85, 0xb9, 0x8d, 0xb9, 0x8d, 0xb9, 0x8d, 0xb9, 0x8d,
    0xb9, 0x95, 0xd9, 0x9d, 0xd9, 0x9d, 0xd9, 0x95, 0xd9, 0x9d, 0xf9, 0x9d,
    0xf9, 0xa5, 0xf9, 0xa5, 0xf9, 0xa5, 0xf9, 0xa5, 0x19, 0xa6, 0x19, 0xa6,
    0x19, 0xa6, 0x19, 0xae, 0x1a, 0xae, 0x1a, 0xae, 0x3a, 0xb6, 0x3a, 0xb6,
    0x5a, 0xbe, 0x5a, 0xbe, 0x3a, 0xb6, 0x1a, 0xae, 0xfa, 0xa5, 0xfa, 0xa5,
    0xfa, 0xa5, 0xf9, 0x9d, 0xfa, 0xa5, 0xfa, 0x9d, 0xfa, 0xa5, 0xfa, 0x9d,
    0xfa, 0xa5, 0x1a, 0xa6, 0x1a, 0xa6, 0xfa, 0xa5, 0x1a, 0xa6, 0x1a, 0xa6,
    0x1a, 0xa6, 0x1a, 0xa6, 0x7a, 0xbe, 0xfa, 0xe6, 0x1a, 0xef, 0x1a, 0xe7,
    0x9a, 0xce, 0x1a, 0xae, 0x1a, 0xa6, 0x1a, 0xa6, 0x1a, 0xa6, 0x1a, 0xa6,
    0x1a, 0xa6, 0x1a, 0xa6, 0x1a, 0xa6, 0x1a, 0xa6, 0x1a, 0xa6, 0xfa, 0xa5,
    0x1a, 0xa6, 0xfa, 0xa5, 0x1a, 0xa6, 0x1a, 0xa6, 0x1a, 0xa6, 0x1a, 0xa6,
    0x1a, 0xa6, 0x1a, 0xa6, 0x1a, 0xa6, 0x1a, 0xa6, 0x1a, 0xa6, 0x1a, 0xa6,
    0x1a, 0xa6, 0x1a, 0xa6, 0x1a, 0xa6, 0x1a, 0xa6, 0x1a, 0xa6, 0x1a, 0xa6,
    0x1a, 0xa6, 0x1a, 0xa6, 0x1a, 0xa6, 0x1a, 0xa6, 0x1a, 0xa6, 0x1a, 0xa6,
    0x1a, 0xa6, 0x1a, 0xa6, 0x1a, 0xa6, 0x1a, 0xa6, 0x1a, 0x9e, 0x1a, 0x9e,
    0xfa, 0x9d, 0xfa, 0x9d, 0xfa, 0x9d, 0xfa, 0x9d, 0xfa, 0x9d, 0xfa, 0x9d,
    0xfa, 0x9d, 0xfa, 0x9d, 0xfa, 0x9d, 0xda, 0x95, 0xda, 0x95, 0xda, 0x95,
    0xda, 0x95, 0xda, 0x95, 0xda, 0x95, 0xda, 0x95, 0xda, 0x95, 0xda, 0x95,
    0xda, 0x95, 0xda, 0x95, 0xda, 0x95, 0xda, 0x95, 0xba, 0x95, 0xda, 0x95,
    0xda, 0x95, 0xda, 0x95, 0xda, 0x95, 0xda, 0x95, 0xd9, 0x95, 0xda, 0x95,
    0xda, 0x95, 0xda, 0x8d, 0xd9, 0x8d, 0xd9, 0x8d, 0xb9, 0x8d, 0xb9, 0x8d,
    0xba, 0x8d, 0xda, 0x8d, 0xd9, 0x8d, 0xb9, 0x8d, 0xd9, 0x8d, 0xb9, 0x8d,
    0xda, 0x8d, 0xda, 0x8d, 0xd9, 0x8d, 0xd9, 0x8d, 0xb9, 0x8d, 0xb9, 0x8d,
    0xb9, 0x8d, 0xb9, 0x8d, 0xb9, 0x8d, 0xb9, 0x8d, 0xb9, 0x8d, 0xb9, 0x8d,
    0xb9, 0x8d, 0xb9, 0x8d, 0xb9, 0x8d, 0xb9, 0x8d, 0xb9, 0x8d, 0xb9, 0x8d,
    0xb9, 0x8d, 0x99, 0x8d, 0x99, 0x8d, 0x99, 0x8d, 0x99, 0x8d, 0x99, 0x8d,
    0x99, 0x8d, 0x99, 0x8d, 0x99, 0x8d, 0xb9, 0x8d, 0xb9, 0x8d, 0x99, 0x8d,
    0x98, 0x8d, 0x98, 0x8d, 0x98, 0x8d, 0x98, 0x8d, 0x98, 0x8d, 0x98, 0x8d,
    0x38, 0x6d, 0x38, 0x6d, 0x38, 0x6d, 0x38, 0x6d, 0x38, 0x6d, 0x38, 0x6d,
    0x38, 0x6d, 0x38, 0x6d, 0x38, 0x6d, 0x38, 0x6d, 0x38, 0x75, 0x58, 0x75,
    0x58, 0x75, 0x58, 0x75, 0x58, 0x75, 0x58, 0x75, 0x58, 0x75, 0x58, 0x75,
    0x58, 0x75, 0x58, 0x7d, 0x58, 0x7d, 0x78, 0x7d, 0x78, 0x7d, 0x58, 0x7d,
    0x78, 0x7d, 0x78, 0x7d, 0x78, 0x7d, 0x78, 0x7d, 0x78, 0x7d, 0x78, 0x7d,
    0x78, 0x7d, 0x79, 0x7d, 0x78, 0x7d, 0x78, 0x85, 0x79, 0x85, 0x99, 0x85,
    0x99, 0x85, 0x98, 0x85, 0x99, 0x85, 0x98, 0x85, 0x98, 0x85, 0x99, 0x85,
    0x99, 0x85, 0x99, 0x85, 0x99, 0x85, 0x99, 0x85, 0x99, 0x85, 0x99, 0x85,
    0x99, 0x85, 0x99, 0x85, 0x99, 0x85, 0x99, 0x85, 0x99, 0x85, 0x99, 0x85,
    0x99, 0x85, 0x99, 0x85, 0x99, 0x85, 0x99, 0x85, 0x99, 0x8d, 0xb9, 0x8d,
    0xb9, 0x85, 0xb9, 0x8d, 0xb9, 0x8d, 0xb9, 0x8d, 0xb9, 0x8d, 0xb9, 0x8d,
    0xb9, 0x8d, 0xb9, 0x8d, 0xb9, 0x95, 0xb9, 0x95, 0xb9, 0x95, 0xd9, 0x95,
    0xd9, 0x95, 0xd9, 0x9d, 0xf9, 0xa5, 0x19, 0xb6, 0x3a, 0xb6, 0xf9, 0xa5,
    0xf9, 0x9d, 0xf9, 0x9d, 0xf9, 0xa5, 0xf9, 0xa5, 0x19, 0xa6, 0x1a, 0xae,
    0x1a, 0xae, 0x1a, 0xae, 0x19, 0xae, 0x1a, 0xae, 0x3a, 0xae, 0x3a, 0xae,
    0x1a, 0xae, 0x1a, 0xa6, 0x1a, 0xa6, 0x1a, 0xa6, 0x1a, 0xa6, 0x1a, 0xa6,
    0x1a, 0xa6, 0x1a, 0xa6, 0x1a, 0xa6, 0x1a, 0xa6, 0x1a, 0xa6, 0x1a, 0xa6,
    0x1a, 0xa6, 0x1a, 0xa6, 0x1a, 0xae, 0x3a, 0xae, 0x5a, 0xb6, 0x5a, 0xbe,
    0x7a, 0xc6, 0x3a, 0xb6, 0x1a, 0xae, 0x1a, 0xae, 0x1a, 0xae, 0x1a, 0xa6,
    0x1a, 0xa6, 0x1a, 0xa6, 0x1a, 0xa6, 0x1a, 0xa6, 0x1a, 0xa6, 0x1a, 0xa6,
    0x1a, 0xa6, 0x1a, 0xa6, 0x1a, 0xa6, 0x1a, 0xa6, 0x1a, 0xa6, 0x1a, 0xa6,
    0x1a, 0xa6, 0x1a, 0xa6, 0x1a, 0xa6, 0x1a, 0xa6, 0x1a, 0xa6, 0x1a, 0xa6,
    0x1a, 0xa6, 0x1a, 0xa6, 0x1a, 0xa6, 0x1a, 0xa6, 0x1a, 0xa6, 0x1a, 0xa6,
    0x1a, 0xa6, 0x1a, 0xa6, 0x1a, 0xa6, 0x1a, 0xa6, 0x1a, 0xa6, 0x1a, 0xa6,
    0x1a, 0xa6, 0x1a, 0xa6, 0x1a, 0xa6, 0x1a, 0xa6, 0x1a, 0xa6, 0x1a, 0xa6,
    0x1a, 0xa6, 0x1a, 0xa6, 0x1a, 0xa6, 0x1a, 0xa6, 0xfa, 0x9d, 0xfa, 0x9d,
    0xfa, 0x9d, 0xfa, 0x9d, 0xfa, 0x9d, 0xfa, 0x9d, 0xfa, 0x9d, 0xfa, 0x9d,
    0xfa, 0x9d, 0xfa, 0x95, 0xfa, 0x95, 0xfa, 0x95, 0xda, 0x95, 0xda, 0x95,
    0xda, 0x95, 0xda, 0x95, 0xda, 0x95, 0xda, 0x95, 0xda, 0x95, 0xda, 0x95,
    0xda, 0x95, 0xda, 0x95, 0xda, 0x95, 0xda, 0x95, 0xda, 0x95, 0xda, 0x95,
    0xda, 0x95, 0xda, 0x95, 0xda, 0x95, 0xda, 0x95, 0xda, 0x95, 0xda, 0x95,
    0xda, 0x95, 0xda, 0x95, 0xda, 0x8d, 0xda, 0x95, 0xda, 0x8d, 0xd9, 0x8d,
    0xda, 0x8d, 0xda, 0x8d, 0xda, 0x8d, 0xda, 0x8d, 0xda, 0x8d, 0xda, 0x8d,
    0xda, 0x8d, 0xd9, 0x8d, 0xd9, 0x8d, 0xd9, 0x8d, 0xd9, 0x8d, 0xd9, 0x8d,
    0xd9, 0x8d, 0xb9, 0x8d, 0xb9, 0x8d, 0xb9, 0x8d, 0xb9, 0x8d, 0xb9, 0x8d,
    0xb9, 0x8d, 0xb9, 0x8d, 0xb9, 0x8d, 0xb9, 0x8d, 0xb9, 0x8d, 0xb9, 0x8d,
    0xb9, 0x8d, 0xb9, 0x8d, 0x99, 0x8d, 0x99, 0x8d, 0xb9, 0x8d, 0xb9, 0x8d,
    0xb9, 0x8d, 0xb9, 0x8d, 0x99, 0x8d, 0x99, 0x8d, 0x99, 0x8d, 0x99, 0x8d,
    0x99, 0x8d, 0x98, 0x8d, 0x38, 0x6d, 0x38, 0x6d, 0x38, 0x6d, 0x38, 0x6d,
    0x38, 0x6d, 0x38, 0x75, 0x38, 0x75, 0x38, 0x75, 0x58, 0x75, 0x58, 0x75,
    0x58, 0x75, 0x58, 0x75, 0x58, 0x75, 0x58, 0x75, 0x58, 0x75, 0x58, 0x75,
    0x58, 0x75, 0x58, 0x75, 0x58, 0x7d, 0x78, 0x7d, 0x78, 0x7d, 0x78, 0x7d,
    0x78, 0x7d, 0x78, 0x7d, 0x78, 0x7d, 0x78, 0x7d, 0x78, 0x7d, 0x78, 0x85,
    0x98, 0x85, 0x99, 0x85, 0x99, 0x85, 0x99, 0x85, 0x99, 0x85, 0x99, 0x85,
    0x99, 0x85, 0x99, 0x85, 0x99, 0x85, 0x99, 0x85, 0x99, 0x85, 0x99, 0x85,
    0x99, 0x85, 0x99, 0x85, 0x99, 0x85, 0x99, 0x85, 0x99, 0x85, 0x99, 0x85,
    0x99, 0x85, 0x99, 0x85, 0x99, 0x8d, 0xb9, 0x85, 0xb9, 0x8d, 0xb9, 0x8d,
    0xb9, 0x8d, 0xb9, 0x8d, 0xb9, 0x8d, 0xb9, 0x8d, 0xb9, 0x8d, 0xb9, 0x8d,
    0xb9, 0x8d, 0xb9, 0x8d, 0xb9, 0x8d, 0xb9, 0x8d, 0xb9, 0x8d, 0xb9, 0x8d,
    0xb9, 0x8d, 0xb9, 0x8d, 0xb9, 0x8d, 0xd9, 0x8d, 0xb9, 0x95, 0xb9, 0x95,
    0xd9, 0x95, 0xd9, 0x95, 0xf9, 0xa5, 0x19, 0xa6, 0x19, 0xae, 0x39, 0xb6,
    0x3a, 0xb6, 0x3a, 0xb6, 0xf9, 0xa5, 0xf9, 0x9d, 0xf9, 0x9d, 0xf9, 0x9d,
    0xfa, 0x9d, 0xfa, 0xa5, 0x1a, 0xa6, 0x1a, 0xa6, 0x1a, 0xa6, 0x1a, 0xa6,
    0x1a, 0xa6, 0x1a, 0xa6, 0x1a, 0xa6, 0x1a, 0xae, 0x1a, 0xae, 0x3a, 0xae,
    0x1a, 0xae, 0x1a, 0xa6, 0x1a, 0xa6, 0x1a, 0xa6, 0x1a, 0xa6, 0x1a, 0xa6,
    0x1a, 0xa6, 0x1a, 0xa6, 0x1a, 0xa6, 0x3a, 0xae, 0x3a, 0xae, 0x3a, 0xae,
    0x3a, 0xae, 0x3a, 0xae, 0x1a, 0xae, 0x1a, 0xae, 0x1a, 0xae, 0x1a, 0xa6,
    0x3a, 0xae, 0x3a, 0xae, 0x3a, 0xae, 0x3a, 0xae, 0x3a, 0xae, 0x3a, 0xae,
    0x1a, 0xae, 0x1a, 0xa6, 0x1a, 0xae, 0x3a, 0xae, 0x3a, 0xae, 0x1a, 0xae,
    0x1a, 0xa6, 0x1a, 0xa6, 0x1a, 0xa6, 0x1a, 0xa6, 0x1a, 0xa6, 0x1a, 0xa6,
    0x1a, 0xa6, 0x1a, 0xa6, 0x1a, 0xa6, 0x3a, 0xa6, 0x3a, 0xa6, 0x3a, 0xae,
    0x3a, 0xae, 0x3a, 0xae, 0x3a, 0xae, 0x1a, 0xa6, 0x1a, 0xa6, 0x3a, 0xa6,
    0x3a, 0xae, 0x1a, 0xa6, 0x1a, 0xa6, 0x1a, 0xa6, 0x1a, 0xa6, 0x1a, 0xa6,
    0x1a, 0xa6, 0x1a, 0xa6, 0x1a, 0xa6, 0x1a, 0xa6, 0x1a, 0xa6, 0x1a, 0xa6,
    0x1a, 0xa6, 0x1a, 0xa6, 0x1a, 0xa6, 0x1a, 0xa6, 0x1a, 0x9e, 0xfa, 0x9d,
    0xfa, 0x9d, 0xfa, 0x9d, 0xfa, 0x9d, 0xfa, 0x9d, 0xfa, 0x9d, 0xfa, 0x9d,
    0xfa, 0x9d, 0xfa, 0x9d, 0xfa, 0x9d, 0xfa, 0x9d, 0xfa, 0x95, 0xda, 0x95,
    0xda, 0x95, 0xda, 0x95, 0xda, 0x95, 0xfa, 0x95, 0xfa, 0x95, 0xfa, 0x95,
    0xfa, 0x95, 0xfa, 0x95, 0xfa, 0x95, 0xfa, 0x95, 0xfa, 0x95, 0xda, 0x95,
    0xda, 0x95, 0xda, 0x95, 0xda, 0x95, 0xda, 0x95, 0xda, 0x95, 0xda, 0x95,
    0xda, 0x95, 0xda, 0x95, 0xda, 0x95, 0xda, 0x95, 0xda, 0x95, 0xda, 0x95,
    0xda, 0x95, 0xda, 0x95, 0xda, 0x95, 0xd9, 0x95, 0xda, 0x95, 0xda, 0x95,
    0xd9, 0x95, 0xda, 0x95, 0xd9, 0x95, 0xd9, 0x8d, 0xb9, 0x8d, 0xb9, 0x8d,
    0xb9, 0x8d, 0xb9, 0x8d, 0xb9, 0x8d, 0xb9, 0x8d, 0xb9, 0x8d, 0xb9, 0x8d,
    0xb9, 0x8d, 0xb9, 0x8d, 0xb9, 0x8d, 0xb9, 0x8d, 0xb9, 0x8d, 0xb9, 0x8d,
    0xb9, 0x8d, 0xb9, 0x8d, 0xb9, 0x8d, 0xb9, 0x8d, 0x99, 0x8d, 0x98, 0x8d,
    0x98, 0x8d, 0x98, 0x8d, 0x99, 0x8d, 0x99, 0x8d, 0x58, 0x75, 0x58, 0x75,
    0x58, 0x75, 0x58, 0x75, 0x58, 0x75, 0x38, 0x75, 0x58, 0x75, 0x58, 0x75,
    0x58, 0x75, 0x58, 0x75, 0x58, 0x75, 0x58, 0x75, 0x58, 0x75, 0x58, 0x75,
    0x58, 0x75, 0x58, 0x75, 0x58, 0x7d, 0x78, 0x7d, 0x78, 0x7d, 0x78, 0x7d,
    0x78, 0x7d, 0x78, 0x7d, 0x78, 0x7d, 0x78, 0x85, 0x98, 0x85, 0x98, 0x85,
    0x98, 0x85, 0x98, 0x85, 0x99, 0x85, 0xb9, 0x8d, 0xb9, 0x85, 0x99, 0x85,
    0x99, 0x85, 0xb9, 0x8d, 0xb9, 0x8d, 0xb9, 0x8d, 0xb9, 0x8d, 0xb9, 0x8d,
    0xb9, 0x8d, 0x99, 0x8d, 0x99, 0x8d, 0x99, 0x85, 0xb9, 0x85, 0x99, 0x85,
    0x99, 0x8d, 0x99, 0x8d, 0x99, 0x8d, 0xb9, 0x8d, 0xb9, 0x8d, 0xb9, 0x8d,
    0xb9, 0x8d, 0xb9, 0x8d, 0xb9, 0x8d, 0xb9, 0x8d, 0xb9, 0x8d, 0xb9, 0x8d,
    0xb9, 0x8d, 0xb9, 0x8d, 0xb9, 0x8d, 0xb9, 0x8d, 0xb9, 0x8d, 0xb9, 0x8d,
    0xb9, 0x8d, 0xb9, 0x8d, 0xb9, 0x8d, 0xd9, 0x8d, 0xd9, 0x8d, 0xd9, 0x95,
    0xd9, 0x95, 0xd9, 0x95, 0xd9, 0x95, 0xd9, 0x95, 0xf9, 0x9d, 0x1a, 0xa6,
    0x19, 0xb6, 0x3a, 0xb6, 0x5a, 0xbe, 0x3a, 0xb6, 0x1a, 0xae, 0x1a, 0xa6,
    0xfa, 0x9d, 0xfa, 0x9d, 0xfa, 0x9d, 0xfa, 0x9d, 0xfa, 0x9d, 0xfa, 0xa5,
    0x1a, 0xa6, 0x1a, 0xa6, 0x1a, 0xa6, 0x1a, 0xa6, 0x1a, 0xa6, 0x1a, 0xa6,
    0x1a, 0xa6, 0x1a, 0xa6, 0x1a, 0xa6, 0x1a, 0xa6, 0x1a, 0xa6, 0x1a, 0xa6,
    0x1a, 0xa6, 0x1a, 0xa6, 0x3a, 0xa6, 0x3a, 0xae, 0x3a, 0xae, 0x3a, 0xae,
    0x3a, 0xae, 0x3a, 0xae, 0x3a, 0xae, 0x3a, 0xae, 0x3a, 0xae, 0x3a, 0xae,
    0x3a, 0xae, 0x3a, 0xae, 0x3a, 0xae, 0x3a, 0xae, 0x3a, 0xae, 0x3a, 0xae,
    0x3a, 0xae, 0x3a, 0xae, 0x3a, 0xae, 0x3a, 0xae, 0x3a, 0xae, 0x3a, 0xae,
    0x3a, 0xae, 0x3a, 0xae, 0x3a, 0xae, 0x3a, 0xae, 0x3a, 0xae, 0x3a, 0xae,
    0x3a, 0xae, 0x3a, 0xae, 0x3a, 0xae, 0x3a, 0xae, 0x3a, 0xa6, 0x3a, 0xae,
    0x3a, 0xae, 0x3a, 0xae, 0x3a, 0xae, 0x3a, 0xae, 0x3a, 0xae, 0x3a, 0xae,
    0x3a, 0xae, 0x3a, 0xae, 0x3a, 0xae, 0x3a, 0xae, 0x3a, 0xae, 0x3a, 0xa6,
    0x3a, 0xa6, 0x1a, 0xa6, 0x1a, 0xa6, 0x1a, 0xa6, 0x1a, 0xa6, 0x1a, 0xa6,
    0x1a, 0xa6, 0x1a, 0xa6, 0x1a, 0xa6, 0x1a, 0xa6, 0x1a, 0xa6, 0x1a, 0xa6,
    0x1a, 0xa6, 0x1a, 0xa6, 0x1a, 0xa6, 0x1a, 0x9e, 0x1a, 0x9e, 0x1a, 0x9e,
    0x1a, 0x9e, 0x1a, 0x9e, 0xfa, 0x9d, 0xfa, 0xa5, 0xfa, 0x9d, 0xfa, 0x9d,
    0xfa, 0x9d, 0xfa, 0x9d, 0xfa, 0x95, 0xfa, 0x9d, 0xfa, 0x9d, 0xfa, 0x9d,
    0xfa, 0x9d, 0xfa, 0x9d, 0xfa, 0x9d, 0xfa, 0x9d, 0xfa, 0x9d, 0xfa, 0x9d,
    0xfa, 0x9d, 0xfa, 0x9d, 0xfa, 0x95, 0xfa, 0x95, 0xfa, 0x95, 0xfa, 0x95,
    0xda, 0x95, 0xfa, 0x95, 0xda, 0x95, 0xda, 0x95, 0xda, 0x95, 0xda, 0x95,
    0xda, 0x95, 0xda, 0x95, 0xda, 0x95, 0xda, 0x95, 0xda, 0x95, 0xda, 0x95,
    0xda, 0x95, 0xda, 0x95, 0xda, 0x95, 0xda, 0x95, 0xda, 0x95, 0xda, 0x95,
    0xd9, 0x95, 0xd9, 0x8d, 0xb9, 0x95, 0xb9, 0x8d, 0xb9, 0x8d, 0xb9, 0x8d,
    0xb9, 0x8d, 0xb9, 0x8d, 0xb9, 0x8d, 0xb9, 0x8d, 0xb9, 0x8d, 0xb9, 0x8d,
    0xb9, 0x95, 0xb9, 0x8d, 0xb9, 0x8d, 0xb9, 0x8d, 0xb9, 0x8d, 0xb9, 0x8d,
    0x98, 0x8d, 0x57, 0x85, 0x57, 0x85, 0x98, 0x8d, 0xb9, 0x8d, 0xb9, 0x8d,
    0x58, 0x75, 0x58, 0x75, 0x58, 0x75, 0x58, 0x75, 0x58, 0x75, 0x58, 0x75,
    0x58, 0x75, 0x58, 0x75, 0x58, 0x75, 0x58, 0x75, 0x58, 0x75, 0x58, 0x75,
    0x58, 0x75, 0x58, 0x7d, 0x58, 0x7d, 0x58, 0x7d, 0x78, 0x7d, 0x78, 0x7d,
    0x78, 0x7d, 0x78, 0x7d, 0x78, 0x7d, 0x78, 0x7d, 0x98, 0x85, 0x98, 0x85,
    0x99, 0x85, 0x98, 0x85, 0x99, 0x85, 0x99, 0x85, 0xb9, 0x85, 0xb9, 0x8d,
    0xb9, 0x8d, 0xb9, 0x8d, 0xb9, 0x8d, 0xb9, 0x8d, 0xb9, 0x8d, 0xb9, 0x8d,
    0xb9, 0x8d, 0xb9, 0x8d, 0xb9, 0x8d, 0xb9, 0x8d, 0xb9, 0x8d, 0xb9, 0x8d,
    0xb9, 0x8d, 0xb9, 0x8d, 0xb9, 0x8d, 0xb9, 0x8d, 0xb9, 0x8d, 0xb9, 0x8d,
    0xb9, 0x8d, 0xb9, 0x8d, 0xb9, 0x8d, 0xd9, 0x8d, 0xd9, 0x8d, 0xb9, 0x8d,
    0xb9, 0x8d, 0xb9, 0x8d, 0xb9, 0x8d, 0xb9, 0x8d, 0xb9, 0x8d, 0xb9, 0x8d,
    0xd9, 0x95, 0xd9, 0x95, 0xd9, 0x95, 0xd9, 0x95, 0xd9, 0x95, 0xd9, 0x95,
    0xd9, 0x95, 0xd9, 0x95, 0xd9, 0x95, 0xda, 0x95, 0xda, 0x95, 0xfa, 0x9d,
    0xfa, 0x9d, 0x1a, 0xae, 0x1a, 0xae, 0x3a, 0xb6, 0x5a, 0xbe, 0x3a, 0xbe,
    0x3a, 0xb6, 0x3a, 0xae, 0x1a, 0xae, 0x1a, 0xa6, 0xfa, 0x9d, 0xfa, 0x9d,
    0xfa, 0x9d, 0xfa, 0x9d, 0x1a, 0xa6, 0x1a, 0xa6, 0x1a, 0xa6, 0x1a, 0xae,
    0x3a, 0xb6, 0x3a, 0xae, 0x1a, 0xae, 0x1a, 0xa6, 0x1a, 0xa6, 0x1a, 0xa6,
    0x1a, 0xa6, 0x1a, 0xa6, 0x3a, 0xae, 0x3a, 0xae, 0x3a, 0xae, 0x3a, 0xae,
    0x3a, 0xae, 0x3a, 0xae, 0x3a, 0xae, 0x3a, 0xae, 0x3a, 0xae, 0x3a, 0xae,
    0x5a, 0xb6, 0x5a, 0xbe, 0x3a, 0xae, 0x3a, 0xae, 0x3a, 0xae, 0x3a, 0xae,
    0x3a, 0xae, 0x3a, 0xae, 0x5a, 0xae, 0x5a, 0xb6, 0x3a, 0xae, 0x3a, 0xae,
    0x3a, 0xae, 0x3a, 0xae, 0x5b, 0xb6, 0x5b, 0xb6, 0x5a, 0xb6, 0x3a, 0xae,
    0x3a, 0xae, 0x3a, 0xae, 0x3a, 0xae, 0x3a, 0xae, 0x3a, 0xae, 0x3a, 0xae,
    0x3a, 0xae, 0x3a, 0xae, 0x3b, 0xae, 0x5a, 0xae, 0x5b, 0xae, 0x5a, 0xae,
    0x3a, 0xae, 0x3a, 0xae, 0x3a, 0xae, 0x3a, 0xae, 0x3a, 0xae, 0x3b, 0xae,
    0x3a, 0xae, 0x3a, 0xae, 0x3a, 0xae, 0x3a, 0xae, 0x3a, 0xa6, 0x1a, 0xa6,
    0x1a, 0xa6, 0x1a, 0xa6, 0x1a, 0xa6, 0x1a, 0xa6, 0x1a, 0xa6, 0x1a, 0xa6,
    0x1a, 0xa6, 0x1a, 0xa6, 0x3b, 0xa6, 0x1a, 0xa6, 0x1a, 0xa6, 0x1a, 0xa6,
    0x1a, 0xa6, 0x1a, 0xa6, 0x1a, 0xa6, 0x1a, 0xa6, 0x1a, 0xa6, 0x1a, 0xa6,
    0x1a, 0xa6, 0x1a, 0x9e, 0xfa, 0x9d, 0xfa, 0x9d, 0xfa, 0x9d, 0xfa, 0x9d,
    0xfa, 0x9d, 0xfa, 0x9d, 0xfa, 0x9d, 0xfa, 0x9d, 0xfa, 0x9d, 0xfa, 0x9d,
    0xfa, 0x9d, 0xfa, 0x9d, 0xfa, 0x9d, 0xfa, 0x9d, 0xfa, 0x9d, 0xfa, 0x9d,
    0xfa, 0x95, 0xfa, 0x95, 0xfa, 0x95, 0xfa, 0x95, 0xfa, 0x95, 0xfa, 0x95,
    0xfa, 0x95, 0xfa, 0x95, 0xda, 0x95, 0xda, 0x95, 0xda, 0x95, 0xda, 0x95,
    0xda, 0x95, 0xda, 0x95, 0xda, 0x95, 0xda, 0x95, 0xda, 0x95, 0xda, 0x95,
    0xda, 0x95, 0xda, 0x95, 0xda, 0x95, 0xda, 0x95, 0xd9, 0x95, 0xd9, 0x95,
    0xd9, 0x95, 0xd9, 0x95, 0xd9, 0x95, 0xd9, 0x95, 0xb9, 0x95, 0xb9, 0x95,
    0xd9, 0x95, 0xb9, 0x95, 0xd9, 0x95, 0xd9, 0x95, 0xb9, 0x95, 0xb9, 0x95,
    0xb9, 0x95, 0x99, 0x8d, 0x57, 0x8d, 0x57, 0x8d, 0x98, 0x8d, 0x98, 0x8d,
    0xb9, 0x8d, 0xb9, 0x8d, 0x58, 0x75, 0x78, 0x75, 0x58, 0x75, 0x58, 0x75,
    0x58, 0x75, 0x58, 0x75, 0x58, 0x75, 0x58, 0x75, 0x58, 0x75, 0x58, 0x7d,
    0x78, 0x7d, 0x78, 0x7d, 0x78, 0x7d, 0x78, 0x7d, 0x78, 0x7d, 0x78, 0x7d,
    0x78, 0x7d, 0x78, 0x7d, 0x78, 0x85, 0x98, 0x85, 0x98, 0x85, 0x98, 0x85,
    0x99, 0x85, 0x99, 0x85, 0x99, 0x85, 0x99, 0x85, 0x99, 0x85, 0x99, 0x85,
    0x99, 0x8d, 0xb9, 0x8d, 0xb9, 0x8d, 0xb9, 0x8d, 0xb9, 0x8d, 0xb9, 0x8d,
    0xb9, 0x8d, 0xb9, 0x8d, 0xb9, 0x8d, 0xb9, 0x95, 0xd9, 0x95, 0xb9, 0x8d,
    0xb9, 0x95, 0xb9, 0x8d, 0xb9, 0x8d, 0xb9, 0x8d, 0xb9, 0x8d, 0xb9, 0x8d,
    0xb9, 0x8d, 0xb9, 0x8d, 0xb9, 0x8d, 0xb9, 0x8d, 0xd9, 0x95, 0xd9, 0x95,
    0xd9, 0x95, 0xd9, 0x95, 0xd9, 0x95, 0xd9, 0x95, 0xd9, 0x95, 0xd9, 0x95,
    0xd9, 0x95, 0xd9, 0x95, 0xd9, 0x95, 0xd9, 0x95, 0xd9, 0x95, 0xd9, 0x95,
    0xd9, 0x95, 0xda, 0x95, 0xda, 0x95, 0xd9, 0x95, 0xd9, 0x95, 0xda, 0x95,
    0xfa, 0x9d, 0xfa, 0x9d, 0xfa, 0x9d, 0xfa, 0xa5, 0x1a, 0xae, 0x5a, 0xbe,
    0x5a, 0xb6, 0x5a, 0xbe, 0x5a, 0xbe, 0x9a, 0xce, 0x9b, 0xce, 0x7b, 0xc6,
    0x3a, 0xae, 0x1a, 0x9e, 0x1a, 0xa6, 0x1a, 0xa6, 0x1a, 0xa6, 0x3a, 0xa6,
    0x3a, 0xae, 0x1a, 0xae, 0x3a, 0xb6, 0x3a, 0xb6, 0x3a, 0xae, 0x3a, 0xae,
    0x1a, 0xa6, 0x1a, 0xa6, 0x1a, 0xa6, 0x3a, 0xa6, 0x3a, 0xae, 0x3a, 0xae,
    0x3a, 0xae, 0x3a, 0xae, 0x3a, 0xae, 0x3a, 0xae, 0x3a, 0xae, 0x3a, 0xae,
    0x3a, 0xae, 0x5b, 0xb6, 0x9b, 0xc6, 0xbb, 0xce, 0x7b, 0xbe, 0x3a, 0xb6,
    0x3a, 0xae, 0x5a, 0xae, 0x5a, 0xae, 0x5a, 0xae, 0x5b, 0xb6, 0x7b, 0xbe,
    0x5b, 0xb6, 0x5a, 0xb6, 0x5a, 0xb6, 0x5b, 0xb6, 0x5b, 0xb6, 0x5b, 0xb6,
    0x5b, 0xb6, 0x5b, 0xb6, 0x7b, 0xb6, 0x7b, 0xb6, 0x5b, 0xb6, 0x5b, 0xb6,
    0x5b, 0xb6, 0x5b, 0xb6, 0x5b, 0xb6, 0x5b, 0xae, 0x5b, 0xae, 0x5b, 0xb6,
    0x5b, 0xb6, 0x5a, 0xb6, 0x5a, 0xb6, 0x5a, 0xae, 0x5a, 0xae, 0x5b, 0xae,
    0x5b, 0xae, 0x5b, 0xae, 0x5b, 0xae, 0x3a, 0xae, 0x3a, 0xae, 0x3a, 0xae,
    0x3a, 0xae, 0x3a, 0xae, 0x3a, 0xae, 0x1a, 0xa6, 0x3a, 0xa6, 0x1a, 0xa6,
    0x3a, 0xa6, 0x3a, 0xa6, 0x3a, 0xa6, 0x3a, 0xa6, 0x3a, 0xa6, 0x3a, 0xa6,
    0x1a, 0xa6, 0x1a, 0xa6, 0x3a, 0xa6, 0x1a, 0xa6, 0x3a, 0xa6, 0x3a, 0xae,
    0x3a, 0xae, 0x3a, 0xae, 0x1a, 0xa6, 0x1a, 0xa6, 0x1a, 0xa6, 0x1a, 0x9e,
    0x1a, 0x9e, 0x1a, 0x9e, 0x1a, 0x9e, 0x1a, 0x9e, 0x1a, 0x9e, 0x1a, 0x9e,
    0x1a, 0x9e, 0x1a, 0x9e, 0x1a, 0x9e, 0x1a, 0x9e, 0xfa, 0x9d, 0xfa, 0x9d,
    0xfa, 0x9d, 0xfa, 0x9d, 0xfa, 0x9d, 0xfa, 0x9d, 0xfa, 0x9d, 0xfa, 0x9d,
    0xfa, 0x95, 0xfa, 0x9d, 0xfa, 0x9d, 0xfa, 0x95, 0xfa, 0x95, 0xfa, 0x95,
    0xfa, 0x9d, 0xfa, 0x9d, 0xfa, 0x95, 0xfa, 0x95, 0xfa, 0x95, 0xda, 0x95,
    0xda, 0x95, 0xda, 0x95, 0xda, 0x95, 0xda, 0x95, 0xda, 0x95, 0xda, 0x95,
    0xda, 0x95, 0xd9, 0x95, 0xda, 0x95, 0xd9, 0x95, 0xda, 0x95, 0xd9, 0x95,
    0xd9, 0x95, 0xd9, 0x95, 0xd9, 0x95, 0xd9, 0x95, 0xd9, 0x95, 0xd9, 0x95,
    0xd9, 0x95, 0xb9, 0x95, 0xb9, 0x95, 0x98, 0x8d, 0x98, 0x95, 0x98, 0x95,
    0x98, 0x95, 0xb8, 0x95, 0xb9, 0x95, 0xb9, 0x95, 0x58, 0x75, 0x78, 0x75,
    0x78, 0x75, 0x58, 0x75, 0x78, 0x7d, 0x78, 0x7d, 0x78, 0x7d, 0x78, 0x7d,
    0x78, 0x7d, 0x78, 0x7d, 0x78, 0x7d, 0x78, 0x7d, 0x78, 0x7d, 0x78, 0x7d,
    0x78, 0x7d, 0x78, 0x7d, 0x98, 0x85, 0x98, 0x85, 0x98, 0x85, 0x99, 0x85,
    0x99, 0x85, 0x99, 0x85, 0xb9, 0x85, 0xb9, 0x85, 0xb9, 0x85, 0x99, 0x8d,
    0x99, 0x8d, 0x99, 0x8d, 0x99, 0x8d, 0xb9, 0x8d, 0xb9, 0x8d, 0xb9, 0x8d,
    0xb9, 0x8d, 0xb9, 0x8d, 0xb9, 0x8d, 0xd9, 0x95, 0xd9, 0x95, 0xd9, 0x95,
    0xd9, 0x95, 0xd9, 0x95, 0xd9, 0x95, 0xd9, 0x95, 0xd9, 0x95, 0xd9, 0x95,
    0xd9, 0x95, 0xd9, 0x95, 0xd9, 0x95, 0xd9, 0x95, 0xd9, 0x95, 0xd9, 0x95,
    0xd9, 0x95, 0xd9, 0x95, 0xd9, 0x95, 0xd9, 0x95, 0xd9, 0x95, 0xd9, 0x95,
    0xd9, 0x95, 0xd9, 0x95, 0xd9, 0x95, 0xd9, 0x95, 0xd9, 0x95, 0xd9, 0x95,
    0xda, 0x95, 0xfa, 0x95, 0xfa, 0x95, 0xda, 0x95, 0xda, 0x95, 0xd9, 0x95,
    0xda, 0x95, 0xda, 0x9d, 0xfa, 0x9d, 0xfa, 0x9d, 0xfa, 0x9d, 0xfa, 0x9d,
    0x1a, 0xa6, 0x5a, 0xb6, 0x5a, 0xbe, 0x7a, 0xc6, 0x9a, 0xce, 0x7a, 0xc6,
    0x5a, 0xbe, 0x3a, 0xae, 0x1a, 0xa6, 0x1a, 0xa6, 0x1a, 0xa6, 0x1a, 0xa6,
    0x3a, 0xae, 0x5b, 0xbe, 0x7b, 0xc6, 0x5a, 0xb6, 0x1a, 0xae, 0x3a, 0xb6,
    0x7b, 0xbe, 0x5a, 0xb6, 0x3a, 0xae, 0x3a, 0xae, 0x3a, 0xa6, 0x3a, 0xae,
    0x3a, 0xae, 0x3a, 0xae, 0x3a, 0xae, 0x3a, 0xae, 0x3a, 0xae, 0x3a, 0xae,
    0x5a, 0xb6, 0x5a, 0xb6, 0x5a, 0xb6, 0x9b, 0xbe, 0xfb, 0xde, 0xfb, 0xde,
    0x7b, 0xbe, 0x7b, 0xbe, 0x5b, 0xb6, 0x5a, 0xb6, 0x5b, 0xae, 0x5b, 0xb6,
    0x5b, 0xb6, 0x5b, 0xb6, 0x5b, 0xb6, 0x5a, 0xb6, 0x5b, 0xb6, 0x5b, 0xb6,
    0x7b, 0xb6, 0x5b, 0xb6, 0x7b, 0xb6, 0x7b, 0xbe, 0x9b, 0xc6, 0x9b, 0xc6,
    0x9b, 0xc6, 0x7b, 0xbe, 0x7b, 0xb6, 0x7b, 0xb6, 0x7b, 0xb6, 0x5b, 0xb6,
    0x7b, 0xb6, 0x7b, 0xb6, 0x7b, 0xb6, 0x7b, 0xbe, 0x7b, 0xbe, 0x5a, 0xb6,
    0x5a, 0xb6, 0x5b, 0xb6, 0x5b, 0xb6, 0x5b, 0xb6, 0x5b, 0xae, 0x5b, 0xae,
    0x5a, 0xae, 0x5a, 0xae, 0x3a, 0xae, 0x3a, 0xae, 0x3a, 0xae, 0x3b, 0xae,
    0x3b, 0xae, 0x3b, 0xae, 0x3a, 0xae, 0x3a, 0xae, 0x3b, 0xae, 0x3a, 0xae,
    0x3a, 0xae, 0x3a, 0xa6, 0x3a, 0xa6, 0x3a, 0xa6, 0x3a, 0xa6, 0x3b, 0xae,
    0x5b, 0xae, 0x5b, 0xae, 0x3a, 0xae, 0x3a, 0xae, 0x3a, 0xae, 0x3a, 0xa6,
    0x3a, 0xa6, 0x1a, 0xa6, 0x1a, 0xa6, 0x1a, 0xa6, 0x1a, 0xa6, 0x1a, 0x9e,
    0x1a, 0xa6, 0x1a, 0xa6, 0x1a, 0xa6, 0x1a, 0xa6, 0x1a, 0xa6, 0x1a, 0xa6,
    0x1a, 0xa6, 0x1a, 0xa6, 0x1a, 0x9e, 0xfa, 0x9d, 0xfa, 0x9d, 0xfa, 0x9d,
    0xfa, 0x9d, 0xfa, 0x9d, 0xfa, 0x9d, 0xfa, 0x9d, 0xfa, 0x9d, 0x1a, 0x9e,
    0xfa, 0x9d, 0xfa, 0x9d, 0xfa, 0x9d, 0xfa, 0x9d, 0xfa, 0x9d, 0xfa, 0x9d,
    0xfa, 0x9d, 0xfa, 0x9d, 0xfa, 0x9d, 0xfa, 0x9d, 0xda, 0x95, 0xda, 0x95,
    0xda, 0x95, 0xda, 0x95, 0xda, 0x95, 0xda, 0x95, 0xda, 0x95, 0xda, 0x95,
    0xda, 0x95, 0xd9, 0x95, 0xd9, 0x95, 0xd9, 0x95, 0xd9, 0x95, 0xd9, 0x95,
    0xd9, 0x95, 0xd9, 0x95, 0xb9, 0x95, 0xb9, 0x95, 0xb9, 0x95, 0xb9, 0x95,
    0x98, 0x95, 0x98, 0x95, 0xb9, 0x95, 0xb9, 0x95, 0xb9, 0x95, 0xb9, 0x95,
    0x78, 0x7d, 0x78, 0x7d, 0x78, 0x7d, 0x78, 0x7d, 0x78, 0x7d, 0x78, 0x7d,
    0x78, 0x7d, 0x78, 0x7d, 0x78, 0x7d, 0x78, 0x7d, 0x98, 0x7d, 0x98, 0x7d,
    0x78, 0x85, 0x98, 0x7d, 0x98, 0x85, 0x98, 0x85, 0x98, 0x85, 0x99, 0x85,
    0x99, 0x85, 0xb9, 0x85, 0xb9, 0x85, 0xb9, 0x85, 0xb9, 0x8d, 0xb9, 0x8d,
    0xb9, 0x8d, 0xb9, 0x8d, 0xb9, 0x8d, 0xb9, 0x8d, 0xb9, 0x8d, 0xb9, 0x8d,
    0xb9, 0x8d, 0xb9, 0x8d, 0xd9, 0x8d, 0xd9, 0x8d, 0xd9, 0x8d, 0xd9, 0x95,
    0xd9, 0x95, 0xd9, 0x95, 0xd9, 0x95, 0xd9, 0x95, 0xd9, 0x95, 0xd9, 0x95,
    0xf9, 0x9d, 0xf9, 0x9d, 0xf9, 0x9d, 0xd9, 0x9d, 0xd9, 0x9d, 0xd9, 0x95,
    0xd9, 0x95, 0xd9, 0x95, 0xf9, 0x9d, 0xd9, 0x95, 0xd9, 0x95, 0xda, 0x95,
    0xd9, 0x95, 0xd9, 0x95, 0xd9, 0x95, 0xd9, 0x95, 0xda, 0x95, 0xd9, 0x95,
    0xfa, 0x9d, 0xfa, 0x9d, 0xfa, 0x9d, 0xfa, 0x9d, 0xfa, 0x9d, 0xfa, 0x9d,
    0xfa, 0x9d, 0xfa, 0x9d, 0xfa, 0x9d, 0xfa, 0x9d, 0xfa, 0x9d, 0xfa, 0x9d,
    0xfa, 0x9d, 0x1a, 0x9e, 0x1a, 0xa6, 0x3a, 0xae, 0x5a, 0xb6, 0x7a, 0xc6,
    0x5a, 0xbe, 0x5a, 0xbe, 0x5a, 0xb6, 0x3a, 0xae, 0x1a, 0xa6, 0x1a, 0xa6,
    0x3a, 0xa6, 0x3a, 0xae, 0x5a, 0xb6, 0x5a, 0xb6, 0x5b, 0xb6, 0x5a, 0xb6,
    0x3a, 0xae, 0x3a, 0xae, 0x5a, 0xb6, 0x5b, 0xb6, 0x3a, 0xae, 0x3a, 0xae,
    0x3a, 0xae, 0x3a, 0xae, 0x3a, 0xae, 0x3a, 0xae, 0x3a, 0xae, 0x3a, 0xae,
    0x3a, 0xae, 0x5a, 0xb6, 0x7b, 0xbe, 0x9b, 0xc6, 0x7b, 0xbe, 0x7b, 0xbe,
    0x9b, 0xc6, 0x9b, 0xbe, 0x7b, 0xb6, 0x5b, 0xb6, 0x5b, 0xb6, 0x5b, 0xb6,
    0x5b, 0xb6, 0x5b, 0xb6, 0x5b, 0xb6, 0x5b, 0xb6, 0x5b, 0xb6, 0x5b, 0xb6,
    0x5b, 0xb6, 0x7b, 0xbe, 0x9b, 0xc6, 0x9b, 0xc6, 0x7b, 0xbe, 0xbb, 0xce,
    0xbb, 0xce, 0xbb, 0xc6, 0xdb, 0xd6, 0xbb, 0xce, 0xbb, 0xce, 0xdb, 0xd6,
    0xbb, 0xce, 0x9b, 0xbe, 0x7b, 0xbe, 0x7b, 0xbe, 0x7b, 0xbe, 0x9b, 0xc6,
    0xbb, 0xce, 0x7b, 0xbe, 0x7b, 0xb6, 0x7b, 0xb6, 0x7b, 0xb6, 0x5b, 0xb6,
    0x5b, 0xae, 0x5b, 0xae, 0x5b, 0xae, 0x5b, 0xae, 0x5b, 0xae, 0x5b, 0xae,
    0x5b, 0xae, 0x5b, 0xae, 0x5b, 0xae, 0x5b, 0xae, 0x3b, 0xae, 0x3b, 0xae,
    0x3b, 0xae, 0x3b, 0xae, 0x3b, 0xae, 0x3b, 0xae, 0x3b, 0xae, 0x3b, 0xae,
    0x3b, 0xae, 0x5b, 0xae, 0x5b, 0xb6, 0x5b, 0xb6, 0x3a, 0xae, 0x3b, 0xae,
    0x5b, 0xae, 0x3a, 0xae, 0x3b, 0xa6, 0x3a, 0xa6, 0x3b, 0xa6, 0x3b, 0xa6,
    0x1b, 0xa6, 0x3a, 0xa6, 0x3a, 0xa6, 0x3b, 0xa6, 0x3b, 0xa6, 0x3a, 0xa6,
    0x3a, 0xa6, 0x1a, 0xa6, 0x1a, 0xa6, 0x1a, 0xa6, 0x1a, 0xa6, 0x1a, 0x9e,
    0x1a, 0x9e, 0x1a, 0x9e, 0x1a, 0x9e, 0x1a, 0x9e, 0x1a, 0x9e, 0x1a, 0x9e,
    0x1a, 0x9e, 0x1a, 0x9e, 0x1a, 0x9e, 0x1a, 0x9e, 0x1a, 0x9e, 0x1a, 0x9e,
    0xfa, 0x9d, 0xfa, 0x9d, 0xfa, 0x9d, 0xfa, 0x9d, 0xfa, 0x9d, 0xfa, 0x9d,
    0xfa, 0x9d, 0xfa, 0x9d, 0xfa, 0x9d, 0xfa, 0x9d, 0xda, 0x95, 0xda, 0x95,
    0xda, 0x95, 0xda, 0x9d, 0xfa, 0x9d, 0xda, 0x95, 0xda, 0x95, 0xda, 0x95,
    0xd9, 0x95, 0xd9, 0x95, 0xd9, 0x95, 0xd9, 0x95, 0xd9, 0x95, 0xd9, 0x95,
    0xd9, 0x95, 0xd9, 0x95, 0xb8, 0x95, 0xd9, 0x95, 0xd9, 0x95, 0xd9, 0x95,
    0xd9, 0x95, 0xb9, 0x95, 0x78, 0x7d, 0x98, 0x7d, 0x98, 0x7d, 0x98, 0x7d,
    0x98, 0x7d, 0x78, 0x7d, 0x78, 0x7d, 0x98, 0x7d, 0x98, 0x7d, 0x98, 0x7d,
    0x98, 0x85, 0x98, 0x85, 0x98, 0x85, 0x98, 0x85, 0x99, 0x85, 0xb9, 0x85,
    0x99, 0x85, 0xb9, 0x85, 0xb9, 0x85, 0xb9, 0x85, 0xb9, 0x8d, 0xb9, 0x8d,
    0xb9, 0x8d, 0xb9, 0x8d, 0xb9, 0x8d, 0xb9, 0x8d, 0xb9, 0x8d, 0xd9, 0x95,
    0xd9, 0x95, 0xd9, 0x95, 0xd9, 0x95, 0xd9, 0x95, 0xd9, 0x95, 0xd9, 0x95,
    0xd9, 0x95, 0xd9, 0x95, 0xd9, 0x95, 0xd9, 0x95, 0xd9, 0x95, 0xd9, 0x95,
    0xd9, 0x95, 0xd9, 0x95, 0xf9, 0x9d, 0xf9, 0x9d, 0xf9, 0x9d, 0xfa, 0x9d,
    0xf9, 0x9d, 0xfa, 0x9d, 0xfa, 0x9d, 0xfa, 0x9d, 0xfa, 0x9d, 0xfa, 0x9d,
    0xfa, 0x9d, 0xfa, 0x9d, 0xfa, 0x9d, 0xfa, 0x9d, 0xfa, 0x9d, 0xfa, 0x9d,
    0xf9, 0x9d, 0xfa, 0x9d, 0xfa, 0x9d, 0xfa, 0x9d, 0xfa, 0x9d, 0xfa, 0x9d,
    0xfa, 0x9d, 0xfa, 0x9d, 0xfa, 0x9d, 0xfa, 0x9d, 0xfa, 0x9d, 0xfa, 0x9d,
    0xfa, 0x9d, 0xfa, 0x9d, 0x1a, 0xa6, 0x1a, 0xa6, 0x3a, 0xae, 0x3a, 0xae,
    0x5a, 0xb6, 0x7a, 0xbe, 0x5a, 0xbe, 0x3a, 0xae, 0x3a, 0xae, 0x3a, 0xae,
    0x1a, 0xa6, 0x3a, 0xae, 0x5a, 0xbe, 0x7a, 0xc6, 0xbb, 0xce, 0x7b, 0xc6,
    0x5a, 0xae, 0x3a, 0xae, 0x3a, 0xae, 0x3a, 0xae, 0x3a, 0xae, 0x3a, 0xae,
    0x3a, 0xb6, 0x5a, 0xb6, 0x5a, 0xb6, 0x5a, 0xae, 0x5a, 0xae, 0x5a, 0xae,
    0x5a, 0xb6, 0x5a, 0xb6, 0x5b, 0xb6, 0x7b, 0xbe, 0x7b, 0xbe, 0x9b, 0xbe,
    0x7b, 0xbe, 0x7b, 0xbe, 0x7b, 0xbe, 0x7b, 0xb6, 0x5b, 0xb6, 0x5b, 0xb6,
    0x5b, 0xb6, 0x5b, 0xb6, 0x5b, 0xb6, 0x5b, 0xb6, 0x7b, 0xb6, 0x7b, 0xb6,
    0x7b, 0xb6, 0x7b, 0xb6, 0x7b, 0xbe, 0x9b, 0xbe, 0x9b, 0xc6, 0x9b, 0xc6,
    0xfc, 0xde, 0xbb, 0xc6, 0x9b, 0xc6, 0xbb, 0xce, 0xfb, 0xde, 0x1c, 0xe7,
    0x1c, 0xe7, 0x1c, 0xe7, 0x3c, 0xef, 0xbb, 0xce, 0xfb, 0xde, 0xdb, 0xce,
    0xfb, 0xde, 0x1b, 0xe7, 0x3b, 0xef, 0xbb, 0xce, 0x9b, 0xbe, 0x7b, 0xbe,
    0x7b, 0xb6, 0x5b, 0xb6, 0x5b, 0xb6, 0x5b, 0xb6, 0x5b, 0xb6, 0x5b, 0xb6,
    0x5b, 0xb6, 0x5b, 0xb6, 0x5b, 0xb6, 0x7b, 0xb6, 0x5b, 0xae, 0x5b, 0xae,
    0x5b, 0xae, 0x5b, 0xae, 0x5b, 0xae, 0x5b, 0xae, 0x5b, 0xae, 0x5b, 0xae,
    0x5b, 0xae, 0x5b, 0xae, 0x5b, 0xae, 0x5b, 0xae, 0x5b, 0xb6, 0x5b, 0xb6,
    0x5b, 0xb6, 0x5b, 0xb6, 0x5b, 0xae, 0x3b, 0xae, 0x3b, 0xae, 0x3a, 0xa6,
    0x3b, 0xa6, 0x3b, 0xa6, 0x3b, 0xa6, 0x3a, 0xa6, 0x3a, 0xa6, 0x3a, 0xa6,
    0x3b, 0xa6, 0x3b, 0xa6, 0x3a, 0xa6, 0x3b, 0xa6, 0x3a, 0xa6, 0x3a, 0xa6,
    0x1a, 0xa6, 0x1a, 0xa6, 0x1a, 0x9e, 0x1a, 0x9e, 0x1a, 0x9e, 0x1a, 0x9e,
    0x1a, 0x9e, 0x1a, 0x9e, 0x1a, 0x9e, 0x1a, 0xa6, 0x1a, 0xa6, 0x1a, 0x9e,
    0x1a, 0xa6, 0x1a, 0xa6, 0x1a, 0xa6, 0x1a, 0xa6, 0x1a, 0x9e, 0x1a, 0x9e,
    0xfa, 0x9d, 0xfa, 0x9d, 0xfa, 0x9d, 0xfa, 0x9d, 0xfa, 0x9d, 0xfa, 0x9d,
    0xfa, 0x9d, 0xfa, 0x9d, 0xfa, 0x9d, 0xfa, 0x9d, 0xfa, 0x9d, 0xfa, 0x9d,
    0xfa, 0x9d, 0xfa, 0x9d, 0xd9, 0x9d, 0xd9, 0x9d, 0xd9, 0x9d, 0xd9, 0x9d,
    0xd9, 0x9d, 0xd9, 0x9d, 0xd9, 0x9d, 0xd9, 0x9d, 0xd9, 0x9d, 0xd9, 0x9d,
    0xd9, 0x9d, 0xd9, 0x9d, 0xd9, 0x9d, 0xd9, 0x9d, 0x98, 0x7d, 0x98, 0x7d,
    0x98, 0x7d, 0x98, 0x85, 0x98, 0x85, 0x98, 0x85, 0x98, 0x85, 0x98, 0x85,
    0x98, 0x85, 0x98, 0x85, 0x98, 0x85, 0x98, 0x85, 0x98, 0x85, 0xb9, 0x85,
    0xb9, 0x85, 0xb9, 0x85, 0xb9, 0x85, 0xb9, 0x8d, 0xb9, 0x8d, 0xb9, 0x8d,
    0xb9, 0x8d, 0xb9, 0x8d, 0xb9, 0x8d, 0xd9, 0x8d, 0xb9, 0x8d, 0xb9, 0x8d,
    0xd9, 0x95, 0xf9, 0x95, 0xf9, 0x95, 0xf9, 0x9d, 0xf9, 0x9d, 0xf9, 0x9d,
    0xf9, 0x9d, 0xfa, 0x9d, 0xf9, 0x9d, 0xf9, 0x9d, 0xfa, 0x9d, 0xfa, 0x9d,
    0xf9, 0x9d, 0xf9, 0x9d, 0xf9, 0x9d, 0xf9, 0x9d, 0xf9, 0x9d, 0xfa, 0x9d,
    0xf9, 0x9d, 0xfa, 0x9d, 0xfa, 0x9d, 0x1a, 0xa6, 0x1a, 0xa6, 0x1a, 0xa6,
    0x1a, 0xa6, 0x1a, 0xa6, 0x1a, 0xa6, 0x1a, 0xa6, 0x1a, 0xa6, 0x1a, 0x9e,
    0xfa, 0x9d, 0xfa, 0x9d, 0xfa, 0x9d, 0xfa, 0x9d, 0xfa, 0x9d, 0xfa, 0x9d,
    0xfa, 0x9d, 0xfa, 0x9d, 0xfa, 0x9d, 0xfa, 0x9d, 0x1a, 0x9e, 0x1a, 0x9e,
    0x1a, 0xa6, 0x1a, 0xa6, 0x1a, 0xa6, 0x1a, 0xa6, 0x1a, 0xa6, 0x3a, 0xa6,
    0x3a, 0xa6, 0x3a, 0xae, 0x3a, 0xae, 0x3a, 0xae, 0x3a, 0xae, 0x3a, 0xae,
    0x3a, 0xae, 0x3a, 0xae, 0x7a, 0xbe, 0x9a, 0xc6, 0x9b, 0xce, 0x9a, 0xc6,
    0x9b, 0xce, 0x9b, 0xce, 0x7b, 0xbe, 0x5a, 0xb6, 0x3a, 0xae, 0x3a, 0xae,
    0x5a, 0xb6, 0x5a, 0xb6, 0x7b, 0xbe, 0x7b, 0xbe, 0x5b, 0xb6, 0x5b, 0xb6,
    0x5b, 0xae, 0x5a, 0xb6, 0x5a, 0xb6, 0x5b, 0xb6, 0x5b, 0xb6, 0x7b, 0xbe,
    0x7b, 0xbe, 0x7b, 0xbe, 0x7b, 0xbe, 0x7b, 0xbe, 0x7b, 0xbe, 0x7b, 0xb6,
    0x7b, 0xb6, 0x7b, 0xb6, 0x7b, 0xb6, 0x7b, 0xb6, 0x7b, 0xb6, 0x7b, 0xbe,
    0x9b, 0xbe, 0x9b, 0xbe, 0x9b, 0xbe, 0x9b, 0xbe, 0x7b, 0xbe, 0x7b, 0xbe,
    0x7b, 0xbe, 0x9b, 0xbe, 0xbb, 0xc6, 0xbb, 0xc6, 0xfb, 0xde, 0x5c, 0xef,
    0x3c, 0xe7, 0xfc, 0xde, 0x1c, 0xe7, 0x5c, 0xef, 0x7c, 0xf7, 0x7c, 0xf7,
    0x7c, 0xf7, 0x5c, 0xf7, 0x7c, 0xff, 0x7c, 0xff, 0x7c, 0xf7, 0xdc, 0xd6,
    0xbb, 0xce, 0x9b, 0xc6, 0xbb, 0xc6, 0x7b, 0xbe, 0x7b, 0xb6, 0x7b, 0xb6,
    0x5b, 0xb6, 0x5b, 0xb6, 0x5b, 0xb6, 0x5b, 0xb6, 0x5b, 0xb6, 0x7b, 0xb6,
    0x5b, 0xb6, 0x7b, 0xb6, 0x5b, 0xb6, 0x7b, 0xb6, 0x7b, 0xb6, 0x7b, 0xb6,
    0x7b, 0xb6, 0x7b, 0xae, 0x5b, 0xae, 0x5b, 0xb6, 0x5b, 0xb6, 0x7b, 0xb6,
    0x5b, 0xb6, 0x5b, 0xb6, 0x5b, 0xb6, 0x5b, 0xb6, 0x5b, 0xae, 0x5b, 0xae,
    0x5b, 0xae, 0x3b, 0xae, 0x3a, 0xae, 0x3b, 0xae, 0x3b, 0xae, 0x3b, 0xae,
    0x3a, 0xae, 0x3b, 0xae, 0x3a, 0xae, 0x3a, 0xae, 0x3a, 0xa6, 0x3b, 0xae,
    0x3a, 0xa6, 0x3b, 0xa6, 0x3b, 0xa6, 0x1a, 0xa6, 0x1a, 0xa6, 0x1a, 0xa6,
    0x1a, 0xa6, 0x1a, 0x9e, 0x1a, 0xa6, 0x1a, 0xa6, 0x1a, 0xa6, 0x1a, 0xa6,
    0x1a, 0xa6, 0x1a, 0xa6, 0x1a, 0xa6, 0x1a, 0xa6, 0x1a, 0xa6, 0x1a, 0xa6,
    0x1a, 0xa6, 0x1a, 0xa6, 0x1a, 0xa6, 0x1a, 0xa6, 0x1a, 0xa6, 0x1a, 0x9e,
    0x1a, 0x9e, 0xfa, 0x9d, 0xfa, 0x9d, 0xfa, 0x9d, 0xfa, 0x9d, 0xfa, 0x9d,
    0xfa, 0x9d, 0xfa, 0x9d, 0xfa, 0x9d, 0xd9, 0x9d, 0xb8, 0x9d, 0xd9, 0x9d,
    0xd9, 0x9d, 0xf9, 0x9d, 0xf9, 0x9d, 0xf9, 0x9d, 0xf9, 0x9d, 0xd9, 0x9d,
    0xd9, 0x9d, 0xb8, 0x9d, 0xd9, 0x9d, 0xf9, 0x9d, 0xf9, 0x9d, 0xd9, 0x9d,
    0x98, 0x85, 0x98, 0x85, 0x98, 0x85, 0x98, 0x85, 0x98, 0x85, 0x98, 0x85,
    0x98, 0x85, 0x98, 0x85, 0x98, 0x85, 0xb8, 0x85, 0xb8, 0x85, 0xb8, 0x85,
    0xb9, 0x85, 0xb9, 0x8d, 0xb9, 0x8d, 0xb9, 0x8d, 0xb9, 0x8d, 0xd9, 0x8d,
    0xd9, 0x8d, 0xd9, 0x8d, 0xd9, 0x8d, 0xd9, 0x8d, 0xd9, 0x8d, 0xd9, 0x95,
    0xd9, 0x95, 0xd9, 0x95, 0xf9, 0x95, 0xf9, 0x95, 0xf9, 0x9d, 0xf9, 0x9d,
    0xf9, 0x9d, 0xf9, 0x9d, 0x19, 0x9e, 0x1a, 0xa6, 0x1a, 0xa6, 0x1a, 0x9e,
    0x1a, 0x9e, 0x1a, 0x9e, 0xf9, 0x9d, 0xf9, 0x9d, 0x19, 0xa6, 0x3a, 0xae,
    0x5a, 0xb6, 0x5a, 0xbe, 0x5a, 0xb6, 0x3a, 0xae, 0x1a, 0xa6, 0x19, 0xa6,
    0x1a, 0xa6, 0x1a, 0xa6, 0x1a, 0xa6, 0x1a, 0xa6, 0x3a, 0xa6, 0x3a, 0xa6,
    0x3a, 0xa6, 0x1a, 0xa6, 0x1a, 0xa6, 0x1a, 0x9e, 0xfa, 0x9d, 0xfa, 0x9d,
    0xfa, 0x9d, 0xfa, 0x9d, 0xfa, 0x9d, 0xfa, 0x9d, 0x1a, 0x9e, 0x1a, 0xa6,
    0x1a, 0x9e, 0x1a, 0xa6, 0x1a, 0xa6, 0x1a, 0xa6, 0x1a, 0xa6, 0x1a, 0xa6,
    0x3a, 0xa6, 0x3a, 0xa6, 0x3a, 0xa6, 0x3a, 0xae, 0x3a, 0xae, 0x3a, 0xae,
    0x3a, 0xae, 0x3a, 0xae, 0x5a, 0xae, 0x7b, 0xbe, 0x7b, 0xc6, 0x9b, 0xc6,
    0x7b, 0xbe, 0x9b, 0xc6, 0x7b, 0xbe, 0x9b, 0xbe, 0x9b, 0xc6, 0x9b, 0xc6,
    0x7b, 0xbe, 0x5a, 0xbe, 0x7b, 0xbe, 0x5b, 0xbe, 0x5b, 0xb6, 0x5a, 0xb6,
    0x5b, 0xb6, 0x5b, 0xb6, 0x5b, 0xb6, 0x5b, 0xb6, 0x5b, 0xb6, 0x5b, 0xb6,
    0x7b, 0xb6, 0x7b, 0xbe, 0x9b, 0xc6, 0x7b, 0xbe, 0x7b, 0xbe, 0x7b, 0xbe,
    0x7b, 0xbe, 0x7b, 0xbe, 0x7b, 0xbe, 0x7b, 0xbe, 0x7b, 0xbe, 0x7b, 0xbe,
    0x9b, 0xbe, 0x9b, 0xbe, 0xbb, 0xc6, 0xbb, 0xc6, 0xbc, 0xce, 0xbb, 0xce,
    0x9b, 0xc6, 0x9b, 0xbe, 0x9b, 0xbe, 0x9b, 0xbe, 0x9b, 0xbe, 0xbb, 0xc6,
    0xbb, 0xce, 0x1c, 0xdf, 0x1c, 0xdf, 0xdc, 0xce, 0xdb, 0xd6, 0x3b, 0xef,
    0x3c, 0xef, 0x1c, 0xe7, 0x7c, 0xf7, 0x9c, 0xff, 0x5c, 0xef, 0xfb, 0xde,
    0xdb, 0xd6, 0xbb, 0xc6, 0x9b, 0xc6, 0x9b, 0xc6, 0x9b, 0xc6, 0x9b, 0xbe,
    0x9b, 0xbe, 0x7b, 0xbe, 0x7b, 0xbe, 0x7b, 0xb6, 0x7b, 0xb6, 0x7b, 0xb6,
    0x7b, 0xb6, 0x7b, 0xb6, 0x7b, 0xb6, 0x7b, 0xb6, 0x7b, 0xb6, 0x7b, 0xb6,
    0x7b, 0xb6, 0x7b, 0xb6, 0x7b, 0xb6, 0x7b, 0xb6, 0x7b, 0xb6, 0x7b, 0xb6,
    0x7b, 0xb6, 0x7b, 0xb6, 0x7b, 0xb6, 0x5b, 0xb6, 0x5b, 0xae, 0x5b, 0xae,
    0x5b, 0xae, 0x5b, 0xae, 0x5b, 0xae, 0x5b, 0xae, 0x5b, 0xae, 0x5b, 0xae,
    0x5b, 0xae, 0x5b, 0xae, 0x5b, 0xae, 0x3a, 0xae, 0x3a, 0xae, 0x3a, 0xae,
    0x3b, 0xae, 0x3b, 0xae, 0x3b, 0xae, 0x3b, 0xae, 0x3b, 0xa6, 0x3b, 0xa6,
    0x3b, 0xa6, 0x3b, 0xa6, 0x3b, 0xa6, 0x3b, 0xa6, 0x3b, 0xa6, 0x3b, 0xa6,
    0x3a, 0xa6, 0x3a, 0xa6, 0x3b, 0xa6, 0x3b, 0xa6, 0x3a, 0xa6, 0x3a, 0xa6,
    0x3a, 0xa6, 0x1a, 0xa6, 0x1a, 0xa6, 0x1a, 0xa6, 0x1a, 0xa6, 0x1a, 0xa6,
    0x1a, 0xa6, 0x1a, 0xa6, 0x1a, 0xa6, 0x1a, 0xa6, 0x1a, 0xa6, 0x1a, 0xa6,
    0x1a, 0xa6, 0x1a, 0xa6, 0x1a, 0xa6, 0x1a, 0x9e, 0xfa, 0x9d, 0xf9, 0x9d,
    0xf9, 0x9d, 0xf9, 0x9d, 0xf9, 0x9d, 0xf9, 0x9d, 0xd9, 0x9d, 0xd9, 0x9d,
    0xf9, 0x9d, 0xd9, 0x9d, 0xd9, 0x9d, 0xf9, 0x9d, 0xf9, 0x9d, 0xf9, 0x9d,
    0xf9, 0x9d, 0xf9, 0x9d, 0x98, 0x85, 0x98, 0x85, 0x98, 0x85, 0xb8, 0x85,
    0xb8, 0x85, 0xb8, 0x85, 0xb8, 0x85, 0xb8, 0x85, 0xb8, 0x85, 0xb8, 0x8d,
    0xb9, 0x8d, 0xb9, 0x8d, 0xb9, 0x8d, 0xd9, 0x8d, 0xd9, 0x8d, 0xd9, 0x8d,
    0xd9, 0x8d, 0xd9, 0x8d, 0xd9, 0x95, 0xd9, 0x95, 0xf9, 0x95, 0xd9, 0x95,
    0xf9, 0x95, 0xf9, 0x95, 0xf9, 0x95, 0xf9, 0x95, 0xf9, 0x95, 0xf9, 0x95,
    0xf9, 0x95, 0xf9, 0x95, 0xf9, 0x9d, 0xfa, 0x9d, 0x1a, 0x9e, 0x1a, 0x9e,
    0x1a, 0x9e, 0x1a, 0x9e, 0xfa, 0x9d, 0x1a, 0x9e, 0x1a, 0x9e, 0x19, 0xa6,
    0x3a, 0xae, 0x3a, 0xae, 0x3a, 0xae, 0x5a, 0xb6, 0x7a, 0xc6, 0xba, 0xd6,
    0x9a, 0xc6, 0x5a, 0xb6, 0x3a, 0xa6, 0x1a, 0xa6, 0x3a, 0xa6, 0x3a, 0xa6,
    0x3a, 0xae, 0x3a, 0xae, 0x3a, 0xa6, 0x3a, 0xa6, 0x3a, 0xa6, 0x1a, 0xa6,
    0x1a, 0xa6, 0x1a, 0xa6, 0x1a, 0xa6, 0x1a, 0xa6, 0x1a, 0xa6, 0x1a, 0xa6,
    0x1a, 0xa6, 0x1a, 0xa6, 0x1a, 0xa6, 0x1a, 0xa6, 0x1a, 0xa6, 0x1a, 0xa6,
    0x1a, 0xa6, 0x1a, 0xa6, 0x3a, 0xa6, 0x3a, 0xa6, 0x3a, 0xa6, 0x3a, 0xa6,
    0x3a, 0xa6, 0x3a, 0xa6, 0x3a, 0xae, 0x3a, 0xae, 0x5a, 0xae, 0x5b, 0xae,
    0x5b, 0xb6, 0x7b, 0xb6, 0x7b, 0xb6, 0x7b, 0xb6, 0x7b, 0xb6, 0x7b, 0xb6,
    0x9b, 0xc6, 0x9b, 0xc6, 0x9b, 0xc6, 0x9b, 0xc6, 0x7b, 0xbe, 0x5a, 0xb6,
    0x5b, 0xb6, 0x5b, 0xb6, 0x7b, 0xb6, 0x7b, 0xb6, 0x7b, 0xb6, 0x7b, 0xb6,
    0x7b, 0xb6, 0x7b, 0xb6, 0x7b, 0xbe, 0x9b, 0xbe, 0x9b, 0xc6, 0xbb, 0xce,
    0xdb, 0xd6, 0x9b, 0xc6, 0xbb, 0xc6, 0x9b, 0xc6, 0x9b, 0xbe, 0x9b, 0xbe,
    0x9b, 0xbe, 0x9b, 0xbe, 0x9b, 0xbe, 0x9b, 0xc6, 0x9b, 0xc6, 0x9b, 0xc6,
    0x9b, 0xc6, 0x9b, 0xc6, 0x9b, 0xbe, 0x9b, 0xbe, 0x9b, 0xbe, 0x9b, 0xbe,
    0x9b, 0xbe, 0xbc, 0xc6, 0xbb, 0xc6, 0xbb, 0xc6, 0xbb, 0xc6, 0xbb, 0xc6,
    0xfc, 0xd6, 0x7c, 0xf7, 0x3c, 0xe7, 0xdb, 0xd6, 0xfc, 0xd6, 0xdb, 0xd6,
    0xdb, 0xce, 0xdb, 0xce, 0xbb, 0xc6, 0xbb, 0xc6, 0xbb, 0xc6, 0xbb, 0xc6,
    0xbb, 0xce, 0xbb, 0xc6, 0x9b, 0xbe, 0x9b, 0xbe, 0x9b, 0xbe, 0x9b, 0xbe,
    0x9b, 0xbe, 0x9b, 0xbe, 0x7b, 0xb6, 0x7b, 0xb6, 0x7b, 0xb6, 0x7b, 0xb6,
    0x7b, 0xb6, 0x7b, 0xb6, 0x7b, 0xb6, 0x7b, 0xb6, 0x7b, 0xb6, 0x7b, 0xb6,
    0x7b, 0xb6, 0x7b, 0xb6, 0x7b, 0xb6, 0x7b, 0xb6, 0x7b, 0xb6, 0x5b, 0xb6,
    0x5b, 0xb6, 0x5b, 0xb6, 0x5b, 0xb6, 0x7b, 0xb6, 0x7b, 0xb6, 0x5b, 0xb6,
    0x5b, 0xae, 0x5b, 0xae, 0x5b, 0xae, 0x5b, 0xae, 0x5b, 0xae, 0x5b, 0xae,
    0x5b, 0xae, 0x5b, 0xae, 0x5b, 0xae, 0x5b, 0xae, 0x5b, 0xae, 0x3b, 0xae,
    0x3b, 0xae, 0x3b, 0xae, 0x3b, 0xa6, 0x3b, 0xa6, 0x3b, 0xa6, 0x3b, 0xa6,
    0x3b, 0xa6, 0x3b, 0xa6, 0x3b, 0xa6, 0x3b, 0xa6, 0x3b, 0xae, 0x3b, 0xae,
    0x3b, 0xae, 0x3a, 0xa6, 0x3a, 0xa6, 0x3a, 0xa6, 0x3a, 0xa6, 0x3a, 0xa6,
    0x3a, 0xa6, 0x1a, 0xa6, 0x1a, 0xa6, 0x1a, 0xa6, 0x1a, 0xa6, 0x1a, 0xa6,
    0x1a, 0xa6, 0x1a, 0xa6, 0x1a, 0xa6, 0x1a, 0xa6, 0x1a, 0xa6, 0x19, 0xa6,
    0x1a, 0xa6, 0xf9, 0xa5, 0xf9, 0xa5, 0xf9, 0xa5, 0xd9, 0xa5, 0xd9, 0x9d,
    0xd9, 0x9d, 0xd9, 0x9d, 0xd9, 0x9d, 0xf9, 0xa5, 0xf9, 0xa5, 0xf9, 0xa5,
    0xf9, 0xa5, 0xf9, 0xa5, 0xf9, 0xa5, 0xf9, 0xa5, 0xb8, 0x85, 0xb8, 0x85,
    0xb8, 0x85, 0xb8, 0x85, 0xb8, 0x85, 0xb8, 0x85, 0xb8, 0x85, 0xb8, 0x8d,
    0xb8, 0x8d, 0xb8, 0x8d, 0xb9, 0x8d, 0xd9, 0x8d, 0xd9, 0x8d, 0xd9, 0x8d,
    0xd9, 0x8d, 0xd9, 0x8d, 0xd9, 0x95, 0xd9, 0x95, 0xd9, 0x95, 0xf9, 0x95,
    0xf9, 0x95, 0xf9, 0x95, 0xf9, 0x95, 0xf9, 0x95, 0xf9, 0x95, 0xf9, 0x95,
    0xf9, 0x9d, 0xf9, 0x9d, 0xfa, 0x9d, 0xfa, 0x9d, 0xf9, 0x9d, 0xfa, 0x9d,
    0x1a, 0x9e, 0xf9, 0x9d, 0x19, 0x9e, 0x1a, 0x9e, 0x1a, 0x9e, 0x1a, 0x9e,
    0x1a, 0xa6, 0x3a, 0xa6, 0x5a, 0xb6, 0x7a, 0xc6, 0x5a, 0xb6, 0x3a, 0xae,
    0x7a, 0xbe, 0x7a, 0xc6, 0x9a, 0xc6, 0x7a, 0xbe, 0x5a, 0xae, 0x3a, 0xae,
    0x3a, 0xae, 0x3a, 0xae, 0x3a, 0xae, 0x3a, 0xae, 0x3a, 0xae, 0x3a, 0xae,
    0x3a, 0xae, 0x3a, 0xae, 0x3a, 0xae, 0x3a, 0xae, 0x3a, 0xae, 0x3a, 0xae,
    0x3a, 0xae, 0x3a, 0xae, 0x3a, 0xa6, 0x3a, 0xa6, 0x3a, 0xa6, 0x1a, 0xa6,
    0x1a, 0xa6, 0x1a, 0xa6, 0x1a, 0xa6, 0x1a, 0xa6, 0x1a, 0xa6, 0x3a, 0xa6,
    0x3a, 0xa6, 0x3a, 0xa6, 0x3a, 0xa6, 0x3a, 0xa6, 0x3a, 0xae, 0x3a, 0xae,
    0x5a, 0xae, 0x5b, 0xae, 0x5b, 0xae, 0x5b, 0xb6, 0x5b, 0xb6, 0x7b, 0xb6,
    0x5b, 0xb6, 0x7b, 0xbe, 0x7b, 0xbe, 0x7b, 0xb6, 0x7b, 0xb6, 0x7b, 0xb6,
    0x7b, 0xb6, 0x7b, 0xbe, 0x7b, 0xbe, 0x7b, 0xbe, 0x9b, 0xbe, 0x9b, 0xbe,
    0x9b, 0xbe, 0x9b, 0xc6, 0x9b, 0xbe, 0x9b, 0xc6, 0x9b, 0xc6, 0xdb, 0xd6,
    0xdb, 0xd6, 0xbb, 0xc6, 0xdb, 0xce, 0xbb, 0xce, 0xdc, 0xce, 0xdc, 0xce,
    0xbb, 0xc6, 0xbb, 0xc6, 0xbb, 0xc6, 0xbb, 0xc6, 0xbb, 0xc6, 0xbb, 0xc6,
    0xbb, 0xc6, 0xbb, 0xc6, 0x9b, 0xbe, 0x9b, 0xbe, 0x9b, 0xbe, 0x9b, 0xbe,
    0x9b, 0xbe, 0x9b, 0xbe, 0xbc, 0xc6, 0xbc, 0xc6, 0xbc, 0xc6, 0xbb, 0xc6,
    0xbb, 0xc6, 0xbb, 0xc6, 0xbc, 0xc6, 0xdc, 0xce, 0xdc, 0xce, 0xfb, 0xd6,
    0x1c, 0xdf, 0xfc, 0xd6, 0xdc, 0xce, 0xfc, 0xd6, 0xbc, 0xce, 0xdc, 0xce,
    0xdc, 0xce, 0xdc, 0xce, 0xfc, 0xd6, 0xbb, 0xc6, 0x9b, 0xc6, 0x9b, 0xbe,
    0x9b, 0xbe, 0x9b, 0xbe, 0x9b, 0xbe, 0x9b, 0xbe, 0x9b, 0xbe, 0x9b, 0xbe,
    0x9b, 0xbe, 0x9b, 0xbe, 0x9b, 0xbe, 0x9b, 0xbe, 0x7b, 0xb6, 0x7b, 0xb6,
    0x7b, 0xb6, 0x7b, 0xb6, 0x7b, 0xb6, 0x7b, 0xb6, 0x7b, 0xb6, 0x7b, 0xb6,
    0x7b, 0xb6, 0x7b, 0xb6, 0x7b, 0xb6, 0x7b, 0xb6, 0x7b, 0xb6, 0x7b, 0xb6,
    0x7b, 0xb6, 0x7b, 0xb6, 0x5b, 0xb6, 0x5b, 0xb6, 0x5b, 0xb6, 0x5b, 0xae,
    0x5b, 0xae, 0x5b, 0xb6, 0x5b, 0xb6, 0x5b, 0xb6, 0x5b, 0xb6, 0x5b, 0xae,
    0x5b, 0xae, 0x5b, 0xae, 0x5b, 0xae, 0x5b, 0xae, 0x5a, 0xae, 0x3b, 0xae,
    0x3b, 0xae, 0x3b, 0xae, 0x3b, 0xae, 0x3b, 0xae, 0x3b, 0xae, 0x3b, 0xae,
    0x5b, 0xae, 0x5b, 0xae, 0x5b, 0xae, 0x5b, 0xae, 0x3b, 0xae, 0x3a, 0xae,
    0x3a, 0xae, 0x3a, 0xae, 0x3a, 0xa6, 0x1a, 0xa6, 0x3a, 0xa6, 0x3a, 0xa6,
    0x1a, 0xa6, 0x1a, 0xa6, 0x1a, 0xa6, 0x1a, 0xa6, 0x1a, 0xa6, 0x1a, 0xa6,
    0x1a, 0xa6, 0x1a, 0xa6, 0x1a, 0xa6, 0x1a, 0xa6, 0xf9, 0xa5, 0xd9, 0xa5,
    0xd9, 0xa5, 0xf9, 0xa5, 0xf9, 0xa5, 0x19, 0xa6, 0x19, 0xa6, 0x19, 0xa6,
    0xf9, 0xa5, 0xf9, 0xa5, 0xf9, 0xa5, 0xf9, 0xa5, 0xf9, 0xa5, 0xf9, 0xa5,
    0xd8, 0x9d, 0xd8, 0x95, 0xd8, 0x95, 0xb8, 0x8d, 0xb8, 0x8d, 0xb8, 0x8d,
    0xd9, 0x8d, 0xb8, 0x8d, 0xd8, 0x8d, 0xd9, 0x8d, 0xd9, 0x8d, 0xd9, 0x8d,
    0xd9, 0x8d, 0xd9, 0x95, 0xd9, 0x95, 0xd9, 0x95, 0xd9, 0x95, 0xf9, 0x95,
    0xf9, 0x95, 0xf9, 0x95, 0xf9, 0x9d, 0xf9, 0x9d, 0xf9, 0x9d, 0xf9, 0x9d,
    0xf9, 0x9d, 0xf9, 0x9d, 0xf9, 0x9d, 0xf9, 0x9d, 0xf9, 0x9d, 0x19, 0x9e,
    0x19, 0x9e, 0x19, 0x9e, 0x19, 0x9e, 0x19, 0x9e, 0x1a, 0x9e, 0x1a, 0xa6,
    0x1a, 0xa6, 0x1a, 0xa6, 0x3a, 0xa6, 0x1a, 0xa6, 0x3a, 0xae, 0x7a, 0xbe,
    0xbb, 0xce, 0x9a, 0xc6, 0x5a, 0xbe, 0x5a, 0xbe, 0x5a, 0xbe, 0x7a, 0xbe,
    0x9a, 0xc6, 0x7a, 0xbe, 0x9a, 0xc6, 0x7a, 0xc6, 0x5a, 0xb6, 0x5a, 0xb6,
    0x5a, 0xb6, 0x5a, 0xae, 0x5a, 0xae, 0x5a, 0xae, 0x5a, 0xae, 0x5a, 0xae,
    0x5a, 0xae, 0x5a, 0xae, 0x5a, 0xae, 0x5a, 0xae, 0x5a, 0xae, 0x5a, 0xae,
    0x5a, 0xae, 0x5a, 0xae, 0x3a, 0xae, 0x3a, 0xae, 0x3a, 0xae, 0x3a, 0xae,
    0x3a, 0xae, 0x3a, 0xae, 0x3a, 0xae, 0x3a, 0xae, 0x3a, 0xae, 0x3b, 0xae,
    0x5a, 0xae, 0x5a, 0xae, 0x5b, 0xae, 0x5b, 0xae, 0x5b, 0xae, 0x5b, 0xb6,
    0x7b, 0xb6, 0x7b, 0xb6, 0x7b, 0xb6, 0x7b, 0xb6, 0x7b, 0xb6, 0x7b, 0xb6,
    0x7b, 0xb6, 0x7b, 0xbe, 0x9b, 0xbe, 0xbb, 0xc6, 0xbb, 0xce, 0xbb, 0xc6,
    0xdb, 0xd6, 0xbb, 0xc6, 0xdb, 0xd6, 0xdb, 0xd6, 0x1b, 0xe7, 0xfb, 0xde,
    0x1b, 0xe7, 0xfb, 0xde, 0xbb, 0xce, 0xbb, 0xce, 0xdc, 0xd6, 0xfc, 0xd6,
    0xdc, 0xce, 0xbc, 0xce, 0xbc, 0xc6, 0xdc, 0xce, 0xdc, 0xce, 0xfc, 0xce,
    0xdc, 0xce, 0xbc, 0xc6, 0xbc, 0xc6, 0xbb, 0xc6, 0xbb, 0xc6, 0xbb, 0xc6,
    0xbb, 0xc6, 0xbb, 0xc6, 0xbb, 0xc6, 0xbb, 0xc6, 0xbc, 0xc6, 0xbc, 0xc6,
    0xbc, 0xc6, 0xbc, 0xc6, 0xbc, 0xc6, 0xbb, 0xc6, 0xbb, 0xc6, 0xbb, 0xc6,
    0xbb, 0xc6, 0xbb, 0xc6, 0xbc, 0xc6, 0xbc, 0xc6, 0xbc, 0xc6, 0xdc, 0xce,
    0xdc, 0xce, 0xdc, 0xce, 0xdc, 0xc6, 0xdc, 0xc6, 0xdc, 0xce, 0xbc, 0xc6,
    0xbc, 0xc6, 0xbc, 0xc6, 0xbb, 0xc6, 0x9b, 0xc6, 0x9b, 0xc6, 0xbc, 0xbe,
    0xbb, 0xbe, 0x9b, 0xbe, 0x9b, 0xbe, 0x9c, 0xbe, 0xbc, 0xbe, 0x9c, 0xbe,
    0x9b, 0xbe, 0x9b, 0xbe, 0x9b, 0xbe, 0x9b, 0xbe, 0x9b, 0xbe, 0x9b, 0xbe,
    0x9b, 0xbe, 0x9b, 0xbe, 0x9b, 0xbe, 0x7b, 0xb6, 0x7b, 0xb6, 0x7b, 0xb6,
    0x7b, 0xb6, 0x7b, 0xb6, 0x7b, 0xb6, 0x7b, 0xb6, 0x7b, 0xb6, 0x7b, 0xb6,
    0x7b, 0xb6, 0x7b, 0xb6, 0x7b, 0xb6, 0x7b, 0xb6, 0x5b, 0xb6, 0x7b, 0xb6,
    0x7b, 0xb6, 0x7b, 0xb6, 0x5b, 0xb6, 0x5b, 0xae, 0x5b, 0xae, 0x5b, 0xae,
    0x5b, 0xae, 0x5b, 0xae, 0x5b, 0xae, 0x5b, 0xae, 0x5b, 0xae, 0x5b, 0xae,
    0x5b, 0xae, 0x5b, 0xae, 0x5b, 0xae, 0x5b, 0xae, 0x5b, 0xae, 0x5b, 0xae,
    0x5b, 0xae, 0x3a, 0xae, 0x5a, 0xae, 0x3a, 0xae, 0x3a, 0xae, 0x3a, 0xae,
    0x3a, 0xae, 0x3a, 0xae, 0x3a, 0xae, 0x3a, 0xae, 0x1a, 0xae, 0x1a, 0xa6,
    0x1a, 0xa6, 0x19, 0xa6, 0x1a, 0xa6, 0x1a, 0xa6, 0x1a, 0xa6, 0x19, 0xa6,
    0xf9, 0xa5, 0x19, 0xa6, 0x19, 0xa6, 0x19, 0xa6, 0x19, 0xa6, 0x1a, 0xa6,
    0x19, 0xa6, 0x1a, 0xa6, 0x19, 0xa6, 0x19, 0xa6, 0xf9, 0xa5, 0xf9, 0xa5,
    0xf9, 0xa5, 0xf9, 0xa5, 0x18, 0xb6, 0x38, 0xbe, 0x39, 0xbe, 0x39, 0xb6,
    0x19, 0xa6, 0xf9, 0x9d, 0xd9, 0x95, 0xd9, 0x8d, 0xd9, 0x8d, 0xd9, 0x95,
    0xd9, 0x95, 0xd9, 0x95, 0xd9, 0x95, 0xd9, 0x95, 0xd9, 0x95, 0xf9, 0x95,
    0xf9, 0x95, 0xf9, 0x95, 0xf9, 0x95, 0xf9, 0x9d, 0x19, 0x9e, 0x19, 0x9e,
    0x1a, 0x9e, 0x19, 0x9e, 0x19, 0x9e, 0x19, 0x9e, 0x19, 0x9e, 0x19, 0x9e,
    0x19, 0x9e, 0x1a, 0x9e, 0x1a, 0x9e, 0x1a, 0x9e, 0x1a, 0x9e, 0x1a, 0x9e,
    0x1a, 0xa6, 0x1a, 0xa6, 0x3a, 0xa6, 0x3a, 0xa6, 0x3a, 0xa6, 0x3a, 0xa6,
    0x3a, 0xa6, 0x3a, 0xae, 0x5a, 0xae, 0x5a, 0xae, 0x3a, 0xae, 0x5a, 0xb6,
    0x9a, 0xbe, 0xba, 0xce, 0xda, 0xd6, 0xda, 0xd6, 0xba, 0xce, 0xbb, 0xd6,
    0xfb, 0xde, 0x1b, 0xe7, 0xdb, 0xd6, 0xbb, 0xce, 0x5a, 0xb6, 0x5a, 0xb6,
    0x5a, 0xae, 0x5a, 0xb6, 0x5a, 0xb6, 0x5a, 0xb6, 0x5a, 0xb6, 0x5b, 0xb6,
    0x5b, 0xb6, 0x7b, 0xb6, 0x5b, 0xb6, 0x5a, 0xb6, 0x5a, 0xb6, 0x5a, 0xb6,
    0x5a, 0xae, 0x5a, 0xae, 0x5a, 0xae, 0x5a, 0xae, 0x5a, 0xae, 0x5a, 0xae,
    0x5a, 0xae, 0x5b, 0xae, 0x5b, 0xae, 0x5b, 0xae, 0x5b, 0xae, 0x5b, 0xae,
    0x5b, 0xb6, 0x5b, 0xb6, 0x7b, 0xb6, 0x7b, 0xb6, 0x7b, 0xb6, 0x9b, 0xb6,
    0x9b, 0xbe, 0x7b, 0xbe, 0x9b, 0xbe, 0x9b, 0xbe, 0xbb, 0xce, 0xdb, 0xce,
    0xbb, 0xce, 0xbb, 0xce, 0xbb, 0xc6, 0xbb, 0xce, 0xdb, 0xce, 0xbb, 0xc6,
    0xbb, 0xc6, 0xbb, 0xc6, 0xbb, 0xce, 0xfc, 0xd6, 0xdc, 0xd6, 0xdc, 0xd6,
    0x3c, 0xe7, 0x3c, 0xef, 0xfc, 0xd6, 0xdc, 0xce, 0xdc, 0xce, 0xfc, 0xd6,
    0xfc, 0xd6, 0x3c, 0xe7, 0x1c, 0xdf, 0xdc, 0xce, 0xdc, 0xce, 0xbc, 0xc6,
    0xbc, 0xc6, 0xbb, 0xc6, 0xbb, 0xc6, 0xbb, 0xc6, 0xbb, 0xc6, 0xbc, 0xc6,
    0xbc, 0xc6, 0xbc, 0xc6, 0xbc, 0xc6, 0xbc, 0xc6, 0xbc, 0xc6, 0xbc, 0xc6,
    0xbc, 0xc6, 0xbc, 0xc6, 0xbc, 0xc6, 0xbc, 0xc6, 0xbc, 0xc6, 0xbc, 0xc6,
    0xbc, 0xc6, 0xbc, 0xc6, 0xbc, 0xc6, 0xbc, 0xc6, 0xbc, 0xc6, 0xbc, 0xc6,
    0xbc, 0xc6, 0xbc, 0xc6, 0xbc, 0xc6, 0xbc, 0xc6, 0xbb, 0xc6, 0xbc, 0xc6,
    0xbb, 0xc6, 0xbc, 0xc6, 0xbc, 0xc6, 0xbc, 0xbe, 0xbc, 0xbe, 0xbc, 0xbe,
    0xbb, 0xbe, 0xbc, 0xbe, 0xbc, 0xbe, 0xbc, 0xbe, 0x9c, 0xbe, 0x9c, 0xbe,
    0x9c, 0xbe, 0x9b, 0xbe, 0x9b, 0xbe, 0x9b, 0xbe, 0x9b, 0xbe, 0x9b, 0xbe,
    0x9b, 0xbe, 0x9b, 0xbe, 0x9b, 0xbe, 0x9b, 0xbe, 0x7b, 0xb6, 0x7b, 0xb6,
    0x7b, 0xb6, 0x7b, 0xb6, 0x7b, 0xb6, 0x7b, 0xb6, 0x7b, 0xb6, 0x7b, 0xb6,
    0x7b, 0xb6, 0x7b, 0xb6, 0x7b, 0xb6, 0x7b, 0xb6, 0x7b, 0xb6, 0x5b, 0xb6,
    0x5b, 0xb6, 0x5b, 0xae, 0x5a, 0xae, 0x5a, 0xae, 0x5b, 0xae, 0x5b, 0xae,
    0x5b, 0xb6, 0x5b, 0xb6, 0x5b, 0xae, 0x5b, 0xae, 0x5b, 0xae, 0x5b, 0xae,
    0x5b, 0xae, 0x5b, 0xae, 0x5b, 0xae, 0x5a, 0xae, 0x5a, 0xae, 0x3a, 0xae,
    0x3a, 0xae, 0x19, 0xae, 0x3a, 0xae, 0x3a, 0xae, 0x3a, 0xae, 0x3a, 0xae,
    0x1a, 0xae, 0x3a, 0xae, 0x3a, 0xae, 0x3a, 0xae, 0x3a, 0xae, 0x1a, 0xae,
    0x1a, 0xae, 0x1a, 0xae, 0x3a, 0xae, 0x1a, 0xae, 0x1a, 0xae, 0x3a, 0xae,
    0x3a, 0xae, 0x3a, 0xae, 0x3a, 0xae, 0x1a, 0xae, 0x19, 0xa6, 0xf9, 0xa5,
    0xf9, 0xa5, 0xf9, 0xa5, 0xf9, 0xa5, 0xf9, 0xa5, 0xd7, 0xad, 0x18, 0xae,
    0x38, 0xb6, 0x58, 0xbe, 0x79, 0xc6, 0x79, 0xc6, 0x79, 0xbe, 0x39, 0xb6,
    0xf9, 0x9d, 0xd9, 0x95, 0xd9, 0x95, 0xf9, 0x95, 0xf9, 0x95, 0xf9, 0x95,
    0xd9, 0x95, 0xf9, 0x95, 0xf9, 0x95, 0xf9, 0x95, 0xf9, 0x9d, 0x19, 0x9e,
    0x19, 0x9e, 0x1a, 0x9e, 0x19, 0x9e, 0x1a, 0x9e, 0x19, 0x9e, 0x1a, 0xa6,
    0x19, 0xa6, 0x1a, 0xa6, 0x1a, 0xa6, 0x19, 0xa6, 0x1a, 0xa6, 0x19, 0xa6,
    0x1a, 0xa6, 0x1a, 0xa6, 0x3a, 0xa6, 0x3a, 0xa6, 0x3a, 0xa6, 0x3a, 0xa6,
    0x3a, 0xa6, 0x3a, 0xa6, 0x3a, 0xae, 0x3a, 0xae, 0x3a, 0xae, 0x5a, 0xae,
    0x5a, 0xae, 0x5a, 0xae, 0x5a, 0xb6, 0x7a, 0xbe, 0x9a, 0xc6, 0xba, 0xce,
    0xbb, 0xce, 0x9a, 0xc6, 0xbb, 0xce, 0xdb, 0xd6, 0xdb, 0xd6, 0x9a, 0xc6,
    0x7a, 0xbe, 0x5a, 0xb6, 0x5a, 0xb6, 0x7a, 0xb6, 0x7b, 0xbe, 0x7a, 0xb6,
    0x7b, 0xb6, 0x7b, 0xb6, 0x7b, 0xb6, 0x7b, 0xb6, 0x7b, 0xb6, 0x7a, 0xb6,
    0x7b, 0xb6, 0x7b, 0xb6, 0x7b, 0xb6, 0x7b, 0xb6, 0x5b, 0xb6, 0x7b, 0xb6,
    0x5b, 0xb6, 0x5b, 0xb6, 0x5b, 0xb6, 0x5b, 0xb6, 0x7b, 0xb6, 0x7b, 0xb6,
    0x7b, 0xb6, 0x7b, 0xb6, 0x7b, 0xb6, 0x7b, 0xb6, 0x7b, 0xb6, 0x7b, 0xb6,
    0x7b, 0xb6, 0x7b, 0xb6, 0x7b, 0xb6, 0x7b, 0xbe, 0x9b, 0xbe, 0x9b, 0xbe,
    0x9b, 0xbe, 0x9b, 0xbe, 0x9b, 0xc6, 0xbb, 0xc6, 0x9b, 0xc6, 0x9b, 0xc6,
    0x9b, 0xbe, 0x9b, 0xbe, 0x9b, 0xc6, 0x9b, 0xc6, 0xbb, 0xc6, 0xbb, 0xc6,
    0xbb, 0xc6, 0xdb, 0xce, 0xdc, 0xce, 0xfc, 0xd6, 0x3c, 0xef, 0xfc, 0xd6,
    0xdc, 0xce, 0xdc, 0xce, 0xfc, 0xd6, 0xfc, 0xd6, 0xfc, 0xd6, 0xfc, 0xce,
    0xfc, 0xce, 0xfc, 0xce, 0xdc, 0xce, 0xdc, 0xce, 0xdc, 0xce, 0xdc, 0xce,
    0xdc, 0xc6, 0xbc, 0xc6, 0xbc, 0xc6, 0xbc, 0xc6, 0xbc, 0xc6, 0xbc, 0xc6,
    0xbc, 0xc6, 0xbc, 0xc6, 0xbc, 0xc6, 0xbc, 0xc6, 0xbb, 0xc6, 0xbc, 0xc6,
    0xbc, 0xc6, 0xbc, 0xc6, 0xbc, 0xc6, 0xbc, 0xc6, 0xbc, 0xc6, 0xbc, 0xc6,
    0xbc, 0xc6, 0xbc, 0xc6, 0xbc, 0xc6, 0xbc, 0xc6, 0xbc, 0xc6, 0xbc, 0xc6,
    0xbc, 0xc6, 0xbc, 0xc6, 0xbc, 0xc6, 0xbb, 0xc6, 0xbc, 0xc6, 0xbc, 0xc6,
    0xbc, 0xc6, 0xbc, 0xc6, 0xbc, 0xbe, 0xbc, 0xc6, 0xbc, 0xc6, 0xbc, 0xbe,
    0xbc, 0xbe, 0xbc, 0xbe, 0x9b, 0xbe, 0x9b, 0xbe, 0x9b, 0xbe, 0x9b, 0xbe,
    0x9c, 0xbe, 0x9c, 0xbe, 0x9b, 0xbe, 0x9b, 0xbe, 0x9b, 0xbe, 0x9b, 0xbe,
    0x9b, 0xbe, 0x9b, 0xbe, 0x9b, 0xbe, 0x9b, 0xbe, 0x9b, 0xbe, 0x9b, 0xbe,
    0x9b, 0xbe, 0x7b, 0xb6, 0x7b, 0xbe, 0x7b, 0xbe, 0x7b, 0xb6, 0x7b, 0xb6,
    0x7b, 0xb6, 0x7b, 0xb6, 0x7b, 0xb6, 0x7b, 0xb6, 0x5b, 0xb6, 0x5b, 0xb6,
    0x5b, 0xb6, 0x5b, 0xb6, 0x7b, 0xb6, 0x5b, 0xb6, 0x5a, 0xb6, 0x7b, 0xb6,
    0x5b, 0xb6, 0x5b, 0xb6, 0x5b, 0xb6, 0x5b, 0xb6, 0x5b, 0xb6, 0x5a, 0xae,
    0x3a, 0xae, 0x1a, 0xae, 0xf9, 0xa5, 0x19, 0xae, 0x1a, 0xae, 0x3a, 0xae,
    0x3a, 0xae, 0x3a, 0xae, 0x3a, 0xae, 0x3a, 0xae, 0x3a, 0xae, 0x3a, 0xae,
    0x3a, 0xae, 0x3a, 0xae, 0x3a, 0xae, 0x3a, 0xae, 0x3a, 0xae, 0x3a, 0xae,
    0x3a, 0xae, 0x3a, 0xae, 0x3a, 0xae, 0x3a, 0xae, 0x19, 0xae, 0xf9, 0xa5,
    0xd8, 0xa5, 0xf9, 0xa5, 0x19, 0xae, 0x19, 0xae, 0x19, 0xae, 0x19, 0xae,
    0xd7, 0xa5, 0xd7, 0xa5, 0xf7, 0xad, 0x18, 0xb6, 0x38, 0xb6, 0x58, 0xbe,
    0x79, 0xc6, 0x99, 0xce, 0x99, 0xce, 0x59, 0xbe, 0x19, 0xa6, 0xf9, 0x9d,
    0xf9, 0x9d, 0xf9, 0x9d, 0xf9, 0x95, 0xf9, 0x95, 0xf9, 0x9d, 0xf9, 0x9d,
    0xf9, 0x9d, 0x19, 0x9e, 0x19, 0x9e, 0x1a, 0x9e, 0x19, 0x9e, 0x1a, 0x9e,
    0x1a, 0xa6, 0x1a, 0xa6, 0x1a, 0xa6, 0x1a, 0xa6, 0x3a, 0xa6, 0x1a, 0xa6,
    0x1a, 0xa6, 0x3a, 0xa6, 0x3a, 0xa6, 0x3a, 0xa6, 0x3a, 0xa6, 0x3a, 0xa6,
    0x3a, 0xae, 0x3a, 0xa6, 0x3a, 0xae, 0x3a, 0xae, 0x3a, 0xae, 0x3a, 0xae,
    0x3a, 0xae, 0x5a, 0xae, 0x5a, 0xae, 0x5a, 0xae, 0x5a, 0xae, 0x5a, 0xae,
    0x5a, 0xae, 0x5a, 0xb6, 0x7b, 0xb6, 0x9b, 0xbe, 0x9b, 0xc6, 0x9b, 0xc6,
    0xbb, 0xce, 0x9b, 0xc6, 0x9a, 0xc6, 0x7a, 0xbe, 0x9b, 0xbe, 0x9b, 0xbe,
    0x9b, 0xc6, 0xbb, 0xc6, 0xbb, 0xc6, 0x9b, 0xc6, 0x9b, 0xbe, 0x7b, 0xbe,
    0x7b, 0xb6, 0x7b, 0xbe, 0x7b, 0xbe, 0x7b, 0xb6, 0x7b, 0xb6, 0x7b, 0xb6,
    0x7b, 0xb6, 0x7b, 0xb6, 0x7b, 0xb6, 0x7b, 0xb6, 0x7b, 0xb6, 0x7b, 0xb6,
    0x7b, 0xb6, 0x7b, 0xb6, 0x7b, 0xb6, 0x7b, 0xb6, 0x7b, 0xb6, 0x7b, 0xb6,
    0x7b, 0xb6, 0x7b, 0xb6, 0x7b, 0xb6, 0x7b, 0xb6, 0x7b, 0xb6, 0x7b, 0xb6,
    0x7b, 0xb6, 0x7b, 0xbe, 0x9b, 0xbe, 0x9b, 0xbe, 0x9b, 0xbe, 0x9b, 0xbe,
    0x9b, 0xbe, 0x9b, 0xbe, 0x9b, 0xc6, 0x9b, 0xc6, 0xbb, 0xc6, 0x9b, 0xc6,
    0x9b, 0xc6, 0xbb, 0xc6, 0xbb, 0xc6, 0xbb, 0xc6, 0xdc, 0xce, 0xfc, 0xd6,
    0x3c, 0xe7, 0x1c, 0xdf, 0xdc, 0xce, 0xdc, 0xce, 0xfc, 0xd6, 0x5c, 0xef,
    0x5c, 0xef, 0xfc, 0xd6, 0xfc, 0xd6, 0x1c, 0xd7, 0x1c, 0xdf, 0xfc, 0xd6,
    0xfc, 0xce, 0xdc, 0xce, 0xdc, 0xce, 0xdc, 0xce, 0xdc, 0xc6, 0xbc, 0xc6,
    0xbc, 0xc6, 0xbc, 0xc6, 0xbc, 0xc6, 0xbc, 0xc6, 0xbc, 0xc6, 0xbc, 0xc6,
    0xbb, 0xc6, 0xbc, 0xc6, 0xbc, 0xc6, 0xbc, 0xc6, 0xbc, 0xc6, 0xbc, 0xc6,
    0xbc, 0xc6, 0xbc, 0xc6, 0xbc, 0xc6, 0xbc, 0xc6, 0xdc, 0xc6, 0xbc, 0xc6,
    0xbc, 0xc6, 0xbc, 0xc6, 0xbc, 0xc6, 0xbc, 0xc6, 0xbc, 0xc6, 0xbc, 0xc6,
    0xbc, 0xc6, 0xbc, 0xc6, 0xbc, 0xc6, 0xbc, 0xc6, 0xbc, 0xc6, 0xbc, 0xc6,
    0xbc, 0xc6, 0xbc, 0xc6, 0xbc, 0xc6, 0xbc, 0xc6, 0xbc, 0xbe, 0xbc, 0xbe,
    0xbc, 0xbe, 0xbc, 0xbe, 0xbc, 0xbe, 0xbb, 0xbe, 0xbc, 0xbe, 0xbc, 0xbe,
    0x9b, 0xbe, 0x9b, 0xbe, 0x9b, 0xbe, 0x9b, 0xbe, 0x9b, 0xbe, 0x9b, 0xbe,
    0x9c, 0xbe, 0x9b, 0xbe, 0x9b, 0xbe, 0x9b, 0xbe, 0x9b, 0xbe, 0x9b, 0xbe,
    0x9b, 0xbe, 0x9b, 0xbe, 0x7b, 0xbe, 0x7b, 0xb6, 0x7b, 0xb6, 0x7b, 0xb6,
    0x7b, 0xb6, 0x7b, 0xb6, 0x7b, 0xb6, 0x7b, 0xb6, 0x5a, 0xb6, 0x3a, 0xb6,
    0x5a, 0xb6, 0x7b, 0xb6, 0x7b, 0xb6, 0x5b, 0xb6, 0x5b, 0xb6, 0x5b, 0xb6,
    0x5a, 0xb6, 0x3a, 0xae, 0x19, 0xae, 0xf9, 0xad, 0x19, 0xae, 0x3a, 0xae,
    0x5a, 0xb6, 0x5a, 0xae, 0x3a, 0xb6, 0x5a, 0xae, 0x5a, 0xae, 0x5a, 0xb6,
    0x5a, 0xb6, 0x5a, 0xb6, 0x5a, 0xb6, 0x5a, 0xae, 0x5a, 0xae, 0x3a, 0xae,
    0x5a, 0xae, 0x5a, 0xae, 0x5a, 0xb6, 0x3a, 0xae, 0x3a, 0xae, 0xf8, 0xad,
    0xf8, 0xad, 0xf9, 0xad, 0x19, 0xae, 0x3a, 0xae, 0x3a, 0xae, 0x3a, 0xae,
    0x3a, 0xae, 0x3a, 0xae, 0xd7, 0xa5, 0xd7, 0xa5, 0xd7, 0xa5, 0xf7, 0xad,
    0x18, 0xb6, 0x18, 0xb6, 0x38, 0xbe, 0x59, 0xc6, 0x79, 0xce, 0x99, 0xd6,
    0xb9, 0xd6, 0x99, 0xce, 0x79, 0xbe, 0x39, 0xae, 0x19, 0x9e, 0xf9, 0x9d,
    0xf9, 0x9d, 0xf9, 0x9d, 0x19, 0x9e, 0x19, 0x9e, 0x19, 0x9e, 0x19, 0x9e,
    0x19, 0x9e, 0x1a, 0xa6, 0x1a, 0xa6, 0x1a, 0xa6, 0x3a, 0xa6, 0x3a, 0xa6,
    0x3a, 0xa6, 0x3a, 0xa6, 0x3a, 0xa6, 0x3a, 0xa6, 0x3a, 0xa6, 0x3a, 0xae,
    0x3a, 0xa6, 0x3a, 0xae, 0x3a, 0xae, 0x3a, 0xae, 0x5a, 0xae, 0x5a, 0xae,
    0x3a, 0xae, 0x3a, 0xae, 0x5a, 0xae, 0x5a, 0xae, 0x5a, 0xae, 0x5a, 0xae,
    0x5a, 0xae, 0x5a, 0xae, 0x5a, 0xb6, 0x7a, 0xb6, 0x7b, 0xb6, 0x7b, 0xb6,
    0x7b, 0xb6, 0x9b, 0xbe, 0x9b, 0xc6, 0xbb, 0xc6, 0xbb, 0xce, 0xbb, 0xce,
    0xbb, 0xce, 0xbb, 0xce, 0xdb, 0xce, 0xdb, 0xd6, 0xfb, 0xde, 0x1b, 0xe7,
    0x1b, 0xe7, 0xdb, 0xd6, 0xbb, 0xc6, 0x9b, 0xbe, 0x7b, 0xbe, 0x9b, 0xbe,
    0x9b, 0xbe, 0x9b, 0xbe, 0x9b, 0xbe, 0x9b, 0xbe, 0x9b, 0xbe, 0x9b, 0xbe,
    0x9b, 0xbe, 0x9b, 0xbe, 0x7b, 0xb6, 0x7b, 0xb6, 0x9b, 0xb6, 0x9b, 0xb6,
    0x9b, 0xb6, 0x9b, 0xb6, 0x9b, 0xbe, 0x9b, 0xbe, 0x7b, 0xb6, 0x7b, 0xb6,
    0x9b, 0xb6, 0x7b, 0xb6, 0x9b, 0xbe, 0x9b, 0xbe, 0x9b, 0xbe, 0x9b, 0xbe,
    0x9b, 0xbe, 0x9b, 0xbe, 0x9b, 0xbe, 0xbb, 0xbe, 0xbb, 0xc6, 0xbb, 0xc6,
    0xbb, 0xc6, 0xbb, 0xc6, 0xbb, 0xc6, 0xbb, 0xc6, 0xbb, 0xc6, 0xdc, 0xce,
    0xdc, 0xce, 0xfc, 0xd6, 0xfc, 0xd6, 0xfc, 0xd6, 0xfc, 0xd6, 0x1c, 0xd7,
    0x7c, 0xf7, 0x9c, 0xff, 0x7c, 0xf7, 0x3c, 0xe7, 0x7c, 0xf7, 0x9c, 0xff,
    0x7c, 0xf7, 0x1c, 0xdf, 0x1c, 0xd7, 0xfc, 0xce, 0xdc, 0xce, 0xdc, 0xce,
    0xdc, 0xce, 0xdc, 0xc6, 0xdc, 0xc6, 0xdc, 0xc6, 0xdc, 0xc6, 0xdc, 0xc6,
    0xdc, 0xc6, 0xbc, 0xc6, 0xbc, 0xc6, 0xbc, 0xc6, 0xbc, 0xc6, 0xdc, 0xc6,
    0xdc, 0xc6, 0xdc, 0xc6, 0xdc, 0xc6, 0xdc, 0xc6, 0xbc, 0xc6, 0xdc, 0xc6,
    0xdc, 0xc6, 0xdc, 0xc6, 0xdc, 0xc6, 0xbc, 0xc6, 0xbc, 0xc6, 0xbc, 0xc6,
    0xbc, 0xc6, 0xdc, 0xc6, 0xbc, 0xc6, 0xbc, 0xc6, 0xbc, 0xc6, 0xbc, 0xc6,
    0xbc, 0xc6, 0xbc, 0xc6, 0xdc, 0xc6, 0xdc, 0xc6, 0xbc, 0xc6, 0xbc, 0xc6,
    0xbc, 0xc6, 0xbc, 0xc6, 0xbc, 0xc6, 0xbc, 0xc6, 0xbc, 0xc6, 0xbc, 0xc6,
    0xbc, 0xc6, 0xbc, 0xc6, 0xbc, 0xbe, 0xbb, 0xbe, 0x9b, 0xbe, 0x9c, 0xbe,
    0x9b, 0xbe, 0x9b, 0xbe, 0x9b, 0xbe, 0x9b, 0xbe, 0x9b, 0xbe, 0x9b, 0xbe,
    0x9b, 0xbe, 0x9b, 0xbe, 0x9b, 0xbe, 0x9b, 0xbe, 0x9b, 0xbe, 0x9b, 0xbe,
    0x7b, 0xbe, 0x7b, 0xbe, 0x7b, 0xb6, 0x7b, 0xb6, 0x7b, 0xb6, 0x7b, 0xb6,
    0x7b, 0xbe, 0x7b, 0xbe, 0x7b, 0xbe, 0x7b, 0xb6, 0x7b, 0xb6, 0x7b, 0xb6,
    0x5b, 0xb6, 0x5a, 0xb6, 0x5a, 0xb6, 0x5a, 0xb6, 0x3a, 0xb6, 0x3a, 0xb6,
    0x5a, 0xb6, 0x5b, 0xb6, 0x5b, 0xb6, 0x5a, 0xb6, 0x5a, 0xb6, 0x5a, 0xb6,
    0x5a, 0xb6, 0x5a, 0xb6, 0x5a, 0xb6, 0x5a, 0xb6, 0x5a, 0xb6, 0x5a, 0xb6,
    0x5a, 0xb6, 0x5a, 0xb6, 0x5a, 0xb6, 0x5a, 0xb6, 0x19, 0xae, 0xf8, 0xad,
    0x19, 0xae, 0x19, 0xb6, 0x39, 0xb6, 0x3a, 0xb6, 0x3a, 0xb6, 0x3a, 0xb6,
    0x3a, 0xb6, 0x3a, 0xb6, 0x59, 0xb6, 0x7a, 0xc6, 0xd7, 0xa5, 0xd7, 0xa5,
    0xd7, 0xad, 0xf7, 0xad, 0xf7, 0xad, 0x18, 0xb6, 0x18, 0xb6, 0x38, 0xbe,
    0x58, 0xbe, 0x58, 0xc6, 0x78, 0xce, 0x99, 0xce, 0x99, 0xd6, 0x79, 0xce,
    0x59, 0xbe, 0x39, 0xae, 0x19, 0xa6, 0x19, 0x9e, 0x19, 0x9e, 0x1a, 0x9e,
    0x1a, 0x9e, 0x1a, 0x9e, 0x19, 0x9e, 0x1a, 0xa6, 0x1a, 0xa6, 0x3a, 0xa6,
    0x3a, 0xa6, 0x3a, 0xa6, 0x3a, 0xa6, 0x3a, 0xa6, 0x3a, 0xa6, 0x3a, 0xa6,
    0x3a, 0xae, 0x3a, 0xae, 0x5a, 0xae, 0x5a, 0xae, 0x5a, 0xae, 0x5a, 0xae,
    0x5a, 0xae, 0x5a, 0xae, 0x5a, 0xae, 0x5a, 0xae, 0x5a, 0xae, 0x5a, 0xae,
    0x5a, 0xae, 0x5a, 0xae, 0x5a, 0xae, 0x7a, 0xb6, 0x7b, 0xb6, 0x7b, 0xb6,
    0x7b, 0xb6, 0x7b, 0xb6, 0x7b, 0xb6, 0x7b, 0xb6, 0x7b, 0xb6, 0x7b, 0xbe,
    0x9b, 0xbe, 0x9b, 0xbe, 0xbb, 0xc6, 0xbb, 0xc6, 0xbb, 0xc6, 0xdb, 0xce,
    0xfb, 0xde, 0xfb, 0xde, 0xfb, 0xde, 0xfb, 0xd6, 0xdb, 0xce, 0x9b, 0xc6,
    0x9b, 0xbe, 0x9b, 0xc6, 0x9b, 0xbe, 0x9b, 0xbe, 0x9b, 0xbe, 0x9b, 0xbe,
    0x9b, 0xbe, 0x9b, 0xbe, 0x9b, 0xbe, 0x9b, 0xbe, 0x9b, 0xbe, 0x9b, 0xbe,
    0x9b, 0xbe, 0x9b, 0xbe, 0x9b, 0xbe, 0x9b, 0xbe, 0x9b, 0xbe, 0x9b, 0xbe,
    0x9b, 0xbe, 0x9b, 0xbe, 0x9b, 0xbe, 0x9b, 0xbe, 0x9b, 0xbe, 0x9b, 0xbe,
    0x9b, 0xbe, 0x9b, 0xbe, 0x9b, 0xbe, 0x9b, 0xbe, 0xbb, 0xbe, 0xbc, 0xc6,
    0xbb, 0xc6, 0xbb, 0xc6, 0xbb, 0xc6, 0xdb, 0xc6, 0xdb, 0xc6, 0xdc, 0xce,
    0xdc, 0xce, 0xdc, 0xce, 0xfc, 0xd6, 0x1c, 0xdf, 0x1c, 0xdf, 0xfc, 0xd6,
    0xfc, 0xce, 0x1c, 0xdf, 0x5c, 0xef, 0x7c, 0xef, 0x1c, 0xdf, 0x3c, 0xe7,
    0x5c, 0xef, 0x3c, 0xe7, 0x1c, 0xd7, 0xfc, 0xd6, 0xfc, 0xd6, 0xfc, 0xd6,
    0xfc, 0xce, 0xdc, 0xce, 0xdc, 0xce, 0xdc, 0xce, 0xdc, 0xce, 0xdc, 0xce,
    0xdc, 0xce, 0xdc, 0xce, 0xdc, 0xce, 0xdc, 0xce, 0xdc, 0xce, 0xdc, 0xce,
    0xdc, 0xce, 0xdc, 0xce, 0xdc, 0xce, 0xdc, 0xce, 0xdc, 0xc6, 0xdc, 0xc6,
    0xdc, 0xc6, 0xdc, 0xce, 0xdc, 0xc6, 0xdc, 0xc6, 0xdc, 0xc6, 0xdc, 0xc6,
    0xdc, 0xc6, 0xdc, 0xc6, 0xdc, 0xc6, 0xbc, 0xc6, 0xdc, 0xc6, 0xdc, 0xc6,
    0xdc, 0xc6, 0xbc, 0xc6, 0xbc, 0xc6, 0xbc, 0xc6, 0xdc, 0xc6, 0xdc, 0xc6,
    0xbc, 0xc6, 0xbc, 0xc6, 0xbc, 0xc6, 0xbc, 0xc6, 0xbc, 0xc6, 0xbc, 0xc6,
    0xbc, 0xc6, 0xbc, 0xc6, 0xbc, 0xc6, 0xbc, 0xc6, 0xbb, 0xc6, 0xbc, 0xc6,
    0xbc, 0xc6, 0xbc, 0xc6, 0xbc, 0xc6, 0xbc, 0xc6, 0xbb, 0xc6, 0xbb, 0xc6,
    0xbb, 0xc6, 0xbb, 0xc6, 0x9b, 0xc6, 0x9b, 0xc6, 0x9b, 0xbe, 0x9b, 0xbe,
    0x9b, 0xbe, 0x9b, 0xbe, 0x9b, 0xbe, 0x9b, 0xbe, 0x9b, 0xbe, 0x9b, 0xbe,
    0x9b, 0xbe, 0x7b, 0xbe, 0x9b, 0xbe, 0x9b, 0xbe, 0x7b, 0xbe, 0x7b, 0xb6,
    0x7b, 0xbe, 0x7b, 0xbe, 0x7b, 0xb6, 0x7b, 0xb6, 0x5a, 0xb6, 0x5a, 0xb6,
    0x5a, 0xb6, 0x7b, 0xbe, 0x7b, 0xb6, 0x7b, 0xb6, 0x7b, 0xb6, 0x7b, 0xb6,
    0x7a, 0xb6, 0x7a, 0xb6, 0x5a, 0xb6, 0x5a, 0xb6, 0x7b, 0xb6, 0x7b, 0xb6,
    0x7a, 0xb6, 0x5a, 0xb6, 0x5a, 0xb6, 0x5a, 0xb6, 0x3a, 0xb6, 0x19, 0xae,
    0x19, 0xb6, 0x39, 0xb6, 0x5a, 0xb6, 0x5a, 0xb6, 0x5a, 0xb6, 0x5a, 0xb6,
    0x59, 0xbe, 0x79, 0xce, 0x79, 0xce, 0x99, 0xd6, 0x99, 0xd6, 0x79, 0xce,
    0xd7, 0xa5, 0xf7, 0xad, 0xf7, 0xad, 0xf7, 0xad, 0xf7, 0xad, 0x17, 0xb6,
    0x18, 0xb6, 0x18, 0xb6, 0x38, 0xbe, 0x58, 0xbe, 0x58, 0xc6, 0x78, 0xce,
    0x98, 0xce, 0x99, 0xd6, 0xb9, 0xd6, 0x99, 0xce, 0x79, 0xc6, 0x59, 0xb6,
    0x39, 0xae, 0x39, 0xae, 0x3a, 0xae, 0x3a, 0xa6, 0x19, 0xa6, 0x39, 0xa6,
    0x3a, 0xa6, 0x3a, 0xa6, 0x3a, 0xa6, 0x3a, 0xa6, 0x3a, 0xa6, 0x3a, 0xa6,
    0x3a, 0xa6, 0x3a, 0xae, 0x3a, 0xae, 0x5a, 0xae, 0x5a, 0xae, 0x5a, 0xae,
    0x5a, 0xae, 0x5a, 0xae, 0x5a, 0xae, 0x5a, 0xae, 0x5a, 0xae, 0x5a, 0xae,
    0x5a, 0xae, 0x5a, 0xae, 0x5a, 0xae, 0x5a, 0xae, 0x5a, 0xae, 0x7b, 0xb6,
    0x7b, 0xb6, 0x7b, 0xb6, 0x7b, 0xb6, 0x7b, 0xb6, 0x7b, 0xb6, 0x7b, 0xb6,
    0x7b, 0xb6, 0x7b, 0xb6, 0x9b, 0xbe, 0x9b, 0xbe, 0x9b, 0xbe, 0x9b, 0xbe,
    0x9b, 0xbe, 0x9b, 0xbe, 0x9b, 0xc6, 0xbb, 0xc6, 0xdb, 0xce, 0xdb, 0xce,
    0xbb, 0xc6, 0xbb, 0xc6, 0xbb, 0xce, 0xdb, 0xce, 0xdb, 0xce, 0xbb, 0xc6,
    0xbb, 0xc6, 0x9b, 0xc6, 0x9b, 0xc6, 0x9b, 0xc6, 0x9b, 0xbe, 0x9b, 0xbe,
    0x9b, 0xbe, 0x9b, 0xbe, 0x9b, 0xbe, 0x9b, 0xbe, 0xbb, 0xbe, 0xbb, 0xbe,
    0x9b, 0xbe, 0xbb, 0xbe, 0x9b, 0xbe, 0x9b, 0xbe, 0x9b, 0xbe, 0x9b, 0xbe,
    0x9b, 0xbe, 0x9b, 0xbe, 0x9b, 0xbe, 0x9b, 0xbe, 0xbb, 0xbe, 0xbc, 0xbe,
    0xbc, 0xbe, 0xbc, 0xc6, 0xbb, 0xc6, 0xbb, 0xc6, 0xbc, 0xc6, 0xdc, 0xc6,
    0xdc, 0xce, 0xdc, 0xce, 0xfc, 0xce, 0xfc, 0xce, 0xfc, 0xd6, 0xfc, 0xd6,
    0xfc, 0xd6, 0xfc, 0xd6, 0xfc, 0xce, 0xfc, 0xd6, 0xfc, 0xd6, 0xfc, 0xd6,
    0xfc, 0xd6, 0xfc, 0xce, 0xfc, 0xce, 0xfc, 0xce, 0xfc, 0xd6, 0xfc, 0xd6,
    0xfc, 0xd6, 0xfc, 0xce, 0xfc, 0xce, 0xfc, 0xce, 0xfc, 0xce, 0xfc, 0xce,
    0xfc, 0xce, 0xfc, 0xce, 0xfc, 0xce, 0xfc, 0xce, 0xfc, 0xce, 0xfc, 0xce,
    0xfc, 0xce, 0xfc, 0xce, 0xfc, 0xce, 0xfc, 0xce, 0xdc, 0xce, 0xdc, 0xce,
    0xdc, 0xce, 0xdc, 0xce, 0xdc, 0xce, 0xdc, 0xce, 0xdc, 0xce, 0xdc, 0xce,
    0xdc, 0xce, 0xdc, 0xce, 0xdc, 0xce, 0xdc, 0xce, 0xdc, 0xce, 0xdc, 0xce,
    0xdc, 0xce, 0xdc, 0xce, 0xdc, 0xce, 0xdc, 0xce, 0xdc, 0xce, 0xdc, 0xc6,
    0xdc, 0xc6, 0xdc, 0xc6, 0xdc, 0xc6, 0xdc, 0xc6, 0xdc, 0xc6, 0xdc, 0xc6,
    0xdc, 0xc6, 0xbc, 0xc6, 0xbc, 0xc6, 0xbc, 0xc6, 0xbc, 0xc6, 0xbc, 0xc6,
    0xbc, 0xc6, 0xbc, 0xc6, 0xbc, 0xc6, 0xbc, 0xc6, 0xbc, 0xc6, 0xbc, 0xc6,
    0xbc, 0xc6, 0xbb, 0xc6, 0xbb, 0xc6, 0xbb, 0xc6, 0xbb, 0xc6, 0xbc, 0xc6,
    0xbc, 0xc6, 0xbc, 0xc6, 0xbb, 0xc6, 0x9b, 0xbe, 0x9b, 0xbe, 0x9b, 0xbe,
    0x9b, 0xbe, 0x9b, 0xbe, 0x9b, 0xbe, 0x9b, 0xbe, 0x9b, 0xbe, 0x9b, 0xbe,
    0x7b, 0xbe, 0x7b, 0xbe, 0x7b, 0xbe, 0x7b, 0xbe, 0x7a, 0xbe, 0x7b, 0xbe,
    0x7a, 0xbe, 0x7b, 0xbe, 0x7b, 0xbe, 0x7b, 0xbe, 0x7b, 0xbe, 0x7b, 0xbe,
    0x7b, 0xbe, 0x7a, 0xbe, 0x7a, 0xbe, 0x7a, 0xbe, 0x7a, 0xbe, 0x7a, 0xbe,
    0x7a, 0xbe, 0x7a, 0xbe, 0x5a, 0xb6, 0x5a, 0xb6, 0x5a, 0xb6, 0x3a, 0xb6,
    0x39, 0xb6, 0x5a, 0xb6, 0x5a, 0xbe, 0x7a, 0xbe, 0x7a, 0xc6, 0x9a, 0xce,
    0xb9, 0xd6, 0xd9, 0xe6, 0xb9, 0xde, 0x59, 0xc6, 0x39, 0xbe, 0x39, 0xbe,
    0x39, 0xb6, 0x59, 0xbe, 0xf7, 0xad, 0xf7, 0xad, 0xf7, 0xad, 0xf7, 0xad,
    0xf7, 0xb5, 0x17, 0xb6, 0x18, 0xb6, 0x18, 0xb6, 0x38, 0xbe, 0x38, 0xbe,
    0x38, 0xc6, 0x58, 0xc6, 0x78, 0xce, 0x98, 0xce, 0x99, 0xd6, 0xb9, 0xd6,
    0xb9, 0xd6, 0x99, 0xce, 0x79, 0xc6, 0x59, 0xbe, 0x39, 0xb6, 0x39, 0xb6,
    0x39, 0xb6, 0x39, 0xb6, 0x39, 0xb6, 0x39, 0xb6, 0x39, 0xae, 0x39, 0xae,
    0x5a, 0xb6, 0x3a, 0xae, 0x5a, 0xae, 0x5a, 0xb6, 0x5a, 0xb6, 0x7a, 0xb6,
    0x5a, 0xb6, 0x5a, 0xae, 0x5a, 0xae, 0x5a, 0xae, 0x5a, 0xae, 0x5a, 0xae,
    0x5a, 0xb6, 0x5a, 0xae, 0x5a, 0xae, 0x7a, 0xb6, 0x7a, 0xb6, 0x5a, 0xb6,
    0x5a, 0xb6, 0x7a, 0xb6, 0x7b, 0xb6, 0x7b, 0xb6, 0x7b, 0xb6, 0x7b, 0xb6,
    0x7b, 0xb6, 0x9b, 0xbe, 0x9b, 0xb6, 0x9b, 0xb6, 0x9b, 0xb6, 0x9b, 0xbe,
    0x9b, 0xbe, 0x9b, 0xbe, 0x9b, 0xbe, 0x9b, 0xbe, 0x9b, 0xbe, 0xbb, 0xc6,
    0xbb, 0xc6, 0xbb, 0xc6, 0xbb, 0xc6, 0xbb, 0xc6, 0xbb, 0xc6, 0xdb, 0xce,
    0xdb, 0xce, 0xdb, 0xce, 0xdb, 0xce, 0xbb, 0xc6, 0xbb, 0xc6, 0xbb, 0xc6,
    0xbb, 0xc6, 0xbb, 0xc6, 0xbb, 0xc6, 0xbb, 0xc6, 0xbb, 0xc6, 0xbb, 0xc6,
    0xbb, 0xbe, 0xbb, 0xbe, 0xbb, 0xc6, 0xbb, 0xc6, 0xbb, 0xc6, 0xbb, 0xc6,
    0xbb, 0xc6, 0xbb, 0xc6, 0xbb, 0xc6, 0xbb, 0xc6, 0xbb, 0xc6, 0xbb, 0xc6,
    0xbb, 0xc6, 0xbc, 0xc6, 0xbb, 0xc6, 0xbb, 0xc6, 0xbb, 0xc6, 0xbb, 0xc6,
    0xbc, 0xc6, 0xdc, 0xc6, 0xdc, 0xc6, 0xdc, 0xce, 0xdc, 0xce, 0xdc, 0xce,
    0xfc, 0xce, 0xfc, 0xce, 0xfc, 0xce, 0xfc, 0xce, 0xfc, 0xce, 0xfc, 0xce,
    0xfc, 0xce, 0xfc, 0xce, 0xfc, 0xce, 0xfc, 0xce, 0xfc, 0xce, 0xfc, 0xce,
    0xfc, 0xce, 0xfc, 0xce, 0xfc, 0xce, 0xfc, 0xce, 0xfc, 0xce, 0xfc, 0xce,
    0xfc, 0xce, 0xfc, 0xce, 0xfc, 0xce, 0xfc, 0xce, 0xfc, 0xce, 0xfc, 0xce,
    0xfc, 0xce, 0xfc, 0xce, 0xfc, 0xce, 0xfc, 0xce, 0xfc, 0xce, 0xfc, 0xce,
    0xfc, 0xce, 0xfc, 0xce, 0xfc, 0xce, 0xfc, 0xce, 0xfc, 0xce, 0xfc, 0xce,
    0xfc, 0xce, 0xfc, 0xce, 0xfc, 0xce, 0xdc, 0xce, 0xdc, 0xce, 0xdc, 0xce,
    0xdc, 0xce, 0xfc, 0xce, 0xfc, 0xce, 0xdc, 0xce, 0xdc, 0xce, 0xdc, 0xce,
    0xdc, 0xce, 0xdc, 0xce, 0xdc, 0xce, 0xdc, 0xce, 0xdc, 0xce, 0xdc, 0xce,
    0xdc, 0xce, 0xdc, 0xce, 0xdc, 0xce, 0xdc, 0xc6, 0xdc, 0xc6, 0xdc, 0xce,
    0xdc, 0xc6, 0xdc, 0xc6, 0xdc, 0xc6, 0xdc, 0xc6, 0xdc, 0xc6, 0xdc, 0xc6,
    0xdc, 0xc6, 0xdc, 0xc6, 0xdc, 0xc6, 0xdc, 0xc6, 0xdc, 0xc6, 0xbc, 0xc6,
    0xbc, 0xc6, 0xbc, 0xc6, 0xbc, 0xc6, 0xbc, 0xc6, 0xbc, 0xc6, 0xbc, 0xc6,
    0xbb, 0xbe, 0xbb, 0xbe, 0x9b, 0xbe, 0x9b, 0xbe, 0x9b, 0xbe, 0x9b, 0xbe,
    0x9b, 0xbe, 0x9b, 0xbe, 0x9b, 0xbe, 0x9b, 0xbe, 0x7b, 0xbe, 0x7b, 0xbe,
    0x7b, 0xbe, 0x9b, 0xbe, 0x9b, 0xbe, 0x9b, 0xbe, 0x7b, 0xbe, 0x7b, 0xbe,
    0x7b, 0xbe, 0x7b, 0xbe, 0x7a, 0xbe, 0x7a, 0xbe, 0x7a, 0xbe, 0x7a, 0xbe,
    0x7a, 0xbe, 0x7a, 0xbe, 0x7a, 0xbe, 0x7a, 0xbe, 0x5a, 0xbe, 0x5a, 0xbe,
    0x5a, 0xb6, 0x7a, 0xbe, 0x7a, 0xbe, 0x7a, 0xc6, 0x7a, 0xc6, 0xba, 0xd6,
    0xba, 0xd6, 0x9a, 0xce, 0x79, 0xc6, 0x99, 0xce, 0x79, 0xc6, 0x59, 0xc6,
    0x79, 0xce, 0x78, 0xd6, 0x79, 0xce, 0x79, 0xce, 0x38, 0xbe, 0x38, 0xbe,
    0x18, 0xb6, 0x18, 0xb6, 0x18, 0xb6, 0x38, 0xbe, 0x38, 0xbe, 0x38, 0xbe,
    0x38, 0xbe, 0x38, 0xbe, 0x58, 0xc6, 0x58, 0xc6, 0x58, 0xc6, 0x78, 0xce,
    0x98, 0xd6, 0x99, 0xd6, 0xb9, 0xde, 0xd9, 0xde, 0xb9, 0xde, 0x99, 0xd6,
    0x79, 0xc6, 0x59, 0xbe, 0x59, 0xb6, 0x39, 0xb6, 0x39, 0xb6, 0x59, 0xb6,
    0x39, 0xb6, 0x39, 0xb6, 0x39, 0xb6, 0x39, 0xb6, 0x59, 0xb6, 0x5a, 0xbe,
    0x9a, 0xce, 0xda, 0xde, 0x1b, 0xe7, 0xdb, 0xd6, 0x7b, 0xbe, 0x7a, 0xb6,
    0x7a, 0xb6, 0x7a, 0xb6, 0x7a, 0xb6, 0x7a, 0xb6, 0x7a, 0xb6, 0x7a, 0xb6,
    0x7a, 0xb6, 0x7a, 0xb6, 0x7a, 0xb6, 0x7b, 0xb6, 0x7b, 0xb6, 0x7b, 0xb6,
    0x7b, 0xb6, 0x7b, 0xb6, 0x9b, 0xbe, 0x9b, 0xbe, 0x9b, 0xbe, 0x9b, 0xbe,
    0x9b, 0xbe, 0x9b, 0xbe, 0x9b, 0xbe, 0x9b, 0xbe, 0x9b, 0xbe, 0x9b, 0xbe,
    0xbb, 0xbe, 0xbb, 0xc6, 0xbb, 0xc6, 0xbb, 0xc6, 0xbb, 0xc6, 0xbb, 0xc6,
    0xdb, 0xc6, 0xdb, 0xc6, 0xdc, 0xce, 0xdb, 0xce, 0xfc, 0xd6, 0xfc, 0xd6,
    0xdc, 0xce, 0xdc, 0xc6, 0xdb, 0xc6, 0xdb, 0xc6, 0xdb, 0xc6, 0xbb, 0xc6,
    0xbb, 0xc6, 0xbb, 0xc6, 0xbb, 0xc6, 0xbb, 0xc6, 0xbb, 0xc6, 0xbb, 0xc6,
    0xbb, 0xc6, 0xbb, 0xc6, 0xbb, 0xc6, 0xbc, 0xc6, 0xbb, 0xc6, 0xbb, 0xc6,
    0xbc, 0xc6, 0xbc, 0xc6, 0xbc, 0xc6, 0xbc, 0xc6, 0xbc, 0xc6, 0xbb, 0xc6,
    0xbb, 0xc6, 0xbb, 0xc6, 0xbb, 0xc6, 0xbc, 0xc6, 0xdc, 0xc6, 0xdc, 0xc6,
    0xdc, 0xc6, 0xdc, 0xce, 0xdc, 0xce, 0xdc, 0xce, 0xdc, 0xce, 0xdc, 0xce,
    0xfc, 0xce, 0xdc, 0xce, 0xdc, 0xce, 0xdc, 0xce, 0xdc, 0xce, 0xdc, 0xce,
    0xfc, 0xce, 0xfc, 0xce, 0xfc, 0xce, 0xfc, 0xce, 0xfc, 0xce, 0xfc, 0xce,
    0xfc, 0xce, 0xfc, 0xce, 0xfc, 0xce, 0xfc, 0xce, 0xfc, 0xce, 0xfc, 0xd6,
    0x1c, 0xd7, 0x1c, 0xd7, 0x1c, 0xd7, 0x1c, 0xd7, 0x1c, 0xd7, 0x1c, 0xd7,
    0x1c, 0xd7, 0x1c, 0xd7, 0x1c, 0xd7, 0x1c, 0xd7, 0xfc, 0xd6, 0xfc, 0xd6,
    0xfc, 0xd6, 0x1c, 0xd7, 0x1c, 0xd7, 0xfc, 0xd6, 0xfc, 0xce, 0xfc, 0xce,
    0xfc, 0xce, 0xfc, 0xce, 0xfc, 0xce, 0xfc, 0xce, 0xfc, 0xce, 0xfc, 0xce,
    0xfc, 0xce, 0xfc, 0xce, 0xfc, 0xce, 0xfc, 0xce, 0xfc, 0xce, 0xfc, 0xce,
    0xfc, 0xce, 0xfc, 0xce, 0xfc, 0xce, 0xfc, 0xce, 0xfc, 0xce, 0xfc, 0xce,
    0xfc, 0xce, 0xfc, 0xce, 0xfc, 0xce, 0xfc, 0xce, 0xdc, 0xce, 0xdc, 0xce,
    0xdc, 0xce, 0xdc, 0xce, 0xdc, 0xce, 0xdc, 0xce, 0xdc, 0xce, 0xdc, 0xce,
    0xdc, 0xce, 0xdc, 0xce, 0xdc, 0xc6, 0xdc, 0xc6, 0xdc, 0xc6, 0xdc, 0xc6,
    0xbc, 0xc6, 0xbc, 0xc6, 0xbb, 0xc6, 0xbb, 0xc6, 0xbb, 0xc6, 0xbb, 0xc6,
    0xbb, 0xc6, 0x9b, 0xc6, 0x9b, 0xc6, 0x9b, 0xbe, 0x9b, 0xbe, 0x9b, 0xbe,
    0x9b, 0xbe, 0x9b, 0xbe, 0x9b, 0xbe, 0x9b, 0xbe, 0x9b, 0xbe, 0x9b, 0xbe,
    0x9b, 0xbe, 0x7b, 0xbe, 0x7b, 0xbe, 0x7b, 0xbe, 0x7a, 0xbe, 0x7a, 0xbe,
    0x7a, 0xbe, 0x7a, 0xbe, 0x7a, 0xbe, 0x7a, 0xbe, 0x7a, 0xbe, 0x7a, 0xbe,
    0x7a, 0xbe, 0x7a, 0xbe, 0x9a, 0xc6, 0x7a, 0xce, 0x7a, 0xce, 0x9a, 0xc6,
    0x7a, 0xc6, 0x9a, 0xc6, 0xba, 0xce, 0xb9, 0xde, 0x99, 0xd6, 0xf9, 0xee,
    0xf9, 0xee, 0xd9, 0xe6, 0x79, 0xd6, 0x59, 0xc6, 0x39, 0xbe, 0x19, 0xb6,
    0x99, 0xce, 0x99, 0xce, 0x99, 0xce, 0x79, 0xc6, 0x79, 0xc6, 0x79, 0xc6,
    0x79, 0xc6, 0x59, 0xc6, 0x58, 0xc6, 0x58, 0xc6, 0x58, 0xc6, 0x78, 0xc6,
    0x78, 0xce, 0x78, 0xce, 0x99, 0xce, 0x99, 0xd6, 0xb9, 0xd6, 0xb9, 0xde,
    0xf9, 0xe6, 0xfa, 0xe6, 0xb9, 0xde, 0x99, 0xce, 0x79, 0xc6, 0x59, 0xbe,
    0x59, 0xbe, 0x59, 0xbe, 0x59, 0xbe, 0x59, 0xbe, 0x59, 0xbe, 0x59, 0xbe,
    0x59, 0xbe, 0x59, 0xbe, 0x59, 0xc6, 0x79, 0xc6, 0xba, 0xd6, 0xda, 0xde,
    0xfa, 0xde, 0xdb, 0xd6, 0xbb, 0xc6, 0x7b, 0xb6, 0x7a, 0xb6, 0x7a, 0xb6,
    0x7a, 0xb6, 0x7a, 0xb6, 0x7b, 0xb6, 0x7b, 0xb6, 0x7b, 0xb6, 0x7b, 0xb6,
    0x9b, 0xb6, 0x9b, 0xbe, 0x9b, 0xbe, 0x9b, 0xbe, 0x9b, 0xbe, 0x9b, 0xbe,
    0x9b, 0xbe, 0xbb, 0xbe, 0x9b, 0xbe, 0x9b, 0xbe, 0x9b, 0xbe, 0x9b, 0xbe,
    0x9b, 0xbe, 0x9b, 0xbe, 0x9b, 0xbe, 0xbb, 0xbe, 0xbb, 0xc6, 0xbb, 0xc6,
    0xdc, 0xce, 0xdc, 0xce, 0xdc, 0xce, 0xdc, 0xce, 0xdb, 0xce, 0xdb, 0xce,
    0xdb, 0xce, 0xdc, 0xce, 0xdc, 0xce, 0xdc, 0xce, 0xdc, 0xce, 0xdc, 0xce,
    0xdc, 0xce, 0xdc, 0xce, 0xdc, 0xc6, 0xdb, 0xc6, 0xbb, 0xc6, 0xbc, 0xc6,
    0xbc, 0xc6, 0xbc, 0xc6, 0xbb, 0xc6, 0xbb, 0xc6, 0xbb, 0xc6, 0xbb, 0xc6,
    0xbb, 0xc6, 0xbb, 0xc6, 0xbb, 0xc6, 0xbc, 0xc6, 0xbc, 0xc6, 0xdc, 0xc6,
    0xdc, 0xc6, 0xdc, 0xc6, 0xbc, 0xc6, 0xbb, 0xc6, 0xbc, 0xc6, 0xbc, 0xc6,
    0xdc, 0xc6, 0xdc, 0xc6, 0xdc, 0xc6, 0xdc, 0xce, 0xdc, 0xce, 0xdc, 0xce,
    0xdc, 0xce, 0xfc, 0xce, 0xfc, 0xce, 0xdc, 0xce, 0xfc, 0xce, 0xfc, 0xce,
    0xfc, 0xce, 0xfc, 0xce, 0xfc, 0xce, 0xfc, 0xce, 0xfc, 0xce, 0xfc, 0xce,
    0xfc, 0xce, 0xfc, 0xce, 0xfc, 0xce, 0x1c, 0xd7, 0x1c, 0xd7, 0x1c, 0xd7,
    0x1c, 0xd7, 0x1d, 0xd7, 0x1c, 0xd7, 0x1c, 0xd7, 0x1c, 0xd7, 0x1c, 0xd7,
    0x1c, 0xd7, 0x1c, 0xd7, 0x1c, 0xd7, 0x1c, 0xd7, 0x1c, 0xd7, 0x1c, 0xd7,
    0x1c, 0xd7, 0x1c, 0xd7, 0x1c, 0xd7, 0x1c, 0xd7, 0x1c, 0xd7, 0x1c, 0xd7,
    0x1c, 0xd7, 0x1c, 0xd7, 0x1c, 0xd7, 0x1c, 0xd7, 0x1c, 0xd7, 0x1c, 0xd7,
    0x1c, 0xd7, 0x1c, 0xd7, 0x1c, 0xd7, 0x1c, 0xdf, 0x1c, 0xd7, 0x1c, 0xd7,
    0x1c, 0xd7, 0x1c, 0xd7, 0x1c, 0xd7, 0xfc, 0xd6, 0xfc, 0xd6, 0xfc, 0xd6,
    0xfc, 0xd6, 0x1c, 0xd7, 0xfc, 0xd6, 0xfc, 0xd6, 0x1c, 0xd7, 0xfc, 0xd6,
    0xfc, 0xce, 0xfc, 0xce, 0xfc, 0xce, 0xfc, 0xce, 0xfc, 0xce, 0xfc, 0xce,
    0xfc, 0xce, 0xfc, 0xce, 0xfc, 0xce, 0xdc, 0xce, 0xdc, 0xce, 0xdc, 0xce,
    0xdc, 0xce, 0xdc, 0xce, 0xdc, 0xc6, 0xdc, 0xc6, 0xbb, 0xc6, 0xbb, 0xc6,
    0xbb, 0xc6, 0xbb, 0xc6, 0xbb, 0xc6, 0xbb, 0xc6, 0xbb, 0xc6, 0xbb, 0xc6,
    0x9b, 0xc6, 0x9b, 0xc6, 0x9b, 0xc6, 0x9b, 0xc6, 0x9b, 0xc6, 0x9b, 0xbe,
    0x9b, 0xbe, 0x9b, 0xc6, 0x9b, 0xc6, 0x9b, 0xbe, 0x7b, 0xbe, 0x7a, 0xbe,
    0x7a, 0xbe, 0x7a, 0xbe, 0x5a, 0xbe, 0x7a, 0xc6, 0x7a, 0xc6, 0x39, 0xbe,
    0x59, 0xc6, 0x7a, 0xc6, 0x39, 0xbe, 0x59, 0xc6, 0x9a, 0xce, 0x7a, 0xce,
    0x9a, 0xce, 0xda, 0xd6, 0xba, 0xd6, 0xfa, 0xe6, 0xfa, 0xe6, 0xd9, 0xe6,
    0xb9, 0xde, 0xd9, 0xe6, 0x99, 0xd6, 0x59, 0xc6, 0x59, 0xbe, 0x39, 0xbe,
    0x39, 0xbe, 0x38, 0xc6, 0x39, 0xae, 0x59, 0xb6, 0x79, 0xbe, 0x7a, 0xbe,
    0x79, 0xbe, 0x9a, 0xc6, 0xba, 0xce, 0xb9, 0xd6, 0xb9, 0xd6, 0xb9, 0xd6,
    0xb9, 0xd6, 0xb9, 0xd6, 0xb9, 0xd6, 0xb9, 0xd6, 0xb9, 0xd6, 0xb9, 0xd6,
    0xb9, 0xd6, 0xb9, 0xd6, 0xb9, 0xde, 0xd9, 0xde, 0xda, 0xe6, 0xda, 0xde,
    0xda, 0xde, 0x9a, 0xce, 0x9a, 0xc6, 0x7a, 0xc6, 0x7a, 0xc6, 0x7a, 0xc6,
    0x79, 0xc6, 0x79, 0xc6, 0x79, 0xc6, 0x79, 0xc6, 0x79, 0xc6, 0x79, 0xc6,
    0x99, 0xce, 0x99, 0xce, 0x99, 0xce, 0xba, 0xd6, 0xda, 0xd6, 0xda, 0xd6,
    0xbb, 0xce, 0x9b, 0xbe, 0x7b, 0xbe, 0x9b, 0xbe, 0x9b, 0xbe, 0x9b, 0xbe,
    0x9b, 0xbe, 0x9b, 0xbe, 0x9b, 0xbe, 0x9b, 0xbe, 0x9b, 0xbe, 0x9b, 0xbe,
    0x9b, 0xbe, 0xbb, 0xbe, 0xbb, 0xc6, 0xbb, 0xc6, 0xbb, 0xbe, 0xbb, 0xbe,
    0x9b, 0xbe, 0x9b, 0xbe, 0x9b, 0xbe, 0xbb, 0xbe, 0x9b, 0xbe, 0xbb, 0xbe,
    0xbb, 0xc6, 0xbb, 0xc6, 0xbb, 0xc6, 0xdc, 0xc6, 0xdc, 0xce, 0xdb, 0xce,
    0xdb, 0xce, 0xdb, 0xce, 0xdc, 0xce, 0xfc, 0xce, 0xdc, 0xce, 0xfc, 0xce,
    0xfc, 0xce, 0xfc, 0xce, 0xfc, 0xce, 0xfc, 0xce, 0xfc, 0xce, 0xfc, 0xce,
    0xdc, 0xce, 0xdc, 0xce, 0xdc, 0xc6, 0xdc, 0xc6, 0xdc, 0xc6, 0xdc, 0xc6,
    0xdc, 0xc6, 0xdc, 0xc6, 0xdc, 0xc6, 0xdc, 0xc6, 0xdc, 0xc6, 0xdc, 0xc6,
    0xdc, 0xc6, 0xdc, 0xc6, 0xdc, 0xc6, 0xdc, 0xc6, 0xdc, 0xc6, 0xdc, 0xc6,
    0xdc, 0xc6, 0xdc, 0xc6, 0xdc, 0xc6, 0xdc, 0xce, 0xdc, 0xce, 0xdc, 0xce,
    0xdc, 0xce, 0xfc, 0xce, 0xfc, 0xce, 0xfc, 0xce, 0xfc, 0xce, 0xfc, 0xce,
    0xfc, 0xce, 0xfc, 0xce, 0xfc, 0xce, 0xfc, 0xce, 0xfc, 0xce, 0xfc, 0xce,
    0xfc, 0xce, 0xfc, 0xce, 0xfc, 0xd6, 0xfc, 0xd6, 0x1c, 0xcf, 0x1c, 0xd7,
    0x1d, 0xd7, 0x1d, 0xd7, 0x1d, 0xd7, 0x1d, 0xd7, 0x1c, 0xdf, 0x1c, 0xdf,
    0x1d, 0xd7, 0x1d, 0xd7, 0x1d, 0xd7, 0x1d, 0xd7, 0x1d, 0xd7, 0x1d, 0xd7,
    0x3d, 0xdf, 0x3c, 0xdf, 0x3d, 0xdf, 0x3d, 0xdf, 0x5d, 0xe7, 0x3d, 0xdf,
    0x3d, 0xdf, 0x3d, 0xdf, 0x3d, 0xdf, 0x3d, 0xdf, 0x3d, 0xdf, 0x1c, 0xd7,
    0x1c, 0xd7, 0x1c, 0xd7, 0x1c, 0xd7, 0x1d, 0xd7, 0x3d, 0xdf, 0x3d, 0xdf,
    0x3d, 0xdf, 0x3d, 0xdf, 0x3d, 0xdf, 0x5d, 0xef, 0x3d, 0xdf, 0x7c, 0xef,
    0x9d, 0xf7, 0x5d, 0xe7, 0x5d, 0xe7, 0x3c, 0xe7, 0x1c, 0xd7, 0x1c, 0xd7,
    0x1c, 0xd7, 0x1c, 0xd7, 0x1c, 0xd7, 0x1c, 0xd7, 0x1c, 0xd7, 0xfc, 0xd6,
    0xfc, 0xd6, 0xfc, 0xd6, 0xfc, 0xd6, 0xfc, 0xd6, 0xfc, 0xd6, 0xfc, 0xd6,
    0xfc, 0xce, 0xdc, 0xce, 0xdc, 0xce, 0xdc, 0xce, 0xdc, 0xce, 0xdc, 0xce,
    0xdc, 0xc6, 0xbb, 0xc6, 0xbb, 0xc6, 0xbb, 0xc6, 0xbb, 0xc6, 0xbb, 0xc6,
    0xbb, 0xc6, 0xbb, 0xc6, 0xbb, 0xc6, 0xbb, 0xc6, 0xbb, 0xc6, 0xbb, 0xc6,
    0xbb, 0xc6, 0xbb, 0xc6, 0x9b, 0xc6, 0x9b, 0xc6, 0x7a, 0xbe, 0x19, 0xb6,
    0xd8, 0xad, 0xd8, 0xad, 0x39, 0xbe, 0x39, 0xbe, 0xb7, 0xad, 0xb7, 0xb5,
    0xb7, 0xb5, 0xf8, 0xb5, 0x59, 0xc6, 0x18, 0xc6, 0x59, 0xc6, 0x9a, 0xce,
    0xba, 0xce, 0xda, 0xd6, 0xdb, 0xde, 0xda, 0xd6, 0x9a, 0xce, 0x9a, 0xce,
    0x9a, 0xce, 0x7a, 0xc6, 0x79, 0xc6, 0x7a, 0xc6, 0x79, 0xc6, 0x59, 0xc6,
    0x38, 0xc6, 0x18, 0xbe, 0xd7, 0xb5, 0xb6, 0xad, 0x39, 0xa6, 0x39, 0xae,
    0x39, 0xae, 0x59, 0xae, 0x59, 0xae, 0x59, 0xae, 0x5a, 0xb6, 0x5a, 0xb6,
    0x5a, 0xb6, 0x5a, 0xb6, 0x7a, 0xbe, 0x7a, 0xbe, 0x9a, 0xc6, 0x9a, 0xce,
    0xba, 0xce, 0xba, 0xd6, 0xda, 0xde, 0xda, 0xde, 0xda, 0xde, 0xda, 0xde,
    0xda, 0xde, 0xda, 0xde, 0xda, 0xde, 0xda, 0xd6, 0xda, 0xd6, 0xba, 0xce,
    0xba, 0xce, 0x9a, 0xce, 0xba, 0xce, 0xba, 0xce, 0xba, 0xce, 0x9a, 0xce,
    0x9a, 0xce, 0x9a, 0xce, 0x9a, 0xce, 0x9a, 0xce, 0x99, 0xce, 0x99, 0xce,
    0x9a, 0xce, 0xba, 0xd6, 0xba, 0xd6, 0xda, 0xd6, 0xdb, 0xd6, 0xbb, 0xce,
    0xdb, 0xce, 0xdb, 0xce, 0x9b, 0xc6, 0x9b, 0xbe, 0x9b, 0xbe, 0x9b, 0xbe,
    0x9b, 0xbe, 0x9b, 0xbe, 0xbb, 0xbe, 0xbb, 0xc6, 0xbb, 0xc6, 0xbb, 0xc6,
    0xbb, 0xc6, 0xbb, 0xc6, 0xbb, 0xc6, 0xbb, 0xc6, 0xbb, 0xc6, 0xbb, 0xc6,
    0xbb, 0xc6, 0xbb, 0xc6, 0xbb, 0xc6, 0xbb, 0xc6, 0xbb, 0xc6, 0xdb, 0xc6,
    0xdb, 0xce, 0xdc, 0xce, 0xdb, 0xce, 0xdb, 0xce, 0xdc, 0xce, 0xdc, 0xce,
    0xfc, 0xce, 0xfc, 0xd6, 0xfc, 0xd6, 0xfc, 0xd6, 0xfc, 0xd6, 0xfc, 0xd6,
    0x1c, 0xd7, 0xfc, 0xd6, 0xfc, 0xd6, 0xfc, 0xce, 0xfc, 0xce, 0xfc, 0xce,
    0xfc, 0xce, 0xfc, 0xce, 0xdc, 0xce, 0xfc, 0xce, 0xfc, 0xce, 0xfc, 0xce,
    0xfc, 0xce, 0xdc, 0xce, 0xdc, 0xce, 0xfc, 0xce, 0xfc, 0xce, 0xfc, 0xce,
    0xdc, 0xce, 0xdc, 0xce, 0xdc, 0xce, 0xdc, 0xce, 0xdc, 0xce, 0xfc, 0xce,
    0xfc, 0xce, 0xfc, 0xce, 0xfc, 0xce, 0xfc, 0xce, 0xfc, 0xce, 0xfc, 0xce,
    0xfc, 0xce, 0xfc, 0xce, 0xfc, 0xce, 0xfc, 0xce, 0xfc, 0xce, 0xfc, 0xce,
    0xfc, 0xce, 0xfc, 0xce, 0xfc, 0xce, 0xfc, 0xce, 0xfc, 0xce, 0x1c, 0xd7,
    0x1d, 0xd7, 0x1d, 0xd7, 0x1d, 0xd7, 0x1d, 0xd7, 0x1d, 0xd7, 0x1d, 0xd7,
    0x1d, 0xd7, 0x1d, 0xd7, 0x1d, 0xd7, 0x1d, 0xd7, 0x1d, 0xd7, 0x1d, 0xd7,
    0x3d, 0xdf, 0x3d, 0xdf, 0x3d, 0xdf, 0x3d, 0xdf, 0x3d, 0xdf, 0x3d, 0xdf,
    0x3d, 0xdf, 0x3d, 0xdf, 0x5d, 0xe7, 0x5d, 0xe7, 0x7d, 0xef, 0x5d, 0xe7,
    0x3d, 0xdf, 0x3d, 0xdf, 0x3d, 0xe7, 0x5d, 0xe7, 0x5d, 0xe7, 0x5d, 0xef,
    0x5c, 0xef, 0x7d, 0xf7, 0x7d, 0xef, 0x5d, 0xe7, 0x5d, 0xe7, 0x3d, 0xdf,
    0x3d, 0xdf, 0x3d, 0xdf, 0x5d, 0xe7, 0x5d, 0xe7, 0x9d, 0xf7, 0x7c, 0xf7,
    0x7c, 0xf7, 0x3c, 0xe7, 0x3c, 0xdf, 0x3c, 0xdf, 0x1c, 0xdf, 0x1c, 0xd7,
    0x1c, 0xd7, 0x1c, 0xd7, 0x1c, 0xd7, 0x1c, 0xd7, 0x1c, 0xd7, 0xfc, 0xd6,
    0xfc, 0xd6, 0xfc, 0xd6, 0xfc, 0xd6, 0xfc, 0xd6, 0xdc, 0xce, 0xdc, 0xce,
    0xdc, 0xce, 0xdc, 0xce, 0xdc, 0xce, 0xdc, 0xce, 0xdb, 0xce, 0xdb, 0xce,
    0xbb, 0xce, 0xbb, 0xc6, 0xbb, 0xc6, 0xbb, 0xc6, 0xbb, 0xc6, 0xbb, 0xc6,
    0x9b, 0xc6, 0x7a, 0xc6, 0x5a, 0xbe, 0x7a, 0xc6, 0x7a, 0xc6, 0x39, 0xbe,
    0xb7, 0xad, 0xb7, 0xad, 0xd7, 0xb5, 0xf8, 0xb5, 0xd8, 0xb5, 0xb7, 0xb5,
    0x96, 0xb5, 0x96, 0xad, 0xd7, 0xbd, 0x78, 0xd6, 0x59, 0xce, 0xb9, 0xde,
    0xba, 0xd6, 0xda, 0xd6, 0xfa, 0xe6, 0xda, 0xd6, 0x9a, 0xc6, 0x9a, 0xc6,
    0x9a, 0xc6, 0x9a, 0xc6, 0x9a, 0xc6, 0x9a, 0xce, 0x9a, 0xce, 0x98, 0xd6,
    0x78, 0xd6, 0xf7, 0xc5, 0xf7, 0xc5, 0xd7, 0xb5, 0xb6, 0xb5, 0x96, 0xad,
    0x39, 0xae, 0x39, 0xae, 0x39, 0xae, 0x39, 0xae, 0x59, 0xae, 0x59, 0xae,
    0x59, 0xae, 0x59, 0xb6, 0x59, 0xb6, 0x59, 0xb6, 0x5a, 0xb6, 0x7a, 0xb6,
    0x7a, 0xb6, 0x7a, 0xb6, 0x7a, 0xb6, 0x7a, 0xb6, 0x7a, 0xbe, 0x7a, 0xbe,
    0x9a, 0xc6, 0x9a, 0xc6, 0x9a, 0xce, 0xba, 0xce, 0xba, 0xd6, 0xba, 0xce,
    0xba, 0xce, 0xba, 0xc6, 0x9a, 0xc6, 0xba, 0xc6, 0xba, 0xc6, 0xdb, 0xce,
    0xdb, 0xd6, 0xbb, 0xce, 0xbb, 0xd6, 0xba, 0xce, 0xba, 0xce, 0xba, 0xce,
    0xba, 0xce, 0x9a, 0xce, 0x99, 0xce, 0xb9, 0xd6, 0xba, 0xd6, 0xba, 0xd6,
    0xba, 0xd6, 0x9a, 0xce, 0xba, 0xd6, 0xda, 0xd6, 0xda, 0xd6, 0xdb, 0xd6,
    0xdb, 0xce, 0xdb, 0xce, 0xbb, 0xce, 0xbb, 0xc6, 0xbb, 0xc6, 0xbb, 0xc6,
    0xbb, 0xc6, 0xdb, 0xc6, 0xbb, 0xc6, 0xbb, 0xc6, 0xbb, 0xc6, 0xbb, 0xc6,
    0xdb, 0xc6, 0xdb, 0xc6, 0xdb, 0xc6, 0xdb, 0xc6, 0xdb, 0xc6, 0xdb, 0xc6,
    0xdb, 0xc6, 0xdb, 0xc6, 0xdb, 0xc6, 0xdc, 0xce, 0xfc, 0xce, 0x3c, 0xe7,
    0x1c, 0xdf, 0x1c, 0xdf, 0xfc, 0xd6, 0xfc, 0xce, 0xfc, 0xce, 0xfc, 0xd6,
    0x1c, 0xd7, 0x1c, 0xd7, 0x1c, 0xd7, 0x1c, 0xd7, 0xfc, 0xd6, 0x1c, 0xd7,
    0x1c, 0xd7, 0x1c, 0xd7, 0xfc, 0xd6, 0xfc, 0xd6, 0xfc, 0xce, 0xfc, 0xce,
    0xfc, 0xce, 0xfc, 0xce, 0xfc, 0xce, 0xfc, 0xce, 0xfc, 0xce, 0xfc, 0xce,
    0xfc, 0xce, 0xfc, 0xce, 0xfc, 0xce, 0xfc, 0xce, 0xfc, 0xce, 0xfc, 0xce,
    0xfc, 0xce, 0xfc, 0xce, 0xfc, 0xce, 0xfc, 0xce, 0xfc, 0xce, 0xfc, 0xce,
    0xfc, 0xce, 0xfc, 0xce, 0x1c, 0xcf, 0xfc, 0xce, 0x1c, 0xcf, 0x1c, 0xd7,
    0x1c, 0xcf, 0x1c, 0xcf, 0xfc, 0xce, 0xfc, 0xd6, 0x1c, 0xd7, 0x1c, 0xd7,
    0x1c, 0xd7, 0x1c, 0xd7, 0x1d, 0xd7, 0x1d, 0xd7, 0x1d, 0xd7, 0x1d, 0xd7,
    0x1d, 0xd7, 0x1d, 0xd7, 0x1d, 0xd7, 0x1c, 0xd7, 0x1d, 0xd7, 0x1d, 0xd7,
    0x3d, 0xd7, 0x3d, 0xd7, 0x1d, 0xd7, 0x1d, 0xd7, 0x3d, 0xd7, 0x3d, 0xdf,
    0x3d, 0xdf, 0x3d, 0xdf, 0x3d, 0xdf, 0x3d, 0xdf, 0x3d, 0xdf, 0x3d, 0xdf,
    0x5d, 0xdf, 0x5d, 0xe7, 0x7d, 0xef, 0x9d, 0xf7, 0x9d, 0xf7, 0x9d, 0xff,
    0x9d, 0xf7, 0x9d, 0xf7, 0xbd, 0xff, 0x9d, 0xf7, 0x9d, 0xf7, 0x9d, 0xf7,
    0x7d, 0xf7, 0x5d, 0xef, 0x3d, 0xdf, 0x3d, 0xdf, 0x3d, 0xdf, 0x3d, 0xdf,
    0x3d, 0xdf, 0x3c, 0xdf, 0x3c, 0xe7, 0x3c, 0xdf, 0x3c, 0xdf, 0x5d, 0xe7,
    0x7d, 0xef, 0x3c, 0xdf, 0x3c, 0xdf, 0x3c, 0xdf, 0x1c, 0xdf, 0x1c, 0xdf,
    0x1c, 0xd7, 0x1c, 0xd7, 0x1c, 0xd7, 0x1c, 0xd7, 0x1c, 0xd7, 0xfc, 0xd6,
    0xfc, 0xd6, 0xfc, 0xd6, 0xfc, 0xce, 0xdc, 0xce, 0xdc, 0xce, 0xdc, 0xce,
    0xdc, 0xce, 0xdc, 0xce, 0xdb, 0xce, 0xdb, 0xce, 0xdb, 0xce, 0xbb, 0xce,
    0x7a, 0xc6, 0x18, 0xbe, 0xd8, 0xb5, 0xd8, 0xb5, 0x18, 0xbe, 0x39, 0xbe,
    0x18, 0xbe, 0xd8, 0xb5, 0xf8, 0xb5, 0xd7, 0xb5, 0xb7, 0xb5, 0xb7, 0xb5,
    0xb7, 0xb5, 0xb6, 0xb5, 0xb7, 0xbd, 0xf7, 0xc5, 0x99, 0xde, 0xda, 0xde,
    0xda, 0xde, 0xbb, 0xce, 0xba, 0xce, 0xba, 0xd6, 0x9a, 0xce, 0x9a, 0xce,
    0xba, 0xd6, 0x99, 0xd6, 0x58, 0xce, 0x58, 0xce, 0x37, 0xc6, 0x58, 0xce,
    0x17, 0xc6, 0xf7, 0xbd, 0xf7, 0xbd, 0xb6, 0xb5, 0xb6, 0xb5, 0xb6, 0xb5,
    0x96, 0xb5, 0x96, 0xad, 0x39, 0xae, 0x39, 0xae, 0x59, 0xae, 0x59, 0xae,
    0x59, 0xae, 0x59, 0xb6, 0x59, 0xb6, 0x59, 0xb6, 0x5a, 0xb6, 0x5a, 0xb6,
    0x5a, 0xb6, 0x7a, 0xb6, 0x5a, 0xb6, 0x7a, 0xb6, 0x7a, 0xb6, 0x7a, 0xb6,
    0x5a, 0xb6, 0x7a, 0xb6, 0x7a, 0xb6, 0x7a, 0xb6, 0x7a, 0xbe, 0x7a, 0xbe,
    0x7a, 0xbe, 0x9a, 0xbe, 0x9a, 0xc6, 0x9a, 0xc6, 0x9a, 0xbe, 0x9a, 0xbe,
    0x9a, 0xbe, 0x9a, 0xbe, 0x9a, 0xbe, 0xbb, 0xc6, 0xbb, 0xc6, 0xdb, 0xce,
    0xdb, 0xce, 0xdb, 0xd6, 0xda, 0xd6, 0xfa, 0xde, 0xda, 0xde, 0xda, 0xde,
    0xda, 0xde, 0xda, 0xde, 0xda, 0xd6, 0xba, 0xd6, 0xba, 0xd6, 0xba, 0xd6,
    0xda, 0xde, 0xda, 0xde, 0xda, 0xde, 0xfa, 0xde, 0x1a, 0xe7, 0x1b, 0xe7,
    0x1b, 0xe7, 0xfb, 0xd6, 0xdb, 0xce, 0xdb, 0xc6, 0xdb, 0xc6, 0xdb, 0xc6,
    0xbb, 0xc6, 0xdb, 0xc6, 0xdc, 0xc6, 0xdc, 0xc6, 0xdc, 0xc6, 0xdc, 0xce,
    0xdc, 0xce, 0xdc, 0xce, 0xdc, 0xce, 0xdc, 0xce, 0xdc, 0xce, 0xdc, 0xce,
    0xdc, 0xce, 0xfc, 0xd6, 0x1c, 0xdf, 0x3c, 0xe7, 0x3c, 0xe7, 0x3c, 0xe7,
    0x1c, 0xdf, 0x1c, 0xdf, 0x1c, 0xd7, 0x1c, 0xd7, 0x1c, 0xd7, 0x1c, 0xd7,
    0x1c, 0xd7, 0x1c, 0xdf, 0x1c, 0xdf, 0x1c, 0xd7, 0x1c, 0xd7, 0x1c, 0xd7,
    0x1c, 0xd7, 0x1c, 0xd7, 0x1c, 0xd7, 0x1c, 0xd7, 0x1c, 0xd7, 0x1c, 0xd7,
    0xfc, 0xd6, 0xfc, 0xd6, 0xfc, 0xd6, 0xfc, 0xd6, 0xfc, 0xd6, 0xfc, 0xd6,
    0xfc, 0xd6, 0xfc, 0xd6, 0x1c, 0xd7, 0x1c, 0xd7, 0x1c, 0xd7, 0x1c, 0xd7,
    0xfc, 0xce, 0xfc, 0xce, 0xfc, 0xce, 0x1c, 0xd7, 0x1c, 0xd7, 0x1c, 0xd7,
    0x1c, 0xd7, 0x1c, 0xd7, 0x1c, 0xd7, 0x1c, 0xd7, 0x1c, 0xd7, 0x1c, 0xd7,
    0x1c, 0xd7, 0x1c, 0xd7, 0x1c, 0xd7, 0x1c, 0xd7, 0x1d, 0xd7, 0x1d, 0xd7,
    0x1d, 0xd7, 0x1c, 0xd7, 0x1c, 0xd7, 0x1d, 0xd7, 0x1d, 0xd7, 0x1d, 0xd7,
    0x3d, 0xd7, 0x3d, 0xd7, 0x3d, 0xdf, 0x3d, 0xd7, 0x3c, 0xdf, 0x3c, 0xdf,
    0x3d, 0xdf, 0x3d, 0xdf, 0x3d, 0xdf, 0x3d, 0xdf, 0x3d, 0xdf, 0x3d, 0xdf,
    0x3c, 0xdf, 0x3d, 0xdf, 0x5d, 0xdf, 0x5d, 0xdf, 0x5d, 0xdf, 0x5d, 0xdf,
    0x5d, 0xdf, 0x5d, 0xdf, 0x5d, 0xdf, 0x5d, 0xdf, 0x5d, 0xdf, 0x3d, 0xdf,
    0x5d, 0xe7, 0x5d, 0xe7, 0x5d, 0xe7, 0x5d, 0xe7, 0x3d, 0xe7, 0x5d, 0xef,
    0x5d, 0xe7, 0x5d, 0xe7, 0x3d, 0xdf, 0x3c, 0xdf, 0x3d, 0xdf, 0x3d, 0xdf,
    0x3c, 0xdf, 0x3c, 0xdf, 0x3d, 0xdf, 0x3c, 0xdf, 0x3c, 0xdf, 0x3c, 0xdf,
    0x5c, 0xef, 0x5c, 0xe7, 0x1c, 0xdf, 0x1c, 0xdf, 0x5c, 0xef, 0x3c, 0xe7,
    0x1c, 0xdf, 0x1c, 0xd7, 0xfc, 0xd6, 0xfc, 0xd6, 0xfc, 0xd6, 0xfc, 0xce,
    0xdc, 0xce, 0xdc, 0xce, 0xdb, 0xce, 0xbb, 0xce, 0x7a, 0xc6, 0x9b, 0xce,
    0x5a, 0xc6, 0x19, 0xbe, 0xf8, 0xbd, 0xf8, 0xbd, 0x18, 0xbe, 0x18, 0xbe,
    0x39, 0xc6, 0x39, 0xbe, 0x59, 0xc6, 0x59, 0xc6, 0x39, 0xc6, 0xf8, 0xbd,
    0xd7, 0xbd, 0xd7, 0xbd, 0xd7, 0xbd, 0x17, 0xc6, 0x78, 0xd6, 0xda, 0xe6,
    0xfb, 0xde, 0xdb, 0xd6, 0xbb, 0xce, 0xba, 0xce, 0xba, 0xd6, 0xba, 0xd6,
    0x78, 0xd6, 0x37, 0xce, 0x58, 0xd6, 0xf7, 0xc5, 0xd7, 0xbd, 0xd7, 0xbd,
    0xd6, 0xbd, 0xf6, 0xbd, 0xd6, 0xbd, 0xb6, 0xb5, 0xb6, 0xb5, 0xb6, 0xb5,
    0xb6, 0xb5, 0xb6, 0xb5, 0x95, 0xb5, 0x95, 0xb5, 0x59, 0xae, 0x59, 0xae,
    0x59, 0xae, 0x59, 0xae, 0x59, 0xb6, 0x59, 0xb6, 0x59, 0xb6, 0x5a, 0xb6,
    0x5a, 0xb6, 0x5a, 0xb6, 0x5a, 0xb6, 0x7a, 0xb6, 0x7a, 0xb6, 0x7a, 0xb6,
    0x7a, 0xb6, 0x7a, 0xb6, 0x7a, 0xb6, 0x7a, 0xb6, 0x7a, 0xb6, 0x7a, 0xbe,
    0x7a, 0xbe, 0x7a, 0xbe, 0x9a, 0xbe, 0x9a, 0xbe, 0x9a, 0xbe, 0x9a, 0xbe,
    0x9a, 0xbe, 0x9a, 0xbe, 0x9a, 0xbe, 0x9a, 0xbe, 0x9b, 0xc6, 0x9b, 0xc6,
    0xbb, 0xc6, 0xbb, 0xc6, 0xbb, 0xc6, 0xbb, 0xc6, 0xdb, 0xce, 0xfb, 0xd6,
    0xfb, 0xd6, 0xfb, 0xd6, 0x1b, 0xe7, 0x1b, 0xe7, 0x1b, 0xe7, 0x1b, 0xe7,
    0xfa, 0xe6, 0xfa, 0xe6, 0xfa, 0xe6, 0xfa, 0xe6, 0xfa, 0xe6, 0xfa, 0xe6,
    0xfa, 0xe6, 0x1b, 0xe7, 0x3b, 0xef, 0x5b, 0xf7, 0x5b, 0xef, 0x1b, 0xe7,
    0xfb, 0xd6, 0xdb, 0xce, 0xdb, 0xc6, 0xdb, 0xc6, 0xdc, 0xce, 0xdc, 0xce,
    0xdc, 0xce, 0xdc, 0xce, 0xdc, 0xce, 0xdc, 0xce, 0xdc, 0xce, 0xdc, 0xce,
    0xdc, 0xce, 0xfc, 0xce, 0xfc, 0xce, 0xfc, 0xd6, 0xfc, 0xd6, 0x1c, 0xdf,
    0x3c, 0xdf, 0x3c, 0xe7, 0x5c, 0xef, 0x5c, 0xef, 0x3c, 0xef, 0x1c, 0xe7,
    0x3c, 0xe7, 0x5c, 0xef, 0x3c, 0xe7, 0x3c, 0xe7, 0x3c, 0xdf, 0x1c, 0xdf,
    0x1c, 0xd7, 0x1c, 0xd7, 0x1c, 0xd7, 0x1c, 0xd7, 0x1c, 0xd7, 0x1c, 0xd7,
    0x1c, 0xd7, 0x1c, 0xd7, 0x1c, 0xd7, 0x1c, 0xd7, 0x1c, 0xd7, 0x1c, 0xd7,
    0x1c, 0xd7, 0x1c, 0xd7, 0x1c, 0xd7, 0x1c, 0xd7, 0x1c, 0xd7, 0x1d, 0xd7,
    0x1d, 0xd7, 0x1c, 0xd7, 0x1c, 0xd7, 0x1c, 0xd7, 0x1c, 0xd7, 0x1c, 0xd7,
    0x1c, 0xd7, 0x1c, 0xd7, 0x1c, 0xd7, 0x1c, 0xd7, 0x1c, 0xd7, 0x1c, 0xd7,
    0x1d, 0xd7, 0x1c, 0xd7, 0x1c, 0xd7, 0x1c, 0xd7, 0x1c, 0xd7, 0x1c, 0xd7,
    0x1c, 0xd7, 0x1d, 0xd7, 0x3d, 0xd7, 0x3d, 0xd7, 0x3c, 0xd7, 0x3d, 0xd7,
    0x3d, 0xdf, 0x3d, 0xdf, 0x3d, 0xdf, 0x3d, 0xdf, 0x3d, 0xdf, 0x3d, 0xdf,
    0x3d, 0xdf, 0x3c, 0xdf, 0x3d, 0xdf, 0x3d, 0xdf, 0x3d, 0xdf, 0x3d, 0xdf,
    0x3d, 0xdf, 0x3d, 0xdf, 0x3c, 0xdf, 0x3d, 0xdf, 0x3d, 0xdf, 0x5d, 0xdf,
    0x3d, 0xdf, 0x5d, 0xdf, 0x3d, 0xdf, 0x3d, 0xdf, 0x3d, 0xdf, 0x3d, 0xdf,
    0x3d, 0xdf, 0x5d, 0xdf, 0x5d, 0xdf, 0x5d, 0xdf, 0x5d, 0xdf, 0x3d, 0xdf,
    0x3c, 0xdf, 0x3c, 0xdf, 0x3d, 0xdf, 0x3d, 0xdf, 0x3d, 0xdf, 0x3d, 0xe7,
    0x7d, 0xef, 0x7d, 0xef, 0x3d, 0xe7, 0x3d, 0xe7, 0x5d, 0xe7, 0x3c, 0xe7,
    0x5c, 0xe7, 0x7c, 0xf7, 0x7c, 0xf7, 0x3c, 0xe7, 0x5c, 0xe7, 0x5c, 0xef,
    0x3c, 0xef, 0x3c, 0xe7, 0x1c, 0xdf, 0x1c, 0xdf, 0xfc, 0xd6, 0xfc, 0xd6,
    0xfc, 0xd6, 0xdb, 0xd6, 0xbb, 0xce, 0x7a, 0xc6, 0x39, 0xc6, 0x18, 0xbe,
    0x39, 0xbe, 0x7a, 0xc6, 0x39, 0xc6, 0x18, 0xbe, 0x59, 0xc6, 0x7a, 0xce,
    0x7a, 0xce, 0x38, 0xc6, 0xf8, 0xbd, 0xf8, 0xbd, 0xf8, 0xbd, 0xf8, 0xbd,
    0x17, 0xc6, 0x17, 0xc6, 0x17, 0xce, 0x78, 0xd6, 0xb9, 0xde, 0xfa, 0xe6,
    0xda, 0xde, 0xba, 0xd6, 0xda, 0xde, 0xba, 0xd6, 0xb9, 0xd6, 0xba, 0xde,
    0x98, 0xde, 0x17, 0xc6, 0xf7, 0xc5, 0x17, 0xc6, 0xf7, 0xc5, 0xd6, 0xbd,
    0xd6, 0xbd, 0xd6, 0xbd, 0xb6, 0xbd, 0xb6, 0xbd, 0xb6, 0xbd, 0xb5, 0xbd,
    0xb5, 0xbd, 0xb5, 0xbd, 0xb6, 0xbd, 0x95, 0xbd, 0x95, 0xbd, 0x95, 0xbd,
    0x59, 0xae, 0x59, 0xae, 0x59, 0xae, 0x59, 0xb6, 0x59, 0xb6, 0x59, 0xb6,
    0x59, 0xb6, 0x5a, 0xb6, 0x7a, 0xb6, 0x7a, 0xb6, 0x7a, 0xb6, 0x7a, 0xb6,
    0x7a, 0xb6, 0x7a, 0xb6, 0x7a, 0xb6, 0x7a, 0xb6, 0x7a, 0xb6, 0x7a, 0xb6,
    0x7a, 0xbe, 0x7a, 0xbe, 0x7a, 0xbe, 0x9a, 0xbe, 0x9a, 0xbe, 0x9a, 0xbe,
    0x9a, 0xbe, 0x9a, 0xbe, 0x9a, 0xbe, 0x9a, 0xbe, 0x9b, 0xbe, 0x9a, 0xbe,
    0x9b, 0xbe, 0x9b, 0xc6, 0xbb, 0xc6, 0xbb, 0xc6, 0xbb, 0xc6, 0xbb, 0xc6,
    0xbb, 0xc6, 0xbb, 0xc6, 0xbb, 0xc6, 0xbb, 0xc6, 0xdb, 0xce, 0xdb, 0xce,
    0xdb, 0xce, 0xfb, 0xd6, 0xfb, 0xd6, 0xfb, 0xde, 0x1b, 0xdf, 0x1b, 0xe7,
    0x3b, 0xef, 0x3b, 0xef, 0x3b, 0xef, 0x3b, 0xef, 0x3b, 0xef, 0x3b, 0xef,
    0x3b, 0xef, 0x3b, 0xef, 0x5b, 0xef, 0x3b, 0xe7, 0xfb, 0xd6, 0xfb, 0xce,
    0xdb, 0xce, 0xdb, 0xce, 0xdc, 0xce, 0xdc, 0xce, 0xdc, 0xce, 0xdc, 0xce,
    0xfc, 0xce, 0xfc, 0xce, 0xfc, 0xd6, 0xfc, 0xd6, 0xfc, 0xd6, 0xfc, 0xd6,
    0xfc, 0xd6, 0xfc, 0xd6, 0x1c, 0xd7, 0x1c, 0xd7, 0x1c, 0xd7, 0x1c, 0xd7,
    0x3c, 0xe7, 0x5c, 0xe7, 0x5c, 0xef, 0x7c, 0xf7, 0x5c, 0xe7, 0x3c, 0xe7,
    0x5c, 0xe7, 0x5c, 0xe7, 0x5c, 0xef, 0x3c, 0xdf, 0x3c, 0xdf, 0x3c, 0xdf,
    0x3c, 0xdf, 0x1c, 0xdf, 0x1c, 0xd7, 0x3c, 0xd7, 0x1c, 0xd7, 0x3c, 0xd7,
    0x3c, 0xdf, 0x3c, 0xdf, 0x3c, 0xd7, 0x3c, 0xd7, 0x3c, 0xdf, 0x3c, 0xdf,
    0x3c, 0xdf, 0x3c, 0xdf, 0x3d, 0xdf, 0x1c, 0xd7, 0x1c, 0xd7, 0x1c, 0xd7,
    0x1c, 0xd7, 0x1c, 0xd7, 0x1c, 0xd7, 0x1c, 0xd7, 0x1c, 0xd7, 0x1c, 0xd7,
    0x1c, 0xd7, 0x1c, 0xd7, 0x1c, 0xd7, 0x1c, 0xd7, 0x1c, 0xd7, 0x1c, 0xd7,
    0x1c, 0xd7, 0x1c, 0xd7, 0x3c, 0xd7, 0x3c, 0xd7, 0x3d, 0xdf, 0x3d, 0xdf,
    0x3d, 0xdf, 0x3d, 0xdf, 0x3d, 0xdf, 0x3d, 0xdf, 0x3d, 0xdf, 0x3d, 0xdf,
    0x3d, 0xdf, 0x3d, 0xdf, 0x3d, 0xdf, 0x3d, 0xdf, 0x3d, 0xdf, 0x3d, 0xdf,
    0x5d, 0xdf, 0x5d, 0xdf, 0x5d, 0xdf, 0x3d, 0xdf, 0x3d, 0xdf, 0x5d, 0xdf,
    0x5d, 0xdf, 0x5d, 0xdf, 0x5d, 0xdf, 0x5d, 0xdf, 0x5d, 0xdf, 0x5d, 0xdf,
    0x3d, 0xdf, 0x3d, 0xdf, 0x5d, 0xdf, 0x5d, 0xdf, 0x5d, 0xdf, 0x3d, 0xdf,
    0x3d, 0xdf, 0x3d, 0xdf, 0x3c, 0xdf, 0x3c, 0xdf, 0x3d, 0xdf, 0x3c, 0xdf,
    0x3d, 0xdf, 0x3d, 0xdf, 0x3d, 0xe7, 0x5d, 0xe7, 0x5d, 0xe7, 0x7d, 0xef,
    0x5d, 0xe7, 0x3c, 0xdf, 0x3c, 0xdf, 0x5c, 0xe7, 0x3c, 0xe7, 0x9c, 0xf7,
    0x9c, 0xf7, 0x3c, 0xe7, 0x3c, 0xdf, 0x3c, 0xdf, 0x1c, 0xdf, 0x1c, 0xdf,
    0x1c, 0xdf, 0xfb, 0xd6, 0xdb, 0xd6, 0x79, 0xc6, 0x59, 0xc6, 0x39, 0xc6,
    0x18, 0xc6, 0x59, 0xc6, 0x9a, 0xce, 0x59, 0xc6, 0x59, 0xce, 0x39, 0xc6,
    0x18, 0xbe, 0x18, 0xc6, 0xf8, 0xc5, 0xf7, 0xbd, 0xd7, 0xbd, 0xd7, 0xbd,
    0xd7, 0xbd, 0xf7, 0xc5, 0x17, 0xce, 0x58, 0xd6, 0xd9, 0xe6, 0xfa, 0xe6,
    0xda, 0xde, 0xba, 0xde, 0xb9, 0xde, 0x99, 0xde, 0x78, 0xd6, 0x59, 0xce,
    0x38, 0xce, 0x17, 0xc6, 0xf7, 0xc5, 0xf7, 0xc5, 0xf7, 0xc5, 0xd6, 0xc5,
    0xd6, 0xbd, 0xd6, 0xbd, 0xd6, 0xbd, 0xd6, 0xbd, 0xd6, 0xbd, 0xb6, 0xbd,
    0xb6, 0xbd, 0xb5, 0xbd, 0xb5, 0xbd, 0xb5, 0xbd, 0xb5, 0xbd, 0xb5, 0xbd,
    0x95, 0xbd, 0x95, 0xbd, 0x59, 0xb6, 0x59, 0xb6, 0x59, 0xb6, 0x59, 0xb6,
    0x59, 0xb6, 0x59, 0xb6, 0x59, 0xb6, 0x5a, 0xb6, 0x7a, 0xb6, 0x7a, 0xb6,
    0x7a, 0xb6, 0x7a, 0xb6, 0x7a, 0xb6, 0x7a, 0xb6, 0x7a, 0xbe, 0x7a, 0xbe,
    0x7a, 0xbe, 0x7a, 0xbe, 0x9a, 0xbe, 0x9a, 0xbe, 0x9a, 0xbe, 0x9a, 0xbe,
    0x9a, 0xbe, 0x9a, 0xbe, 0x9a, 0xbe, 0x9a, 0xbe, 0x9a, 0xbe, 0x9b, 0xbe,
    0x9b, 0xbe, 0x9a, 0xbe, 0xbb, 0xc6, 0xbb, 0xc6, 0xbb, 0xc6, 0xbb, 0xc6,
    0xbb, 0xc6, 0xbb, 0xc6, 0xbb, 0xc6, 0xbb, 0xc6, 0xbb, 0xc6, 0xbb, 0xc6,
    0xbb, 0xc6, 0xbb, 0xc6, 0xbb, 0xc6, 0xbb, 0xc6, 0xdb, 0xce, 0xdb, 0xce,
    0xdb, 0xce, 0xdb, 0xce, 0xfb, 0xd6, 0xfb, 0xde, 0xfb, 0xd6, 0x1b, 0xdf,
    0x3b, 0xe7, 0x3b, 0xe7, 0x3b, 0xe7, 0x3b, 0xef, 0x5c, 0xef, 0x5c, 0xef,
    0x5c, 0xef, 0x3c, 0xef, 0x1c, 0xdf, 0x1c, 0xdf, 0x1c, 0xd7, 0x1c, 0xd7,
    0x1c, 0xd7, 0xfc, 0xd6, 0xfb, 0xd6, 0xfc, 0xd6, 0xfc, 0xd6, 0x1c, 0xd7,
    0x1c, 0xd7, 0x1c, 0xd7, 0x1c, 0xd7, 0x1c, 0xd7, 0x1c, 0xd7, 0x1c, 0xd7,
    0x1c, 0xd7, 0x1c, 0xd7, 0x1c, 0xd7, 0x1c, 0xd7, 0x1c, 0xd7, 0x1c, 0xdf,
    0x3c, 0xdf, 0x3c, 0xdf, 0x5c, 0xef, 0x7c, 0xf7, 0x7c, 0xf7, 0x7c, 0xf7,
    0x7c, 0xef, 0x5c, 0xef, 0x3c, 0xdf, 0x3c, 0xdf, 0x3c, 0xdf, 0x3c, 0xdf,
    0x3c, 0xdf, 0x3c, 0xdf, 0x3c, 0xdf, 0x3c, 0xdf, 0x3c, 0xdf, 0x3d, 0xdf,
    0x3d, 0xdf, 0x3d, 0xdf, 0x3d, 0xdf, 0x3d, 0xdf, 0x3d, 0xdf, 0x3c, 0xdf,
    0x3d, 0xdf, 0x3d, 0xdf, 0x3c, 0xdf, 0x3d, 0xdf, 0x3d, 0xdf, 0x3d, 0xdf,
    0x3d, 0xdf, 0x3c, 0xd7, 0x3c, 0xd7, 0x3c, 0xdf, 0x3c, 0xdf, 0x3c, 0xdf,
    0x3c, 0xdf, 0x3c, 0xd7, 0x3c, 0xd7, 0x3c, 0xdf, 0x3d, 0xdf, 0x3c, 0xdf,
    0x3c, 0xdf, 0x3c, 0xdf, 0x3d, 0xdf, 0x3d, 0xdf, 0x3d, 0xdf, 0x3d, 0xdf,
    0x5d, 0xdf, 0x5d, 0xdf, 0x5d, 0xdf, 0x5d, 0xdf, 0x5d, 0xdf, 0x5d, 0xdf,
    0x5d, 0xdf, 0x5d, 0xdf, 0x5d, 0xdf, 0x5d, 0xdf, 0x5d, 0xdf, 0x5d, 0xe7,
    0x5d, 0xe7, 0x5d, 0xe7, 0x5d, 0xe7, 0x5d, 0xe7, 0x5d, 0xe7, 0x5d, 0xe7,
    0x5d, 0xe7, 0x5d, 0xe7, 0x5d, 0xe7, 0x5d, 0xe7, 0x5d, 0xe7, 0x5d, 0xe7,
    0x5d, 0xe7, 0x5d, 0xe7, 0x5d, 0xe7, 0x3d, 0xdf, 0x3d, 0xdf, 0x3c, 0xdf,
    0x3c, 0xdf, 0x3c, 0xdf, 0x3c, 0xdf, 0x3c, 0xdf, 0x3d, 0xdf, 0x5d, 0xe7,
    0x5d, 0xe7, 0x5d, 0xe7, 0x3d, 0xe7, 0x3c, 0xdf, 0x3c, 0xdf, 0x3c, 0xdf,
    0x3c, 0xe7, 0x3c, 0xdf, 0x3c, 0xdf, 0x3c, 0xdf, 0x3c, 0xdf, 0x3c, 0xe7,
    0x3c, 0xef, 0xfb, 0xde, 0xba, 0xd6, 0xdb, 0xd6, 0xbb, 0xd6, 0x9a, 0xce,
    0x9a, 0xce, 0x9a, 0xce, 0x9a, 0xce, 0x79, 0xce, 0x38, 0xc6, 0x18, 0xc6,
    0x38, 0xc6, 0xf8, 0xc5, 0xf7, 0xc5, 0xf7, 0xc5, 0xf7, 0xc5, 0xd7, 0xc5,
    0xd7, 0xc5, 0xf6, 0xc5, 0x17, 0xce, 0x78, 0xde, 0xf9, 0xee, 0xda, 0xde,
    0xda, 0xde, 0xb9, 0xde, 0x58, 0xd6, 0x17, 0xce, 0x17, 0xce, 0x37, 0xce,
    0x78, 0xde, 0x37, 0xce, 0x17, 0xc6, 0xf6, 0xc5, 0xf6, 0xc5, 0xf6, 0xc5,
    0xd6, 0xc5, 0xd6, 0xc5, 0xd6, 0xc5, 0xd6, 0xc5, 0xd6, 0xc5, 0xd6, 0xc5,
    0xd5, 0xc5, 0xd5, 0xc5, 0xb5, 0xc5, 0xb5, 0xbd, 0xb5, 0xc5, 0xb5, 0xc5,
    0xb5, 0xc5, 0xb5, 0xbd, 0xb5, 0xbd, 0xb5, 0xbd, 0x59, 0xb6, 0x59, 0xb6,
    0x59, 0xb6, 0x59, 0xb6, 0x59, 0xb6, 0x7a, 0xb6, 0x7a, 0xb6, 0x7a, 0xb6,
    0x7a, 0xb6, 0x7a, 0xb6, 0x7a, 0xb6, 0x7a, 0xbe, 0x7a, 0xbe, 0x7a, 0xbe,
    0x7a, 0xbe, 0x7a, 0xbe, 0x9a, 0xbe, 0x9a, 0xbe, 0x9a, 0xbe, 0x9a, 0xbe,
    0x9a, 0xbe, 0x9a, 0xbe, 0x9a, 0xbe, 0x9a, 0xbe, 0x9a, 0xbe, 0x9a, 0xbe,
    0x9a, 0xbe, 0xbb, 0xc6, 0x9b, 0xc6, 0xbb, 0xc6, 0xbb, 0xc6, 0xbb, 0xc6,
    0xbb, 0xc6, 0xbb, 0xc6, 0xbb, 0xc6, 0xbb, 0xc6, 0xbb, 0xc6, 0xbb, 0xc6,
    0xbb, 0xc6, 0xbb, 0xc6, 0xbb, 0xc6, 0xbb, 0xc6, 0xbb, 0xc6, 0xbb, 0xc6,
    0xbb, 0xc6, 0xdb, 0xce, 0xdb, 0xce, 0xdb, 0xce, 0xdb, 0xce, 0xdb, 0xce,
    0xdb, 0xce, 0xdb, 0xce, 0xfb, 0xce, 0xfb, 0xd6, 0xfc, 0xd6, 0xfb, 0xd6,
    0xfb, 0xd6, 0x1b, 0xd7, 0x1c, 0xdf, 0x1c, 0xdf, 0x1c, 0xdf, 0x1c, 0xdf,
    0x1c, 0xdf, 0x3c, 0xdf, 0x3c, 0xe7, 0x3c, 0xef, 0x3b, 0xe7, 0x3c, 0xe7,
    0x3c, 0xe7, 0x3c, 0xef, 0x3c, 0xef, 0x3b, 0xef, 0x3c, 0xef, 0x3c, 0xe7,
    0x5c, 0xef, 0x5c, 0xef, 0x3c, 0xe7, 0x3c, 0xdf, 0x3c, 0xdf, 0x3c, 0xdf,
    0x1c, 0xdf, 0x3c, 0xdf, 0x3c, 0xdf, 0x3c, 0xdf, 0x3c, 0xdf, 0x3c, 0xdf,
    0x3c, 0xdf, 0x3c, 0xdf, 0x3c, 0xdf, 0x3c, 0xdf, 0x3c, 0xe7, 0x3d, 0xdf,
    0x3d, 0xdf, 0x3d, 0xdf, 0x3d, 0xdf, 0x3d, 0xdf, 0x3d, 0xdf, 0x3d, 0xdf,
    0x3d, 0xdf, 0x3d, 0xdf, 0x3d, 0xdf, 0x3d, 0xdf, 0x5d, 0xdf, 0x3d, 0xdf,
    0x3d, 0xdf, 0x3d, 0xdf, 0x3d, 0xdf, 0x3d, 0xdf, 0x5d, 0xdf, 0x5d, 0xdf,
    0x3d, 0xdf, 0x3d, 0xdf, 0x3d, 0xdf, 0x3d, 0xdf, 0x3d, 0xdf, 0x3c, 0xdf,
    0x3c, 0xdf, 0x3c, 0xdf, 0x3c, 0xdf, 0x3d, 0xdf, 0x3d, 0xdf, 0x3c, 0xdf,
    0x3c, 0xdf, 0x3c, 0xdf, 0x3c, 0xdf, 0x3c, 0xdf, 0x3d, 0xdf, 0x3d, 0xdf,
    0x5d, 0xdf, 0x5d, 0xdf, 0x5d, 0xdf, 0x5d, 0xdf, 0x5d, 0xdf, 0x5d, 0xdf,
    0x5d, 0xe7, 0x5d, 0xdf, 0x5d, 0xdf, 0x5d, 0xe7, 0x5d, 0xe7, 0x5d, 0xe7,
    0x5d, 0xe7, 0x5d, 0xe7, 0x5d, 0xe7, 0x5d, 0xe7, 0x5d, 0xe7, 0x5d, 0xe7,
    0x5d, 0xe7, 0x5d, 0xe7, 0x5d, 0xe7, 0x5d, 0xe7, 0x5d, 0xe7, 0x5d, 0xe7,
    0x5d, 0xe7, 0x5d, 0xe7, 0x5d, 0xe7, 0x5d, 0xe7, 0x5d, 0xe7, 0x5d, 0xe7,
    0x5d, 0xe7, 0x3d, 0xe7, 0x3d, 0xe7, 0x3d, 0xe7, 0x3d, 0xe7, 0x3c, 0xe7,
    0x3c, 0xe7, 0x5d, 0xe7, 0x5c, 0xe7, 0x5c, 0xe7, 0x5c, 0xe7, 0x3c, 0xe7,
    0x3c, 0xe7, 0x3c, 0xe7, 0x3c, 0xe7, 0x3c, 0xe7, 0x3c, 0xe7, 0x3c, 0xe7,
    0x3c, 0xe7, 0x3b, 0xe7, 0x3b, 0xef, 0xfb, 0xe6, 0xdb, 0xde, 0xba, 0xd6,
    0x79, 0xce, 0x38, 0xce, 0x59, 0xce, 0x99, 0xd6, 0x58, 0xce, 0x18, 0xc6,
    0x17, 0xc6, 0x17, 0xc6, 0x17, 0xc6, 0xf7, 0xc5, 0xf7, 0xc5, 0xf7, 0xc5,
    0xf7, 0xc5, 0xf6, 0xc5, 0x17, 0xce, 0x57, 0xd6, 0xb9, 0xde, 0x1a, 0xef,
    0xfa, 0xe6, 0xf9, 0xe6, 0x78, 0xde, 0x17, 0xce, 0x17, 0xce, 0x17, 0xce,
    0x17, 0xce, 0x17, 0xce, 0x17, 0xce, 0x16, 0xce, 0xf6, 0xcd, 0xf6, 0xc5,
    0xf6, 0xcd, 0xf6, 0xc5, 0xd6, 0xc5, 0xd6, 0xc5, 0xd6, 0xc5, 0xd5, 0xc5,
    0xd5, 0xc5, 0xd5, 0xc5, 0xb5, 0xc5, 0xd5, 0xc5, 0xd5, 0xc5, 0xd5, 0xc5,
    0xd5, 0xc5, 0xd5, 0xc5, 0xd5, 0xc5, 0xb5, 0xc5, 0xb5, 0xc5, 0xd5, 0xc5,
    0x59, 0xb6, 0x79, 0xb6, 0x59, 0xb6, 0x79, 0xb6, 0x79, 0xbe, 0x7a, 0xbe,
    0x7a, 0xbe, 0x7a, 0xbe, 0x7a, 0xbe, 0x7a, 0xbe, 0x7a, 0xbe, 0x7a, 0xbe,
    0x9a, 0xbe, 0x9a, 0xbe, 0x9a, 0xbe, 0x9a, 0xbe, 0x9a, 0xbe, 0x9a, 0xbe,
    0x9a, 0xbe, 0x9a, 0xbe, 0x9a, 0xbe, 0x9a, 0xbe, 0x9a, 0xbe, 0x9a, 0xc6,
    0x9a, 0xbe, 0x9a, 0xbe, 0x9a, 0xc6, 0x9a, 0xc6, 0x9a, 0xc6, 0xbb, 0xc6,
    0x9b, 0xc6, 0xba, 0xc6, 0xbb, 0xc6, 0xbb, 0xc6, 0xbb, 0xc6, 0xbb, 0xc6,
    0xbb, 0xc6, 0xbb, 0xc6, 0xbb, 0xc6, 0xbb, 0xc6, 0xbb, 0xc6, 0xbb, 0xc6,
    0xbb, 0xc6, 0xdb, 0xc6, 0xdb, 0xce, 0xdb, 0xce, 0xdb, 0xce, 0xdb, 0xce,
    0xdb, 0xce, 0xdb, 0xce, 0xdb, 0xce, 0xdb, 0xce, 0xdb, 0xce, 0xfb, 0xce,
    0xfb, 0xd6, 0xfb, 0xd6, 0xfb, 0xd6, 0xfb, 0xd6, 0xfc, 0xd6, 0x1c, 0xd7,
    0x1c, 0xd7, 0x1c, 0xd7, 0x1c, 0xd7, 0x1c, 0xd7, 0x1c, 0xd7, 0x1c, 0xd7,
    0x1c, 0xdf, 0x3c, 0xe7, 0x5c, 0xe7, 0x5c, 0xef, 0x7c, 0xf7, 0x5c, 0xf7,
    0x5c, 0xef, 0x5c, 0xf7, 0x5b, 0xef, 0x5c, 0xef, 0x7c, 0xf7, 0x7c, 0xf7,
    0x5c, 0xef, 0x3c, 0xe7, 0x3c, 0xdf, 0x3c, 0xdf, 0x3c, 0xdf, 0x3c, 0xdf,
    0x3c, 0xdf, 0x3c, 0xdf, 0x3c, 0xdf, 0x3c, 0xdf, 0x3c, 0xdf, 0x3c, 0xdf,
    0x3c, 0xdf, 0x3c, 0xdf, 0x3d, 0xdf, 0x3d, 0xdf, 0x5d, 0xdf, 0x5d, 0xdf,
    0x5d, 0xdf, 0x5d, 0xdf, 0x5d, 0xdf, 0x5d, 0xdf, 0x5d, 0xdf, 0x5d, 0xdf,
    0x5d, 0xdf, 0x5d, 0xdf, 0x3d, 0xdf, 0x5d, 0xdf, 0x3d, 0xdf, 0x5d, 0xdf,
    0x5d, 0xdf, 0x5d, 0xdf, 0x5d, 0xdf, 0x5d, 0xdf, 0x5d, 0xdf, 0x5d, 0xdf,
    0x5d, 0xdf, 0x5d, 0xdf, 0x3d, 0xdf, 0x3d, 0xdf, 0x3d, 0xdf, 0x5d, 0xdf,
    0x5d, 0xdf, 0x3d, 0xdf, 0x3d, 0xdf, 0x3d, 0xdf, 0x3d, 0xdf, 0x5d, 0xdf,
    0x5d, 0xdf, 0x5d, 0xdf, 0x5d, 0xdf, 0x5d, 0xe7, 0x5d, 0xe7, 0x5d, 0xe7,
    0x5d, 0xe7, 0x5d, 0xe7, 0x5d, 0xe7, 0x5d, 0xe7, 0x5d, 0xe7, 0x5d, 0xe7,
    0x5d, 0xe7, 0x5d, 0xe7, 0x5d, 0xe7, 0x5d, 0xe7, 0x5d, 0xe7, 0x5d, 0xe7,
    0x7d, 0xe7, 0x5d, 0xe7, 0x5d, 0xe7, 0x5d, 0xe7, 0x7d, 0xe7, 0x5d, 0xef,
    0x7d, 0xe7, 0x5d, 0xe7, 0x5d, 0xe7, 0x5d, 0xe7, 0x5d, 0xe7, 0x5d, 0xe7,
    0x5d, 0xe7, 0x5d, 0xe7, 0x5c, 0xe7, 0x5c, 0xe7, 0x5c, 0xe7, 0x5c, 0xe7,
    0x5c, 0xe7, 0x5c, 0xe7, 0x5c, 0xe7, 0x5c, 0xe7, 0x5c, 0xef, 0x5c, 0xef,
    0x5c, 0xef, 0x5c, 0xef, 0x5b, 0xef, 0x5b, 0xf7, 0x5b, 0xf7, 0x5b, 0xf7,
    0x5b, 0xf7, 0x1b, 0xe7, 0xfa, 0xee, 0x99, 0xd6, 0x79, 0xd6, 0xfa, 0xee,
    0xda, 0xe6, 0x58, 0xce, 0x38, 0xce, 0x37, 0xce, 0x38, 0xce, 0x38, 0xce,
    0x17, 0xce, 0x17, 0xce, 0x17, 0xce, 0x17, 0xce, 0xf7, 0xcd, 0xf7, 0xcd,
    0xf6, 0xcd, 0x17, 0xce, 0x37, 0xd6, 0x77, 0xde, 0xb8, 0xe6, 0x98, 0xe6,
    0xd9, 0xe6, 0xb8, 0xe6, 0x57, 0xde, 0x37, 0xd6, 0x17, 0xce, 0x16, 0xce,
    0x16, 0xce, 0x16, 0xce, 0x16, 0xce, 0xf6, 0xcd, 0xf6, 0xcd, 0xf6, 0xcd,
    0xf6, 0xcd, 0xf6, 0xcd, 0xf6, 0xcd, 0xf6, 0xcd, 0xf5, 0xcd, 0xd5, 0xcd,
    0xd5, 0xcd, 0xd5, 0xcd, 0xd5, 0xcd, 0xd5, 0xcd, 0xf5, 0xcd, 0xf5, 0xcd,
    0xf5, 0xcd, 0xf5, 0xcd, 0xd5, 0xcd, 0xd5, 0xc5, 0xd5, 0xc5, 0xd5, 0xc5,
    0xd5, 0xc5, 0xd5, 0xc5, 0x79, 0xb6, 0x79, 0xb6, 0x79, 0xb6, 0x79, 0xbe,
    0x79, 0xbe, 0x79, 0xbe, 0x79, 0xbe, 0x79, 0xbe, 0x7a, 0xbe, 0x7a, 0xbe,
    0x7a, 0xbe, 0x9a, 0xbe, 0x9a, 0xbe, 0x9a, 0xbe, 0x9a, 0xbe, 0x9a, 0xbe,
    0x9a, 0xbe, 0x9a, 0xbe, 0x9a, 0xbe, 0x9a, 0xbe, 0x9a, 0xc6, 0x9a, 0xc6,
    0x9a, 0xc6, 0x9a, 0xc6, 0x9a, 0xc6, 0x9a, 0xc6, 0x9a, 0xc6, 0xba, 0xc6,
    0xba, 0xc6, 0xba, 0xc6, 0xba, 0xc6, 0xba, 0xc6, 0x9a, 0xc6, 0xba, 0xc6,
    0xbb, 0xc6, 0xbb, 0xc6, 0xbb, 0xc6, 0xbb, 0xc6, 0xbb, 0xc6, 0xbb, 0xc6,
    0xbb, 0xc6, 0xbb, 0xc6, 0xbb, 0xc6, 0xdb, 0xce, 0xdb, 0xce, 0xdb, 0xce,
    0xdb, 0xce, 0xdb, 0xce, 0xdb, 0xce, 0xdb, 0xce, 0xdb, 0xce, 0xdb, 0xce,
    0xfb, 0xce, 0xfb, 0xce, 0xfb, 0xd6, 0xfb, 0xd6, 0xfb, 0xd6, 0xfc, 0xd6,
    0x1c, 0xd7, 0x1c, 0xd7, 0x1c, 0xd7, 0x1c, 0xd7, 0x1c, 0xd7, 0x1c, 0xd7,
    0x1c, 0xd7, 0x1c, 0xd7, 0x1c, 0xd7, 0x1c, 0xdf, 0x3c, 0xdf, 0x3c, 0xdf,
    0x3c, 0xdf, 0x3c, 0xe7, 0x3c, 0xe7, 0x5c, 0xef, 0x7c, 0xef, 0x7c, 0xf7,
    0x7c, 0xf7, 0x7c, 0xf7, 0x7c, 0xf7, 0x9c, 0xff, 0x7c, 0xf7, 0x7d, 0xef,
    0x5c, 0xe7, 0x3c, 0xdf, 0x3c, 0xdf, 0x3c, 0xdf, 0x3d, 0xdf, 0x3c, 0xdf,
    0x3d, 0xdf, 0x3d, 0xdf, 0x3d, 0xdf, 0x3c, 0xdf, 0x3d, 0xdf, 0x5d, 0xdf,
    0x5d, 0xdf, 0x5d, 0xdf, 0x5d, 0xdf, 0x5d, 0xdf, 0x5d, 0xe7, 0x5d, 0xe7,
    0x5d, 0xe7, 0x5d, 0xe7, 0x5d, 0xe7, 0x5d, 0xdf, 0x5d, 0xdf, 0x5d, 0xdf,
    0x5d, 0xdf, 0x5d, 0xdf, 0x5d, 0xe7, 0x5d, 0xe7, 0x5d, 0xe7, 0x5d, 0xe7,
    0x5d, 0xe7, 0x5d, 0xe7, 0x5d, 0xe7, 0x5d, 0xe7, 0x5d, 0xe7, 0x5d, 0xe7,
    0x5d, 0xe7, 0x5d, 0xe7, 0x5d, 0xe7, 0x5d, 0xe7, 0x5d, 0xe7, 0x5d, 0xe7,
    0x5d, 0xe7, 0x5d, 0xe7, 0x5d, 0xe7, 0x5d, 0xe7, 0x5d, 0xe7, 0x5d, 0xe7,
    0x5d, 0xe7, 0x5d, 0xe7, 0x5d, 0xe7, 0x5d, 0xe7, 0x7d, 0xe7, 0x5d, 0xe7,
    0x7d, 0xe7, 0x5d, 0xe7, 0x5d, 0xe7, 0x7d, 0xe7, 0x7d, 0xe7, 0x5d, 0xe7,
    0x5d, 0xe7, 0x5d, 0xe7, 0x5d, 0xe7, 0x5d, 0xe7, 0x5d, 0xe7, 0x5d, 0xe7,
    0x7d, 0xef, 0x7d, 0xef, 0x7d, 0xef, 0x7d, 0xef, 0x5d, 0xe7, 0x5d, 0xe7,
    0x5c, 0xe7, 0x5c, 0xef, 0x5c, 0xef, 0x7c, 0xef, 0x5c, 0xef, 0x5c, 0xef,
    0x5c, 0xef, 0x5c, 0xef, 0x5c, 0xe7, 0x5c, 0xef, 0x3b, 0xef, 0x1b, 0xef,
    0x5b, 0xf7, 0x7b, 0xff, 0x9b, 0xff, 0x5a, 0xf7, 0x5b, 0xf7, 0x7b, 0xff,
    0x5b, 0xf7, 0x1a, 0xef, 0x1a, 0xe7, 0xd9, 0xe6, 0x78, 0xde, 0x78, 0xd6,
    0x78, 0xde, 0xd9, 0xe6, 0x58, 0xd6, 0x37, 0xce, 0x37, 0xce, 0x37, 0xce,
    0x37, 0xd6, 0x37, 0xd6, 0x37, 0xd6, 0x17, 0xce, 0x17, 0xce, 0x16, 0xce,
    0xf6, 0xcd, 0x16, 0xce, 0x17, 0xd6, 0x57, 0xd6, 0x57, 0xde, 0x57, 0xde,
    0x57, 0xde, 0x37, 0xd6, 0x37, 0xd6, 0x37, 0xd6, 0x36, 0xd6, 0x16, 0xd6,
    0x16, 0xd6, 0x16, 0xd6, 0x16, 0xd6, 0x16, 0xd6, 0x16, 0xd6, 0x16, 0xd6,
    0xf6, 0xcd, 0xf6, 0xcd, 0xf6, 0xcd, 0xf6, 0xcd, 0x16, 0xd6, 0x16, 0xce,
    0x16, 0xd6, 0xf5, 0xcd, 0xf5, 0xcd, 0xf5, 0xd5, 0x15, 0xd6, 0x15, 0xd6,
    0x35, 0xd6, 0x15, 0xd6, 0xf5, 0xcd, 0xf5, 0xcd, 0xf5, 0xcd, 0xf5, 0xcd,
    0xf5, 0xcd, 0xd5, 0xcd, 0xf5, 0xcd, 0xf5, 0xcd, 0x79, 0xbe, 0x79, 0xbe,
    0x79, 0xbe, 0x79, 0xbe, 0x79, 0xbe, 0x79, 0xbe, 0x79, 0xbe, 0x99, 0xbe,
    0x9a, 0xbe, 0x9a, 0xbe, 0x9a, 0xbe, 0x9a, 0xc6, 0x9a, 0xbe, 0x9a, 0xc6,
    0x9a, 0xc6, 0x9a, 0xc6, 0x9a, 0xc6, 0x9a, 0xc6, 0x9a, 0xc6, 0x9a, 0xc6,
    0x9a, 0xc6, 0x9a, 0xc6, 0x9a, 0xc6, 0x9a, 0xc6, 0xba, 0xc6, 0xba, 0xc6,
    0xba, 0xc6, 0xba, 0xc6, 0xba, 0xc6, 0xba, 0xc6, 0xba, 0xc6, 0xba, 0xc6,
    0xba, 0xc6, 0xbb, 0xc6, 0xba, 0xc6, 0xbb, 0xc6, 0xbb, 0xc6, 0xbb, 0xce,
    0xdb, 0xc6, 0xdb, 0xce, 0xdb, 0xce, 0xdb, 0xce, 0xdb, 0xce, 0xdb, 0xce,
    0xdb, 0xce, 0xdb, 0xce, 0xdb, 0xce, 0xdb, 0xce, 0xdb, 0xce, 0xdb, 0xce,
    0xdb, 0xce, 0xdb, 0xce, 0xdb, 0xce, 0xfb, 0xce, 0xfb, 0xd6, 0xfb, 0xd6,
    0xfb, 0xd6, 0xfc, 0xd6, 0xfc, 0xd6, 0x1c, 0xd7, 0x1c, 0xd7, 0x1c, 0xd7,
    0x1c, 0xd7, 0x1c, 0xd7, 0x1c, 0xd7, 0x1c, 0xd7, 0x1c, 0xd7, 0x1c, 0xdf,
    0x1c, 0xdf, 0x3c, 0xdf, 0x3c, 0xdf, 0x3c, 0xdf, 0x3c, 0xdf, 0x3c, 0xdf,
    0x3c, 0xdf, 0x5c, 0xdf, 0x5c, 0xe7, 0x5c, 0xe7, 0x5c, 0xef, 0x5c, 0xef,
    0x5c, 0xef, 0x7c, 0xef, 0x7d, 0xef, 0x7d, 0xef, 0x5c, 0xe7, 0x5c, 0xe7,
    0x5c, 0xe7, 0x5c, 0xdf, 0x5c, 0xdf, 0x5c, 0xdf, 0x5c, 0xdf, 0x5d, 0xdf,
    0x5d, 0xdf, 0x5d, 0xe7, 0x5d, 0xdf, 0x5d, 0xdf, 0x5d, 0xdf, 0x5d, 0xdf,
    0x5d, 0xe7, 0x5d, 0xe7, 0x5d, 0xe7, 0x5d, 0xe7, 0x5d, 0xe7, 0x5d, 0xe7,
    0x5d, 0xe7, 0x5d, 0xe7, 0x5d, 0xe7, 0x5d, 0xe7, 0x5d, 0xe7, 0x7d, 0xe7,
    0x7d, 0xe7, 0x7d, 0xe7, 0x7d, 0xe7, 0x7d, 0xe7, 0x7d, 0xe7, 0x5d, 0xe7,
    0x5d, 0xe7, 0x5d, 0xe7, 0x7d, 0xe7, 0x5d, 0xe7, 0x7d, 0xe7, 0x7d, 0xef,
    0x7d, 0xef, 0x7d, 0xef, 0x7d, 0xef, 0x7d, 0xef, 0x7d, 0xe7, 0x5d, 0xe7,
    0x5d, 0xe7, 0x5d, 0xe7, 0x7d, 0xef, 0x5c, 0xef, 0x7c, 0xef, 0x7c, 0xef,
    0x7d, 0xef, 0x5d, 0xe7, 0x7d, 0xe7, 0x7d, 0xef, 0x7d, 0xef, 0x7d, 0xef,
    0x7d, 0xef, 0x7d, 0xef, 0x7d, 0xef, 0x7d, 0xef, 0x7d, 0xef, 0x7d, 0xef,
    0x7d, 0xef, 0x7d, 0xef, 0x7d, 0xef, 0x7d, 0xef, 0x7d, 0xef, 0x7d, 0xef,
    0x7d, 0xef, 0x7c, 0xef, 0x7c, 0xef, 0x7c, 0xef, 0x7c, 0xef, 0x7c, 0xef,
    0x7c, 0xef, 0x7c, 0xef, 0x7c, 0xf7, 0x5c, 0xef, 0x3b, 0xef, 0xfa, 0xee,
    0xd9, 0xe6, 0xb9, 0xe6, 0xf9, 0xee, 0x3a, 0xf7, 0x9b, 0xff, 0xbc, 0xff,
    0x9c, 0xff, 0x7b, 0xf7, 0x5b, 0xf7, 0x1a, 0xf7, 0xd9, 0xee, 0x98, 0xde,
    0x78, 0xde, 0x78, 0xde, 0x78, 0xde, 0x58, 0xd6, 0x37, 0xd6, 0x37, 0xd6,
    0x37, 0xd6, 0x37, 0xd6, 0x57, 0xde, 0x57, 0xde, 0x37, 0xd6, 0x37, 0xd6,
    0x36, 0xd6, 0x36, 0xd6, 0x36, 0xd6, 0x36, 0xde, 0x57, 0xde, 0x36, 0xde,
    0x37, 0xde, 0x37, 0xde, 0x57, 0xde, 0x36, 0xd6, 0x36, 0xd6, 0x36, 0xd6,
    0x36, 0xd6, 0x36, 0xd6, 0x16, 0xd6, 0x16, 0xd6, 0x16, 0xd6, 0x36, 0xd6,
    0x36, 0xd6, 0x36, 0xd6, 0x36, 0xd6, 0x16, 0xd6, 0x16, 0xd6, 0x15, 0xd6,
    0x15, 0xd6, 0x15, 0xd6, 0x36, 0xd6, 0x36, 0xde, 0x36, 0xde, 0x36, 0xde,
    0x36, 0xde, 0x15, 0xd6, 0x15, 0xd6, 0x15, 0xd6, 0x15, 0xd6, 0x15, 0xd6,
    0x15, 0xd6, 0x15, 0xd6, 0x15, 0xd6, 0x15, 0xd6, 0xf5, 0xd5, 0x15, 0xd6,
    0x79, 0xbe, 0x79, 0xbe, 0x79, 0xbe, 0x79, 0xbe, 0x79, 0xbe, 0x7a, 0xc6,
    0x9a, 0xc6, 0x9a, 0xc6, 0x9a, 0xc6, 0x9a, 0xc6, 0x9a, 0xc6, 0x9a, 0xc6,
    0x9a, 0xc6, 0x9a, 0xc6, 0x9a, 0xc6, 0x9a, 0xc6, 0x9a, 0xc6, 0x9a, 0xc6,
    0x9a, 0xc6, 0x9a, 0xc6, 0x9a, 0xc6, 0x9a, 0xc6, 0xba, 0xc6, 0xba, 0xc6,
    0xba, 0xce, 0xba, 0xc6, 0xba, 0xc6, 0xba, 0xc6, 0xba, 0xc6, 0xba, 0xc6,
    0xba, 0xce, 0xba, 0xce, 0xba, 0xce, 0xba, 0xce, 0xbb, 0xce, 0xba, 0xce,
    0xbb, 0xce, 0xdb, 0xce, 0xdb, 0xce, 0xdb, 0xce, 0xdb, 0xce, 0xdb, 0xce,
    0xdb, 0xce, 0xdb, 0xce, 0xdb, 0xce, 0xdb, 0xce, 0xdb, 0xce, 0xdb, 0xce,
    0xdb, 0xce, 0xdb, 0xce, 0xfb, 0xce, 0xfb, 0xce, 0xfb, 0xce, 0xfb, 0xd6,
    0xfb, 0xd6, 0xfb, 0xd6, 0xfb, 0xd6, 0xfb, 0xd6, 0xfc, 0xd6, 0xfc, 0xd6,
    0x1c, 0xd7, 0x1c, 0xd7, 0x1c, 0xd7, 0x1c, 0xd7, 0x1c, 0xd7, 0x1c, 0xd7,
    0x1c, 0xdf, 0x1c, 0xdf, 0x1c, 0xdf, 0x3c, 0xdf, 0x3c, 0xdf, 0x3c, 0xdf,
    0x3c, 0xdf, 0x3c, 0xdf, 0x3c, 0xdf, 0x3c, 0xdf, 0x3c, 0xdf, 0x3c, 0xdf,
    0x5c, 0xdf, 0x5c, 0xe7, 0x5c, 0xe7, 0x5c, 0xe7, 0x5c, 0xe7, 0x5c, 0xe7,
    0x5c, 0xe7, 0x5c, 0xe7, 0x5c, 0xe7, 0x5c, 0xe7, 0x5c, 0xe7, 0x5c, 0xe7,
    0x5c, 0xe7, 0x5d, 0xe7, 0x5d, 0xe7, 0x5d, 0xe7, 0x5c, 0xe7, 0x5c, 0xe7,
    0x5d, 0xe7, 0x5d, 0xe7, 0x5d, 0xe7, 0x5d, 0xe7, 0x5d, 0xe7, 0x5d, 0xe7,
    0x7d, 0xe7, 0x7d, 0xe7, 0x7d, 0xe7, 0x7d, 0xe7, 0x7d, 0xe7, 0x7d, 0xe7,
    0x7d, 0xe7, 0x7d, 0xe7, 0x7d, 0xef, 0x7d, 0xef, 0x7d, 0xef, 0x7d, 0xef,
    0x7d, 0xef, 0x7d, 0xef, 0x7d, 0xef, 0x7d, 0xef, 0x7d, 0xef, 0x7d, 0xef,
    0x7d, 0xef, 0x7d, 0xef, 0x7d, 0xef, 0x9d, 0xef, 0x9d, 0xf7, 0x9d, 0xf7,
    0x9d, 0xf7, 0x9d, 0xf7, 0x9c, 0xf7, 0x7c, 0xf7, 0x5b, 0xf7, 0x7b, 0xff,
    0x9c, 0xff, 0x9c, 0xff, 0x7c, 0xff, 0x7c, 0xf7, 0x7c, 0xf7, 0x7c, 0xef,
    0x7d, 0xef, 0x7d, 0xef, 0x7d, 0xef, 0x7d, 0xef, 0x7d, 0xef, 0x7d, 0xef,
    0x7d, 0xef, 0x7d, 0xef, 0x7d, 0xef, 0x7d, 0xef, 0x7d, 0xef, 0x7d, 0xef,
    0x7d, 0xef, 0x7d, 0xef, 0x7d, 0xef, 0x7d, 0xef, 0x7d, 0xef, 0x7c, 0xef,
    0x5b, 0xf7, 0x3a, 0xef, 0x3a, 0xf7, 0x7b, 0xff, 0x9c, 0xf7, 0x5b, 0xf7,
    0x3a, 0xf7, 0x19, 0xf7, 0xf9, 0xee, 0x19, 0xf7, 0x5a, 0xff, 0xbc, 0xff,
    0x9b, 0xff, 0x7c, 0xf7, 0x7c, 0xf7, 0x5b, 0xf7, 0x3a, 0xf7, 0x1a, 0xf7,
    0x1a, 0xf7, 0xf9, 0xee, 0xb9, 0xe6, 0xb8, 0xe6, 0x98, 0xde, 0x57, 0xde,
    0x57, 0xde, 0x57, 0xde, 0x77, 0xde, 0xb8, 0xee, 0x39, 0xf7, 0xb7, 0xee,
    0x57, 0xde, 0x57, 0xde, 0x97, 0xee, 0x77, 0xe6, 0x56, 0xde, 0x36, 0xde,
    0x36, 0xde, 0x56, 0xde, 0x56, 0xde, 0x36, 0xde, 0x36, 0xde, 0x36, 0xde,
    0x36, 0xde, 0x36, 0xde, 0x36, 0xde, 0x36, 0xde, 0x36, 0xde, 0x36, 0xde,
    0x56, 0xde, 0x56, 0xde, 0x56, 0xe6, 0x76, 0xe6, 0x56, 0xde, 0x36, 0xde,
    0x35, 0xde, 0x35, 0xde, 0x35, 0xde, 0x35, 0xde, 0x36, 0xde, 0x36, 0xde,
    0x35, 0xde, 0x35, 0xd6, 0x15, 0xd6, 0x15, 0xd6, 0x15, 0xd6, 0x35, 0xd6,
    0x35, 0xde, 0x76, 0xde, 0x56, 0xde, 0x35, 0xde, 0x35, 0xde, 0x35, 0xde,
    0x35, 0xde, 0x35, 0xde, 0x79, 0xbe, 0x79, 0xc6, 0x79, 0xc6, 0x99, 0xc6,
    0x99, 0xc6, 0x9a, 0xc6, 0x9a, 0xc6, 0x9a, 0xc6, 0x9a, 0xc6, 0x9a, 0xc6,
    0x9a, 0xc6, 0x9a, 0xc6, 0x9a, 0xc6, 0x9a, 0xc6, 0x9a, 0xc6, 0x9a, 0xc6,
    0x9a, 0xc6, 0x9a, 0xc6, 0xba, 0xc6, 0xba, 0xc6, 0xba, 0xc6, 0xba, 0xc6,
    0xba, 0xce, 0xba, 0xce, 0xba, 0xce, 0xba, 0xce, 0xba, 0xce, 0xba, 0xce,
    0xba, 0xce, 0xba, 0xce, 0xda, 0xce, 0xdb, 0xce, 0xdb, 0xce, 0xdb, 0xce,
    0xdb, 0xce, 0xdb, 0xce, 0xdb, 0xce, 0xdb, 0xce, 0xdb, 0xce, 0xdb, 0xce,
    0xdb, 0xce, 0xdb, 0xce, 0xfb, 0xce, 0xfb, 0xce, 0xdb, 0xce, 0xdb, 0xce,
    0xdb, 0xce, 0xfb, 0xd6, 0xfb, 0xd6, 0xfb, 0xd6, 0xfb, 0xd6, 0xfb, 0xd6,
    0xfb, 0xd6, 0xfb, 0xd6, 0xfb, 0xd6, 0xfb, 0xd6, 0xfc, 0xd6, 0x1c, 0xd7,
    0xfc, 0xd6, 0x1c, 0xd7, 0x1c, 0xd7, 0x1c, 0xd7, 0x1c, 0xd7, 0x1c, 0xd7,
    0x1c, 0xd7, 0x1c, 0xdf, 0x1c, 0xdf, 0x1c, 0xdf, 0x3c, 0xdf, 0x3c, 0xdf,
    0x3c, 0xdf, 0x3c, 0xdf, 0x3c, 0xdf, 0x3c, 0xdf, 0x3c, 0xdf, 0x3c, 0xdf,
    0x3c, 0xdf, 0x3c, 0xdf, 0x3c, 0xdf, 0x3c, 0xdf, 0x5c, 0xe7, 0x5c, 0xdf,
    0x5c, 0xe7, 0x5c, 0xe7, 0x5c, 0xe7, 0x5c, 0xe7, 0x5c, 0xe7, 0x5c, 0xe7,
    0x5c, 0xe7, 0x5c, 0xe7, 0x5c, 0xe7, 0x5c, 0xe7, 0x5c, 0xe7, 0x5c, 0xe7,
    0x5c, 0xe7, 0x5d, 0xe7, 0x5c, 0xe7, 0x7d, 0xef, 0x5d, 0xe7, 0x5d, 0xe7,
    0x5d, 0xef, 0x7d, 0xe7, 0x7d, 0xe7, 0x7d, 0xef, 0x7d, 0xef, 0x7d, 0xef,
    0x7d, 0xef, 0x7d, 0xef, 0x7d, 0xef, 0x7d, 0xef, 0x7d, 0xef, 0x7d, 0xef,
    0x7d, 0xef, 0x9d, 0xef, 0x9d, 0xf7, 0x9d, 0xf7, 0xbd, 0xf7, 0x9d, 0xf7,
    0x9d, 0xf7, 0x9d, 0xf7, 0x9d, 0xf7, 0x9d, 0xf7, 0x9d, 0xf7, 0x9d, 0xf7,
    0x9d, 0xf7, 0x9d, 0xf7, 0x9d, 0xf7, 0x9d, 0xf7, 0xbd, 0xff, 0xbd, 0xff,
    0xbc, 0xff, 0xbc, 0xff, 0xbc, 0xff, 0x9c, 0xff, 0x9c, 0xff, 0x7b, 0xf7,
    0x5b, 0xf7, 0x5b, 0xf7, 0x5b, 0xef, 0x5b, 0xef, 0x5b, 0xef, 0x5c, 0xef,
    0x5c, 0xef, 0x5c, 0xef, 0x5c, 0xef, 0x7c, 0xf7, 0x7d, 0xf7, 0x7c, 0xf7,
    0x7c, 0xef, 0x7c, 0xef, 0x7c, 0xef, 0x7c, 0xf7, 0x7c, 0xf7, 0x9c, 0xf7,
    0x7c, 0xf7, 0x5b, 0xf7, 0x3a, 0xf7, 0x3a, 0xf7, 0x5a, 0xff, 0x7a, 0xff,
    0x9c, 0xff, 0xbc, 0xff, 0x9b, 0xff, 0x9b, 0xff, 0x7a, 0xff, 0x7a, 0xff,
    0x9b, 0xff, 0x9b, 0xff, 0x9c, 0xff, 0x7b, 0xf7, 0x3a, 0xf7, 0xf9, 0xee,
    0xd9, 0xe6, 0xb8, 0xe6, 0xb8, 0xe6, 0xd9, 0xee, 0xf9, 0xee, 0x97, 0xde,
    0x77, 0xde, 0x77, 0xde, 0x77, 0xde, 0xb7, 0xe6, 0xd8, 0xee, 0xf9, 0xf6,
    0x19, 0xf7, 0xb8, 0xe6, 0x97, 0xe6, 0x97, 0xe6, 0x97, 0xee, 0x76, 0xe6,
    0x56, 0xde, 0x56, 0xde, 0x56, 0xde, 0x56, 0xde, 0x56, 0xde, 0x56, 0xde,
    0x56, 0xde, 0x36, 0xde, 0x56, 0xde, 0x56, 0xde, 0x56, 0xe6, 0x56, 0xe6,
    0x56, 0xe6, 0x76, 0xe6, 0x76, 0xe6, 0x76, 0xe6, 0x76, 0xe6, 0x76, 0xe6,
    0x76, 0xe6, 0x56, 0xe6, 0x56, 0xde, 0x35, 0xde, 0x35, 0xde, 0x35, 0xde,
    0x35, 0xde, 0x35, 0xde, 0x35, 0xde, 0x35, 0xde, 0x35, 0xde, 0x56, 0xde,
    0x76, 0xe6, 0x96, 0xe6, 0xb7, 0xee, 0x96, 0xee, 0x76, 0xe6, 0x55, 0xe6,
    0x75, 0xe6, 0x76, 0xe6, 0xb6, 0xee, 0x76, 0xe6, 0x99, 0xc6, 0x99, 0xc6,
    0x99, 0xc6, 0x99, 0xc6, 0x99, 0xc6, 0x99, 0xc6, 0x99, 0xc6, 0x99, 0xc6,
    0x99, 0xc6, 0x9a, 0xc6, 0x9a, 0xce, 0x9a, 0xc6, 0x9a, 0xc6, 0xba, 0xc6,
    0xba, 0xc6, 0xba, 0xce, 0xba, 0xce, 0xba, 0xce, 0xba, 0xce, 0xba, 0xce,
    0xba, 0xce, 0xba, 0xce, 0xba, 0xce, 0xda, 0xce, 0xda, 0xce, 0xba, 0xce,
    0xda, 0xce, 0xda, 0xce, 0xda, 0xce, 0xda, 0xce, 0xda, 0xce, 0xda, 0xce,
    0xda, 0xce, 0xda, 0xce, 0xda, 0xce, 0xda, 0xce, 0xdb, 0xce, 0xdb, 0xce,
    0xdb, 0xce, 0xdb, 0xce, 0xdb, 0xd6, 0xfb, 0xd6, 0xfb, 0xd6, 0xfb, 0xd6,
    0xfb, 0xd6, 0xfb, 0xd6, 0xfb, 0xd6, 0xfb, 0xd6, 0xfb, 0xd6, 0xfb, 0xd6,
    0xfb, 0xd6, 0xfb, 0xd6, 0xfb, 0xd6, 0xfb, 0xd6, 0xfb, 0xd6, 0x1b, 0xd7,
    0x1b, 0xd7, 0x1c, 0xd7, 0x1c, 0xd7, 0x1c, 0xd7, 0x1c, 0xd7, 0x1c, 0xd7,
    0x1c, 0xd7, 0x1c, 0xdf, 0x1c, 0xdf, 0x1c, 0xdf, 0x3c, 0xdf, 0x3c, 0xdf,
    0x3c, 0xdf, 0x3c, 0xdf, 0x3c, 0xdf, 0x3c, 0xdf, 0x3c, 0xdf, 0x3c, 0xdf,
    0x3c, 0xdf, 0x3c, 0xdf, 0x3c, 0xdf, 0x3c, 0xdf, 0x3c, 0xdf, 0x3c, 0xdf,
    0x5c, 0xe7, 0x5c, 0xe7, 0x5c, 0xe7, 0x5c, 0xe7, 0x5c, 0xe7, 0x5c, 0xe7,
    0x5c, 0xe7, 0x5c, 0xe7, 0x5c, 0xe7, 0x5c, 0xe7, 0x5c, 0xe7, 0x5c, 0xe7,
    0x5c, 0xe7, 0x5c, 0xe7, 0x5c, 0xe7, 0x5c, 0xe7, 0x5c, 0xe7, 0x5c, 0xe7,
    0x7c, 0xef, 0x7c, 0xef, 0x9d, 0xf7, 0x9d, 0xf7, 0x9c, 0xf7, 0x7c, 0xf7,
    0x7c, 0xf7, 0x7d, 0xf7, 0x7d, 0xf7, 0x9d, 0xf7, 0x9d, 0xef, 0x7d, 0xef,
    0x9d, 0xef, 0x9d, 0xef, 0x9d, 0xf7, 0x9d, 0xf7, 0x9d, 0xf7, 0x9d, 0xf7,
    0x9d, 0xf7, 0x9d, 0xf7, 0x9d, 0xf7, 0x9d, 0xf7, 0xbd, 0xf7, 0xbd, 0xff,
    0x9d, 0xf7, 0x9d, 0xf7, 0x9d, 0xf7, 0x9d, 0xf7, 0x9d, 0xf7, 0x9d, 0xf7,
    0x9d, 0xf7, 0x9d, 0xf7, 0x9d, 0xf7, 0x9d, 0xf7, 0xbd, 0xff, 0xbd, 0xff,
    0xbd, 0xff, 0xdd, 0xff, 0xbc, 0xff, 0xbc, 0xff, 0x9b, 0xff, 0x7b, 0xff,
    0x5b, 0xf7, 0x3a, 0xf7, 0x1a, 0xef, 0x1a, 0xef, 0xfa, 0xee, 0xfa, 0xee,
    0xfa, 0xee, 0x1a, 0xef, 0x1a, 0xef, 0x3a, 0xf7, 0x7b, 0xff, 0x7c, 0xff,
    0x9c, 0xff, 0x9c, 0xf7, 0x9c, 0xf7, 0x9c, 0xff, 0x9c, 0xff, 0x9c, 0xff,
    0x9b, 0xff, 0xbb, 0xff, 0xdc, 0xff, 0xbc, 0xff, 0xdc, 0xff, 0xdd, 0xff,
    0xdc, 0xff, 0xbc, 0xff, 0x7b, 0xff, 0x7b, 0xff, 0x9b, 0xff, 0x7a, 0xff,
    0x5a, 0xff, 0xd9, 0xee, 0x19, 0xf7, 0x3a, 0xf7, 0xd8, 0xee, 0xb8, 0xee,
    0xb8, 0xe6, 0x77, 0xe6, 0x77, 0xe6, 0x97, 0xe6, 0xd8, 0xee, 0x19, 0xf7,
    0xf8, 0xf6, 0xd8, 0xee, 0xf9, 0xee, 0x39, 0xf7, 0x19, 0xf7, 0xf8, 0xf6,
    0x77, 0xe6, 0x97, 0xee, 0x97, 0xee, 0x97, 0xee, 0x76, 0xe6, 0x76, 0xe6,
    0x76, 0xe6, 0x96, 0xee, 0x76, 0xe6, 0x76, 0xe6, 0x76, 0xee, 0x96, 0xee,
    0x96, 0xe6, 0x76, 0xe6, 0x76, 0xe6, 0x76, 0xe6, 0x96, 0xe6, 0xb7, 0xee,
    0xd7, 0xf6, 0xb6, 0xee, 0x96, 0xe6, 0x76, 0xe6, 0x76, 0xe6, 0x56, 0xe6,
    0x56, 0xe6, 0x56, 0xe6, 0x56, 0xe6, 0x56, 0xe6, 0x76, 0xe6, 0xb6, 0xee,
    0xf7, 0xf6, 0xf7, 0xf6, 0x18, 0xf7, 0x38, 0xff, 0x17, 0xff, 0xb6, 0xf6,
    0xf7, 0xf6, 0x17, 0xf7, 0x38, 0xff, 0x18, 0xff, 0xb6, 0xee, 0x76, 0xe6,
    0x99, 0xc6, 0x99, 0xc6, 0x99, 0xc6, 0x99, 0xc6, 0x99, 0xce, 0x99, 0xc6,
    0x99, 0xce, 0xb9, 0xce, 0xb9, 0xce, 0xba, 0xce, 0xba, 0xce, 0xba, 0xce,
    0xba, 0xce, 0xba, 0xce, 0xba, 0xce, 0xba, 0xce, 0xba, 0xce, 0xba, 0xce,
    0xba, 0xce, 0xba, 0xce, 0xda, 0xce, 0xda, 0xce, 0xda, 0xce, 0xda, 0xce,
    0xda, 0xce, 0xda, 0xce, 0xda, 0xce, 0xda, 0xd6, 0xda, 0xd6, 0xda, 0xd6,
    0xda, 0xd6, 0xda, 0xd6, 0xda, 0xd6, 0xda, 0xd6, 0xfa, 0xd6, 0xfa, 0xd6,
    0xfb, 0xd6, 0xfb, 0xd6, 0xfb, 0xd6, 0xfb, 0xd6, 0xfb, 0xd6, 0xfb, 0xd6,
    0xfb, 0xd6, 0xfb, 0xd6, 0xfb, 0xd6, 0xfb, 0xd6, 0xfb, 0xd6, 0xfb, 0xd6,
    0xfb, 0xd6, 0xfb, 0xd6, 0x1b, 0xd7, 0xfb, 0xd6, 0x1b, 0xd7, 0x1b, 0xd7,
    0x1b, 0xd7, 0x1b, 0xd7, 0x1b, 0xd7, 0x1b, 0xdf, 0x1c, 0xdf, 0x1c, 0xdf,
    0x1c, 0xdf, 0x1c, 0xdf, 0x1c, 0xdf, 0x1c, 0xdf, 0x3c, 0xdf, 0x3c, 0xdf,
    0x3c, 0xdf, 0x3c, 0xdf, 0x3c, 0xdf, 0x3c, 0xdf, 0x3c, 0xdf, 0x3c, 0xdf,
    0x3c, 0xdf, 0x3c, 0xdf, 0x3c, 0xdf, 0x3c, 0xdf, 0x3c, 0xdf, 0x3c, 0xdf,
    0x3c, 0xdf, 0x3c, 0xe7, 0x5c, 0xe7, 0x5c, 0xe7, 0x5c, 0xe7, 0x5c, 0xe7,
    0x5c, 0xe7, 0x5c, 0xe7, 0x5c, 0xe7, 0x5c, 0xe7, 0x5c, 0xe7, 0x5c, 0xe7,
    0x5c, 0xe7, 0x5c, 0xe7, 0x7c, 0xe7, 0x7c, 0xe7, 0x7c, 0xe7, 0x7c, 0xe7,
    0x5c, 0xe7, 0x5c, 0xe7, 0x5c, 0xe7, 0x5c, 0xef, 0x7c, 0xef, 0x7c, 0xef,
    0x7d, 0xef, 0x9d, 0xf7, 0x9d, 0xf7, 0x9d, 0xf7, 0x9d, 0xff, 0xbd, 0xff,
    0xbd, 0xff, 0xbd, 0xff, 0xbd, 0xf7, 0x9d, 0xf7, 0x9d, 0xf7, 0x9d, 0xf7,
    0x9d, 0xf7, 0x9d, 0xf7, 0x9d, 0xf7, 0x9d, 0xf7, 0x9d, 0xf7, 0x9d, 0xf7,
    0x9d, 0xf7, 0x9d, 0xf7, 0x9d, 0xf7, 0x9d, 0xf7, 0x9d, 0xf7, 0x9d, 0xf7,
    0x9d, 0xf7, 0x9d, 0xf7, 0x9d, 0xf7, 0x9d, 0xf7, 0x9d, 0xf7, 0x9d, 0xf7,
    0x9d, 0xf7, 0x9d, 0xf7, 0x9d, 0xf7, 0x9d, 0xf7, 0x9d, 0xf7, 0xbd, 0xff,
    0xbd, 0xff, 0xbd, 0xff, 0xbc, 0xff, 0xbc, 0xff, 0x9b, 0xff, 0x7b, 0xff,
    0x7b, 0xff, 0x7b, 0xff, 0x7b, 0xff, 0x5a, 0xf7, 0x5a, 0xff, 0x7b, 0xff,
    0x7b, 0xff, 0x7b, 0xff, 0x9b, 0xff, 0x9b, 0xff, 0xbc, 0xff, 0xbc, 0xff,
    0xdc, 0xff, 0xdc, 0xff, 0xbc, 0xff, 0xbc, 0xff, 0x9c, 0xff, 0x9c, 0xff,
    0x9c, 0xff, 0x9c, 0xff, 0x9c, 0xff, 0xbc, 0xff, 0xdc, 0xff, 0xbb, 0xff,
    0x7a, 0xff, 0x7a, 0xff, 0x5a, 0xff, 0xf8, 0xf6, 0x18, 0xf7, 0x5a, 0xff,
    0xd8, 0xee, 0xb7, 0xee, 0xb7, 0xee, 0xb7, 0xee, 0xf8, 0xf6, 0x39, 0xff,
    0xd8, 0xee, 0xb8, 0xee, 0xb7, 0xee, 0x97, 0xee, 0xd8, 0xf6, 0xf8, 0xf6,
    0x97, 0xee, 0x97, 0xee, 0xd7, 0xee, 0x18, 0xf7, 0x19, 0xff, 0x39, 0xff,
    0xf8, 0xf6, 0xd7, 0xf6, 0x39, 0xff, 0xf8, 0xf6, 0xb7, 0xee, 0xb7, 0xf6,
    0x18, 0xf7, 0xb7, 0xee, 0xb7, 0xee, 0x96, 0xee, 0xb7, 0xee, 0xb7, 0xee,
    0xf7, 0xf6, 0x18, 0xff, 0x59, 0xff, 0xf7, 0xf6, 0xb7, 0xee, 0x96, 0xee,
    0x96, 0xee, 0xb6, 0xee, 0x96, 0xee, 0x96, 0xe6, 0x76, 0xe6, 0x76, 0xe6,
    0xb6, 0xee, 0xf7, 0xf6, 0x59, 0xff, 0x7a, 0xff, 0x9a, 0xff, 0x79, 0xff,
    0x59, 0xff, 0x79, 0xff, 0x9a, 0xff, 0x59, 0xff, 0x18, 0xff, 0xf7, 0xf6,
    0x18, 0xff, 0x38, 0xff, 0x99, 0xce, 0x99, 0xce, 0x99, 0xce, 0x99, 0xce,
    0xb9, 0xce, 0x99, 0xce, 0x99, 0xce, 0xb9, 0xce, 0xb9, 0xce, 0xb9, 0xce,
    0xb9, 0xce, 0xb9, 0xce, 0xb9, 0xce, 0xba, 0xce, 0xba, 0xce, 0xba, 0xce,
    0xba, 0xce, 0xba, 0xce, 0xda, 0xce, 0xda, 0xce, 0xda, 0xd6, 0xda, 0xce,
    0xda, 0xd6, 0xda, 0xd6, 0xda, 0xd6, 0xda, 0xd6, 0xda, 0xd6, 0xda, 0xd6,
    0xda, 0xd6, 0xda, 0xd6, 0xda, 0xd6, 0xda, 0xd6, 0xda, 0xd6, 0xda, 0xd6,
    0xda, 0xd6, 0xda, 0xd6, 0xfa, 0xd6, 0xfa, 0xd6, 0xfb, 0xd6, 0xfb, 0xd6,
    0xfb, 0xd6, 0xfb, 0xd6, 0xfb, 0xd6, 0xfb, 0xd6, 0xfb, 0xd6, 0xfb, 0xd6,
    0xfb, 0xd6, 0xfb, 0xd6, 0xfb, 0xd6, 0xfb, 0xd6, 0xfb, 0xd6, 0xfb, 0xd6,
    0xfb, 0xd6, 0x1b, 0xd7, 0x1b, 0xdf, 0x1b, 0xdf, 0x1b, 0xdf, 0x1b, 0xdf,
    0x1b, 0xdf, 0x1b, 0xdf, 0x1b, 0xdf, 0x1b, 0xdf, 0x1b, 0xdf, 0x3c, 0xdf,
    0x3c, 0xdf, 0x3c, 0xdf, 0x3c, 0xdf, 0x3c, 0xdf, 0x3c, 0xdf, 0x3c, 0xdf,
    0x3c, 0xdf, 0x3c, 0xdf, 0x3c, 0xdf, 0x3c, 0xdf, 0x3c, 0xdf, 0x3c, 0xdf,
    0x3c, 0xdf, 0x3c, 0xe7, 0x3c, 0xe7, 0x3c, 0xe7, 0x5c, 0xe7, 0x5c, 0xe7,
    0x5c, 0xe7, 0x5c, 0xe7, 0x5c, 0xe7, 0x5c, 0xe7, 0x5c, 0xe7, 0x5c, 0xe7,
    0x5c, 0xe7, 0x5c, 0xe7, 0x7c, 0xe7, 0x7c, 0xe7, 0x7c, 0xef, 0x7c, 0xef,
    0x7c, 0xef, 0x7c, 0xef, 0x7c, 0xef, 0x7c, 0xef, 0x7c, 0xef, 0x7c, 0xef,
    0x7d, 0xef, 0x7c, 0xef, 0x7c, 0xef, 0x7c, 0xef, 0x7d, 0xef, 0x7d, 0xef,
    0x7d, 0xef, 0x7d, 0xef, 0x9d, 0xf7, 0x9d, 0xf7, 0x9d, 0xf7, 0xbd, 0xf7,
    0x9d, 0xf7, 0x9d, 0xf7, 0x9d, 0xf7, 0x9d, 0xf7, 0x9d, 0xf7, 0x9d, 0xf7,
    0x9d, 0xef, 0x9d, 0xef, 0x9d, 0xf7, 0x9d, 0xf7, 0x9d, 0xf7, 0x9d, 0xf7,
    0x9d, 0xf7, 0x9d, 0xf7, 0x9d, 0xf7, 0x9d, 0xf7, 0x9d, 0xf7, 0x9d, 0xf7,
    0x9d, 0xf7, 0x9d, 0xf7, 0x9d, 0xf7, 0x9d, 0xf7, 0x9d, 0xf7, 0x9d, 0xf7,
    0x9c, 0xf7, 0x9c, 0xf7, 0x9d, 0xf7, 0x9d, 0xf7, 0x9d, 0xff, 0xbd, 0xff,
    0xbc, 0xff, 0xbc, 0xff, 0xdc, 0xff, 0xbc, 0xff, 0xbc, 0xff, 0x9b, 0xff,
    0x5a, 0xff, 0x7b, 0xff, 0xbb, 0xff, 0xdc, 0xff, 0xdd, 0xff, 0xdd, 0xff,
    0xdd, 0xff, 0xdc, 0xff, 0xbc, 0xff, 0xbc, 0xff, 0x9c, 0xff, 0x9c, 0xff,
    0x9c, 0xf7, 0x9c, 0xf7, 0x9c, 0xf7, 0x9c, 0xf7, 0x9c, 0xf7, 0x9c, 0xff,
    0x9c, 0xff, 0x9c, 0xff, 0xbc, 0xff, 0xbc, 0xff, 0xbc, 0xff, 0xbb, 0xff,
    0x9b, 0xff, 0x7a, 0xff, 0x18, 0xf7, 0xf8, 0xf6, 0xf8, 0xf6, 0x39, 0xff,
    0x18, 0xf7, 0xd8, 0xf6, 0xb7, 0xee, 0x97, 0xee, 0x97, 0xee, 0x97, 0xee,
    0xb7, 0xee, 0xb7, 0xee, 0xb7, 0xee, 0xb7, 0xee, 0xb7, 0xee, 0xf8, 0xf6,
    0x59, 0xff, 0x18, 0xff, 0x18, 0xf7, 0x18, 0xf7, 0x18, 0xff, 0xf8, 0xf6,
    0xd7, 0xf6, 0x18, 0xff, 0x39, 0xff, 0x18, 0xff, 0xd7, 0xf6, 0xd7, 0xf6,
    0xd7, 0xf6, 0x18, 0xff, 0x39, 0xff, 0x79, 0xff, 0x59, 0xff, 0x18, 0xff,
    0xd7, 0xf6, 0xd7, 0xf6, 0x18, 0xff, 0x18, 0xff, 0xb7, 0xf6, 0xb6, 0xee,
    0xb6, 0xee, 0x18, 0xf7, 0x79, 0xff, 0x7a, 0xff, 0x59, 0xff, 0x59, 0xff,
    0x59, 0xff, 0x39, 0xff, 0x39, 0xff, 0x39, 0xff, 0x38, 0xff, 0x18, 0xf7,
    0xf8, 0xf6, 0x38, 0xff, 0x59, 0xff, 0x18, 0xff, 0xb9, 0xce, 0xb9, 0xce,
    0xb9, 0xce, 0xb9, 0xce, 0xb9, 0xce, 0xb9, 0xce, 0xb9, 0xce, 0xb9, 0xce,
    0xb9, 0xce, 0xb9, 0xce, 0xb9, 0xce, 0xb9, 0xce, 0xb9, 0xce, 0xba, 0xce,
    0xba, 0xce, 0xba, 0xd6, 0xba, 0xce, 0xda, 0xd6, 0xda, 0xd6, 0xda, 0xd6,
    0xda, 0xd6, 0xda, 0xd6, 0xda, 0xd6, 0xda, 0xd6, 0xda, 0xd6, 0xda, 0xd6,
    0xda, 0xd6, 0xda, 0xd6, 0xda, 0xd6, 0xda, 0xd6, 0xda, 0xd6, 0xda, 0xd6,
    0xda, 0xd6, 0xda, 0xd6, 0xfa, 0xd6, 0xfa, 0xd6, 0xfa, 0xd6, 0xfa, 0xd6,
    0xfa, 0xd6, 0xfa, 0xd6, 0xfb, 0xd6, 0xfa, 0xd6, 0xfb, 0xd6, 0xfb, 0xd6,
    0x1b, 0xdf, 0x1b, 0xdf, 0x1b, 0xdf, 0x1b, 0xdf, 0x1b, 0xdf, 0x1b, 0xdf,
    0x1b, 0xdf, 0x1b, 0xdf, 0x1b, 0xdf, 0x1b, 0xdf, 0x1b, 0xdf, 0x1b, 0xdf,
    0x1b, 0xdf, 0x1b, 0xdf, 0x1b, 0xdf, 0x3b, 0xdf, 0x3b, 0xdf, 0x3b, 0xdf,
    0x3b, 0xdf, 0x3b, 0xdf, 0x3b, 0xdf, 0x3b, 0xdf, 0x3c, 0xdf, 0x3c, 0xdf,
    0x3c, 0xdf, 0x3c, 0xe7, 0x3c, 0xe7, 0x3c, 0xe7, 0x3c, 0xe7, 0x3c, 0xe7,
    0x3c, 0xe7, 0x5c, 0xe7, 0x5c, 0xe7, 0x5c, 0xe7, 0x5c, 0xe7, 0x5c, 0xe7,
    0x5c, 0xe7, 0x5c, 0xe7, 0x5c, 0xe7, 0x5c, 0xe7, 0x5c, 0xe7, 0x5c, 0xe7,
    0x5c, 0xe7, 0x5c, 0xe7, 0x5c, 0xe7, 0x5c, 0xe7, 0x5c, 0xe7, 0x7c, 0xef,
    0x7c, 0xef, 0x7c, 0xef, 0x7c, 0xef, 0x7c, 0xef, 0x7c, 0xef, 0x7c, 0xef,
    0x7c, 0xef, 0x7c, 0xef, 0x7d, 0xef, 0x7d, 0xef, 0x7d, 0xef, 0x7c, 0xef,
    0x7d, 0xef, 0x7d, 0xef, 0x7d, 0xef, 0x7d, 0xef, 0x7d, 0xef, 0x7d, 0xef,
    0x9d, 0xef, 0x9d, 0xf7, 0x9d, 0xf7, 0x9d, 0xef, 0x9d, 0xef, 0x9d, 0xf7,
    0x9d, 0xf7, 0x9d, 0xf7, 0x9d, 0xf7, 0x9d, 0xf7, 0x9d, 0xf7, 0x9d, 0xf7,
    0x9d, 0xf7, 0x9d, 0xf7, 0x9d, 0xf7, 0x9d, 0xf7, 0x9d, 0xf7, 0x9d, 0xf7,
    0x9d, 0xf7, 0x9d, 0xf7, 0xbd, 0xf7, 0xbd, 0xff, 0xbd, 0xff, 0xbd, 0xff,
    0xbd, 0xff, 0xbd, 0xff, 0xbd, 0xff, 0xbd, 0xff, 0xbd, 0xff, 0xbd, 0xff,
    0xbd, 0xff, 0xbd, 0xff, 0xbd, 0xff, 0xbd, 0xff, 0xbc, 0xff, 0xbc, 0xff,
    0xdd, 0xff, 0xdc, 0xff, 0xbc, 0xff, 0xbc, 0xff, 0xbc, 0xff, 0xdc, 0xff,
    0xdd, 0xff, 0xdc, 0xff, 0xbc, 0xff, 0xbc, 0xff, 0x9c, 0xff, 0x9c, 0xff,
    0x9c, 0xff, 0x9c, 0xff, 0x9c, 0xff, 0x9c, 0xff, 0x9c, 0xff, 0x9c, 0xf7,
    0x9c, 0xff, 0x9c, 0xff, 0x9c, 0xff, 0x7b, 0xff, 0x9b, 0xff, 0x9b, 0xff,
    0x9b, 0xff, 0x9c, 0xff, 0xbc, 0xff, 0xdc, 0xff, 0xdc, 0xff, 0x9b, 0xff,
    0x7a, 0xff, 0x7a, 0xff, 0x18, 0xff, 0x18, 0xf7, 0xf7, 0xf6, 0xd7, 0xf6,
    0xd7, 0xf6, 0xd7, 0xf6, 0xd7, 0xf6, 0xd7, 0xf6, 0xd7, 0xf6, 0xb7, 0xf6,
    0xd7, 0xf6, 0x18, 0xff, 0xf7, 0xf6, 0xb7, 0xee, 0xb7, 0xf6, 0xb7, 0xf6,
    0xd7, 0xf6, 0xb6, 0xf6, 0xb7, 0xf6, 0xf7, 0xf6, 0x38, 0xff, 0x79, 0xff,
    0x18, 0xff, 0x38, 0xff, 0x79, 0xff, 0x7a, 0xff, 0x7a, 0xff, 0x5a, 0xff,
    0x7a, 0xff, 0x59, 0xff, 0x59, 0xff, 0x7a, 0xff, 0x7a, 0xff, 0x38, 0xff,
    0x18, 0xff, 0x59, 0xff, 0x59, 0xff, 0x59, 0xff, 0x39, 0xf7, 0x39, 0xf7,
    0x39, 0xff, 0x59, 0xff, 0x59, 0xff, 0x39, 0xff, 0x39, 0xff, 0x59, 0xff,
    0x59, 0xff, 0x38, 0xff, 0x38, 0xff, 0x39, 0xff, 0x59, 0xff, 0x38, 0xf7,
    0x29, 0x8b, 0xed, 0x9b, 0x73, 0xbd, 0x78, 0xce, 0xb9, 0xce, 0xb9, 0xce,
    0xb9, 0xce, 0xb9, 0xce, 0xb9, 0xd6, 0xb9, 0xd6, 0xb9, 0xd6, 0xb9, 0xd6,
    0xb9, 0xd6, 0xd9, 0xd6, 0xba, 0xd6, 0xd9, 0xd6, 0xda, 0xd6, 0xda, 0xd6,
    0xda, 0xd6, 0xda, 0xd6, 0xda, 0xd6, 0xda, 0xd6, 0xda, 0xd6, 0xda, 0xd6,
    0xda, 0xd6, 0xda, 0xd6, 0xda, 0xd6, 0xda, 0xd6, 0xda, 0xd6, 0xda, 0xd6,
    0xda, 0xd6, 0xda, 0xd6, 0xda, 0xd6, 0xfa, 0xd6, 0xfa, 0xd6, 0xfa, 0xd6,
    0xfa, 0xd6, 0xfa, 0xd6, 0xfa, 0xde, 0xfa, 0xd6, 0xfa, 0xde, 0xfb, 0xde,
    0xfb, 0xde, 0xfb, 0xde, 0xfb, 0xde, 0xfb, 0xde, 0x1b, 0xdf, 0x1b, 0xdf,
    0x1b, 0xdf, 0x1b, 0xdf, 0x1b, 0xdf, 0x1b, 0xdf, 0x1b, 0xdf, 0x1b, 0xdf,
    0x1b, 0xdf, 0x1b, 0xdf, 0x1b, 0xdf, 0x1b, 0xdf, 0x1b, 0xdf, 0x3b, 0xdf,
    0x3b, 0xdf, 0x3b, 0xdf, 0x3b, 0xdf, 0x3b, 0xdf, 0x3b, 0xdf, 0x3b, 0xdf,
    0x3b, 0xdf, 0x3b, 0xdf, 0x3b, 0xe7, 0x3c, 0xe7, 0x3c, 0xe7, 0x3c, 0xe7,
    0x5c, 0xe7, 0x5c, 0xe7, 0x3c, 0xe7, 0x3c, 0xe7, 0x5c, 0xe7, 0x5c, 0xe7,
    0x5c, 0xe7, 0x5c, 0xe7, 0x5c, 0xe7, 0x5c, 0xe7, 0x5c, 0xe7, 0x5c, 0xe7,
    0x5c, 0xe7, 0x5c, 0xe7, 0x5c, 0xef, 0x5c, 0xef, 0x7c, 0xef, 0x7c, 0xef,
    0x7c, 0xef, 0x7c, 0xef, 0x7c, 0xef, 0x7c, 0xef, 0x7c, 0xef, 0x7c, 0xef,
    0x7c, 0xef, 0x7c, 0xef, 0x7c, 0xef, 0x7c, 0xef, 0x7c, 0xef, 0x7d, 0xef,
    0x7d, 0xef, 0x9d, 0xef, 0x9d, 0xef, 0x9d, 0xef, 0x9d, 0xef, 0x9d, 0xf7,
    0x9d, 0xf7, 0x9d, 0xf7, 0x9d, 0xf7, 0x9d, 0xf7, 0x9d, 0xf7, 0x9d, 0xf7,
    0x9d, 0xf7, 0x9d, 0xf7, 0x9d, 0xf7, 0x9d, 0xf7, 0x9d, 0xf7, 0x9d, 0xf7,
    0x9d, 0xf7, 0x9d, 0xf7, 0x9d, 0xf7, 0x9d, 0xf7, 0x9d, 0xf7, 0x9d, 0xf7,
    0x9d, 0xf7, 0x9d, 0xf7, 0x9d, 0xf7, 0xbd, 0xff, 0xbd, 0xff, 0xbd, 0xff,
    0xbd, 0xff, 0xbd, 0xff, 0xbd, 0xff, 0xdd, 0xff, 0xdd, 0xff, 0xdd, 0xff,
    0xbd, 0xff, 0xdd, 0xff, 0xbd, 0xff, 0xbd, 0xff, 0xbd, 0xff, 0xbd, 0xff,
    0xbd, 0xff, 0xbd, 0xff, 0xbd, 0xff, 0xbd, 0xff, 0xbd, 0xff, 0xbc, 0xff,
    0xbc, 0xff, 0xbc, 0xff, 0xbc, 0xff, 0xbc, 0xff, 0xbc, 0xff, 0xbc, 0xff,
    0xbc, 0xff, 0xdc, 0xff, 0xdc, 0xff, 0xdd, 0xff, 0xdc, 0xff, 0xdc, 0xff,
    0xbc, 0xff, 0xbc, 0xff, 0xbc, 0xff, 0xbc, 0xff, 0x9c, 0xff, 0x9c, 0xff,
    0x9b, 0xff, 0x9b, 0xff, 0x9b, 0xff, 0x9b, 0xff, 0x7b, 0xff, 0x7b, 0xff,
    0x7b, 0xff, 0xbb, 0xff, 0xbc, 0xff, 0xbc, 0xff, 0xbb, 0xff, 0xbb, 0xff,
    0x9a, 0xff, 0x58, 0xff, 0x38, 0xff, 0x38, 0xff, 0x17, 0xff, 0x18, 0xff,
    0x17, 0xff, 0x17, 0xff, 0x58, 0xff, 0x58, 0xff, 0x17, 0xff, 0xd6, 0xf6,
    0xd6, 0xf6, 0xf7, 0xfe, 0xf7, 0xfe, 0xd6, 0xf6, 0xf7, 0xf6, 0x38, 0xff,
    0x38, 0xff, 0x59, 0xff, 0x59, 0xff, 0x9a, 0xff, 0x7a, 0xff, 0x7a, 0xff,
    0x7a, 0xff, 0x9a, 0xff, 0x9a, 0xff, 0x9a, 0xff, 0x9a, 0xff, 0x7a, 0xff,
    0x59, 0xff, 0x7a, 0xff, 0x7a, 0xff, 0x59, 0xff, 0x39, 0xff, 0x59, 0xff,
    0x7a, 0xff, 0x59, 0xff, 0x79, 0xff, 0x39, 0xff, 0x39, 0xff, 0x39, 0xff,
    0x59, 0xff, 0x39, 0xff, 0x39, 0xff, 0x39, 0xff, 0x18, 0xf7, 0x18, 0xf7,
    0x18, 0xf7, 0xf8, 0xee, 0xa9, 0x72, 0xa9, 0x72, 0xe9, 0x7a, 0x0a, 0x7b,
    0x2f, 0x94, 0x53, 0xb5, 0x74, 0xb5, 0x94, 0xb5, 0x57, 0xce, 0xd9, 0xd6,
    0xd9, 0xd6, 0xd9, 0xd6, 0xd9, 0xd6, 0xb9, 0xd6, 0xd9, 0xd6, 0xd9, 0xd6,
    0xd9, 0xd6, 0xda, 0xd6, 0xda, 0xd6, 0xda, 0xd6, 0xda, 0xd6, 0xda, 0xd6,
    0xda, 0xd6, 0xda, 0xd6, 0xda, 0xd6, 0xda, 0xd6, 0xda, 0xd6, 0xda, 0xd6,
    0xda, 0xd6, 0xda, 0xd6, 0xda, 0xd6, 0xda, 0xd6, 0xfa, 0xde, 0xfa, 0xde,
    0xfa, 0xde, 0xfa, 0xde, 0xfa, 0xde, 0xfa, 0xde, 0xfa, 0xde, 0xfa, 0xde,
    0xfa, 0xde, 0x1a, 0xdf, 0x1b, 0xdf, 0x1b, 0xdf, 0x1b, 0xdf, 0x1b, 0xdf,
    0x1b, 0xdf, 0x1b, 0xdf, 0x1b, 0xdf, 0x1b, 0xdf, 0x1b, 0xdf, 0x1b, 0xdf,
    0x1b, 0xdf, 0x1b, 0xdf, 0x1b, 0xdf, 0x1b, 0xdf, 0x1b, 0xdf, 0x1b, 0xdf,
    0x1b, 0xdf, 0x1b, 0xdf, 0x3b, 0xdf, 0x3b, 0xdf, 0x3b, 0xdf, 0x3b, 0xdf,
    0x3b, 0xdf, 0x3b, 0xdf, 0x3b, 0xe7, 0x3b, 0xe7, 0x3b, 0xe7, 0x3b, 0xe7,
    0x3b, 0xe7, 0x3c, 0xe7, 0x5c, 0xe7, 0x5c, 0xe7, 0x5c, 0xe7, 0x5c, 0xe7,
    0x5c, 0xe7, 0x5c, 0xef, 0x5c, 0xef, 0x5c, 0xef, 0x5c, 0xef, 0x5c, 0xef,
    0x5c, 0xef, 0x5c, 0xef, 0x5c, 0xef, 0x7c, 0xef, 0x7c, 0xef, 0x7c, 0xef,
    0x7c, 0xef, 0x7c, 0xef, 0x7c, 0xef, 0x7c, 0xef, 0x7c, 0xef, 0x7c, 0xef,
    0x7c, 0xef, 0x7c, 0xef, 0x7c, 0xef, 0x7c, 0xef, 0x7c, 0xef, 0x7c, 0xef,
    0x7c, 0xef, 0x7c, 0xef, 0x7c, 0xef, 0x7c, 0xef, 0x9d, 0xef, 0x9c, 0xef,
    0x9d, 0xf7, 0x9d, 0xf7, 0x9d, 0xf7, 0x9d, 0xf7, 0x9d, 0xf7, 0x9d, 0xf7,
    0x9d, 0xf7, 0x9d, 0xf7, 0x9d, 0xf7, 0x9d, 0xf7, 0x9d, 0xf7, 0x9d, 0xf7,
    0x9d, 0xf7, 0x9d, 0xf7, 0x9d, 0xf7, 0x9d, 0xf7, 0x9d, 0xf7, 0x9d, 0xf7,
    0x9d, 0xf7, 0x9d, 0xf7, 0x9d, 0xf7, 0x9d, 0xf7, 0x9d, 0xf7, 0x9d, 0xf7,
    0xbd, 0xff, 0xbd, 0xff, 0xbd, 0xff, 0xbd, 0xff, 0xbd, 0xff, 0xbd, 0xff,
    0xbd, 0xff, 0xbd, 0xff, 0xbd, 0xff, 0xbd, 0xff, 0xbd, 0xff, 0xbd, 0xff,
    0xbd, 0xff, 0xbd, 0xff, 0xbd, 0xff, 0xbd, 0xff, 0xbd, 0xff, 0xbd, 0xff,
    0xbd, 0xff, 0xdd, 0xff, 0xdd, 0xff, 0xdd, 0xff, 0xdd, 0xff, 0xdd, 0xff,
    0xdd, 0xff, 0xdd, 0xff, 0xdd, 0xff, 0xdc, 0xff, 0xdc, 0xff, 0xbc, 0xff,
    0xbc, 0xff, 0xbc, 0xff, 0xbc, 0xff, 0xbc, 0xff, 0xbc, 0xff, 0xbc, 0xff,
    0xbc, 0xff, 0xbc, 0xff, 0xdc, 0xff, 0xbc, 0xff, 0xbc, 0xff, 0xbc, 0xff,
    0xbc, 0xff, 0xbc, 0xff, 0xbb, 0xff, 0x9b, 0xff, 0x9b, 0xff, 0x9b, 0xff,
    0x9b, 0xff, 0x9b, 0xff, 0xbb, 0xff, 0xbb, 0xff, 0xdc, 0xff, 0xbb, 0xff,
    0xbb, 0xff, 0xdb, 0xff, 0xbb, 0xff, 0x9a, 0xff, 0x9a, 0xff, 0xbb, 0xff,
    0x79, 0xff, 0x58, 0xff, 0x58, 0xff, 0x79, 0xff, 0x59, 0xff, 0x79, 0xff,
    0x9a, 0xff, 0x9a, 0xff, 0xba, 0xff, 0x9b, 0xff, 0x9a, 0xff, 0x9b, 0xff,
    0x7a, 0xff, 0x7a, 0xff, 0x7a, 0xff, 0x5a, 0xff, 0x7a, 0xff, 0x5a, 0xff,
    0x5a, 0xff, 0x59, 0xff, 0x59, 0xff, 0x39, 0xff, 0x39, 0xff, 0x39, 0xf7,
    0x39, 0xf7, 0x39, 0xff, 0x39, 0xff, 0x59, 0xff, 0x79, 0xff, 0x79, 0xff,
    0x79, 0xff, 0x59, 0xff, 0x59, 0xff, 0x59, 0xff, 0x38, 0xff, 0x38, 0xff,
    0x38, 0xff, 0x38, 0xff, 0x38, 0xff, 0x38, 0xf7, 0x88, 0x6a, 0x88, 0x6a,
    0x88, 0x6a, 0x48, 0x62, 0x89, 0x6a, 0xca, 0x6a, 0xa9, 0x6a, 0xc9, 0x6a,
    0xea, 0x7a, 0xec, 0x9b, 0x53, 0xc5, 0xb9, 0xd6, 0xd9, 0xd6, 0xd9, 0xd6,
    0xd9, 0xd6, 0xd9, 0xd6, 0xd9, 0xd6, 0xd9, 0xd6, 0xd9, 0xde, 0xda, 0xde,
    0xda, 0xde, 0xda, 0xde, 0xda, 0xde, 0xda, 0xde, 0xfa, 0xde, 0xfa, 0xde,
    0xfa, 0xde, 0xda, 0xde, 0xfa, 0xde, 0xfa, 0xde, 0xfa, 0xde, 0xfa, 0xde,
    0xfa, 0xde, 0xfa, 0xde, 0xfa, 0xde, 0xfa, 0xde, 0xfa, 0xde, 0xfa, 0xde,
    0xfa, 0xde, 0xfa, 0xde, 0xfa, 0xde, 0x1a, 0xdf, 0x1a, 0xdf, 0x1a, 0xdf,
    0x1a, 0xe7, 0x1b, 0xe7, 0x1b, 0xe7, 0x1b, 0xe7, 0x1b, 0xe7, 0x1b, 0xe7,
    0x1b, 0xe7, 0x1b, 0xdf, 0x1b, 0xe7, 0x1b, 0xe7, 0x1b, 0xe7, 0x1b, 0xe7,
    0x3b, 0xe7, 0x3b, 0xe7, 0x3b, 0xe7, 0x3b, 0xe7, 0x3b, 0xe7, 0x3b, 0xe7,
    0x3b, 0xe7, 0x3b, 0xe7, 0x3b, 0xe7, 0x3b, 0xe7, 0x3b, 0xe7, 0x3b, 0xe7,
    0x3b, 0xe7, 0x3b, 0xe7, 0x3b, 0xe7, 0x3b, 0xe7, 0x5b, 0xe7, 0x5c, 0xe7,
    0x5b, 0xe7, 0x5b, 0xe7, 0x5c, 0xef, 0x5c, 0xef, 0x5c, 0xef, 0x5c, 0xef,
    0x7c, 0xef, 0x5c, 0xef, 0x5c, 0xef, 0x7c, 0xef, 0x7c, 0xef, 0x7c, 0xef,
    0x7c, 0xef, 0x7c, 0xef, 0x7c, 0xef, 0x7c, 0xef, 0x7c, 0xef, 0x7c, 0xef,
    0x7c, 0xef, 0x7c, 0xef, 0x7c, 0xef, 0x7c, 0xef, 0x7c, 0xef, 0x7c, 0xef,
    0x7c, 0xef, 0x7c, 0xef, 0x7c, 0xef, 0x7c, 0xef, 0x7c, 0xef, 0x7c, 0xef,
    0x7c, 0xef, 0x7c, 0xef, 0x9c, 0xf7, 0x9c, 0xf7, 0x9c, 0xf7, 0x9c, 0xf7,
    0x9c, 0xf7, 0x9c, 0xf7, 0x9c, 0xf7, 0x9c, 0xf7, 0x9c, 0xf7, 0x9d, 0xf7,
    0x9c, 0xf7, 0x9c, 0xf7, 0x9c, 0xf7, 0x9c, 0xf7, 0x9c, 0xf7, 0x9c, 0xf7,
    0x9c, 0xf7, 0x9c, 0xf7, 0x9c, 0xf7, 0x9c, 0xf7, 0x9c, 0xf7, 0x9c, 0xf7,
    0x9c, 0xf7, 0x9d, 0xf7, 0x9d, 0xf7, 0x9c, 0xf7, 0x9d, 0xf7, 0xbd, 0xff,
    0xbd, 0xff, 0xbd, 0xff, 0xbd, 0xff, 0xbd, 0xff, 0xbd, 0xff, 0xbd, 0xff,
    0xbd, 0xff, 0xbd, 0xff, 0xbc, 0xff, 0xbd, 0xff, 0xbd, 0xff, 0xbd, 0xff,
    0xbd, 0xff, 0xbd, 0xff, 0xbd, 0xff, 0xbd, 0xff, 0xdd, 0xff, 0xdd, 0xff,
    0xdd, 0xff, 0xdd, 0xff, 0xdd, 0xff, 0xdd, 0xff, 0xdd, 0xff, 0xdd, 0xff,
    0xdd, 0xff, 0xdd, 0xff, 0xdc, 0xff, 0xdc, 0xff, 0xbc, 0xff, 0xbc, 0xff,
    0xbb, 0xff, 0x9b, 0xff, 0x9b, 0xff, 0x9b, 0xff, 0xbb, 0xff, 0xdc, 0xff,
    0xdc, 0xff, 0xdc, 0xff, 0xdd, 0xff, 0xdc, 0xff, 0xdc, 0xff, 0xdc, 0xff,
    0xdc, 0xff, 0xbc, 0xff, 0xbc, 0xff, 0xbc, 0xff, 0xbc, 0xff, 0xbb, 0xff,
    0xbb, 0xff, 0xbb, 0xff, 0xbb, 0xff, 0xbc, 0xff, 0xbc, 0xff, 0xbb, 0xff,
    0xbb, 0xff, 0xbb, 0xff, 0xbb, 0xff, 0xdc, 0xff, 0xbb, 0xff, 0xbb, 0xff,
    0xbb, 0xff, 0x7a, 0xff, 0x7a, 0xff, 0x5a, 0xff, 0x59, 0xff, 0x59, 0xff,
    0x5a, 0xff, 0x59, 0xff, 0x59, 0xff, 0x59, 0xff, 0x59, 0xff, 0x59, 0xff,
    0x59, 0xff, 0x59, 0xff, 0x39, 0xff, 0x39, 0xff, 0x39, 0xff, 0x18, 0xff,
    0x39, 0xff, 0x39, 0xff, 0x59, 0xff, 0x59, 0xff, 0x59, 0xff, 0x39, 0xff,
    0x39, 0xff, 0x39, 0xff, 0x39, 0xf7, 0x39, 0xf7, 0x18, 0xf7, 0x18, 0xf7,
    0x18, 0xf7, 0x18, 0xf7, 0x18, 0xf7, 0x18, 0xf7, 0x18, 0xf7, 0x18, 0xf7,
    0x47, 0x62, 0x27, 0x5a, 0x07, 0x5a, 0x47, 0x62, 0x27, 0x5a, 0x06, 0x5a,
    0x47, 0x62, 0x88, 0x6a, 0x68, 0x6a, 0x68, 0x62, 0xa9, 0x72, 0xea, 0x72,
    0x4b, 0x83, 0x6c, 0x83, 0x2f, 0x9c, 0x94, 0xbd, 0xb9, 0xde, 0xd9, 0xde,
    0xd9, 0xde, 0xd9, 0xde, 0xd9, 0xde, 0xd9, 0xde, 0xd9, 0xde, 0xf9, 0xde,
    0xfa, 0xde, 0xfa, 0xde, 0xfa, 0xde, 0xfa, 0xde, 0xfa, 0xde, 0xfa, 0xde,
    0xfa, 0xde, 0xfa, 0xde, 0xfa, 0xde, 0xfa, 0xde, 0xfa, 0xde, 0xfa, 0xde,
    0xfa, 0xde, 0x1a, 0xdf, 0x1a, 0xdf, 0x1a, 0xdf, 0x1a, 0xe7, 0x1a, 0xe7,
    0x1a, 0xe7, 0x1a, 0xe7, 0x1a, 0xe7, 0x1a, 0xe7, 0x1a, 0xe7, 0x1b, 0xe7,
    0x1a, 0xe7, 0x1b, 0xe7, 0x1b, 0xe7, 0x1b, 0xe7, 0x3b, 0xe7, 0x3b, 0xe7,
    0x3b, 0xe7, 0x3b, 0xe7, 0x3b, 0xe7, 0x3b, 0xe7, 0x3b, 0xe7, 0x3b, 0xe7,
    0x3b, 0xe7, 0x3b, 0xe7, 0x3b, 0xe7, 0x3b, 0xe7, 0x3b, 0xe7, 0x3b, 0xe7,
    0x3b, 0xe7, 0x3b, 0xe7, 0x3b, 0xe7, 0x3b, 0xe7, 0x3b, 0xe7, 0x5b, 0xe7,
    0x5b, 0xe7, 0x5b, 0xef, 0x5b, 0xef, 0x5b, 0xef, 0x5b, 0xef, 0x5c, 0xef,
    0x5c, 0xef, 0x7c, 0xef, 0x7c, 0xef, 0x7c, 0xef, 0x7c, 0xef, 0x7c, 0xef,
    0x7c, 0xef, 0x7c, 0xef, 0x7c, 0xef, 0x7c, 0xef, 0x7c, 0xef, 0x7c, 0xef,
    0x7c, 0xef, 0x7c, 0xef, 0x7c, 0xf7, 0x7c, 0xf7, 0x7c, 0xf7, 0x7c, 0xf7,
    0x7c, 0xf7, 0x7c, 0xf7, 0x9c, 0xf7, 0x9c, 0xf7, 0x7c, 0xf7, 0x7c, 0xf7,
    0x7c, 0xf7, 0x9c, 0xf7, 0x9c, 0xf7, 0x9c, 0xf7, 0x9c, 0xf7, 0x9c, 0xf7,
    0x9c, 0xf7, 0x9c, 0xf7, 0x9c, 0xf7, 0x9c, 0xf7, 0x9c, 0xf7, 0x9c, 0xf7,
    0x9c, 0xf7, 0x9c, 0xf7, 0x9c, 0xf7, 0x9c, 0xf7, 0x9c, 0xf7, 0x9c, 0xf7,
    0x9c, 0xf7, 0x9c, 0xf7, 0x9c, 0xf7, 0x9c, 0xf7, 0x9c, 0xf7, 0x9c, 0xf7,
    0x9c, 0xf7, 0x9c, 0xf7, 0x9c, 0xf7, 0x9c, 0xf7, 0x9c, 0xf7, 0x9c, 0xf7,
    0x9c, 0xf7, 0x9c, 0xff, 0xbd, 0xff, 0xbd, 0xff, 0xbd, 0xff, 0xbd, 0xff,
    0xbd, 0xff, 0xbc, 0xff, 0xbc, 0xff, 0xbc, 0xff, 0xbd, 0xff, 0xbc, 0xff,
    0xbd, 0xff, 0xbd, 0xff, 0xbd, 0xff, 0xbd, 0xff, 0xbc, 0xff, 0xbc, 0xff,
    0xbc, 0xff, 0xbc, 0xff, 0xbc, 0xff, 0xbc, 0xff, 0xbc, 0xff, 0xbc, 0xff,
    0xbc, 0xff, 0xbc, 0xff, 0xdd, 0xff, 0xdd, 0xff, 0xdd, 0xff, 0xdc, 0xff,
    0xdc, 0xff, 0xdc, 0xff, 0xdc, 0xff, 0xdc, 0xff, 0xbc, 0xff, 0xbc, 0xff,
    0xbb, 0xff, 0x9b, 0xff, 0x9b, 0xff, 0x9b, 0xff, 0x9b, 0xff, 0x9b, 0xff,
    0x9b, 0xff, 0xbc, 0xff, 0xdc, 0xff, 0xdc, 0xff, 0xdc, 0xff, 0xdc, 0xff,
    0xdc, 0xff, 0xbc, 0xff, 0xbc, 0xff, 0xbb, 0xff, 0xbb, 0xff, 0x9b, 0xff,
    0x9b, 0xff, 0x9a, 0xff, 0x9a, 0xff, 0x7a, 0xff, 0x7a, 0xff, 0x7a, 0xff,
    0x7a, 0xff, 0x7a, 0xff, 0x7a, 0xff, 0x5a, 0xff, 0x59, 0xff, 0x59, 0xff,
    0x59, 0xff, 0x59, 0xff, 0x38, 0xff, 0x18, 0xff, 0x17, 0xff, 0xf7, 0xfe,
    0xf7, 0xf6, 0xd7, 0xf6, 0xd7, 0xf6, 0xd7, 0xf6, 0xd7, 0xf6, 0xf7, 0xf6,
    0xf7, 0xfe, 0x38, 0xff, 0x59, 0xff, 0x59, 0xff, 0x59, 0xff, 0x38, 0xff,
    0x18, 0xff, 0x18, 0xf7, 0x18, 0xff, 0xf7, 0xf6, 0xf7, 0xf6, 0xf7, 0xf6,
    0xf7, 0xf6, 0xf7, 0xf6, 0xd7, 0xf6, 0xd7, 0xf6, 0xd7, 0xf6, 0xb6, 0xee,
    0xb6, 0xf6, 0xb6, 0xee, 0x06, 0x5a, 0x27, 0x62, 0x06, 0x5a, 0x68, 0x6a,
    0x67, 0x62, 0x47, 0x62, 0x47, 0x62, 0x06, 0x5a, 0x06, 0x5a, 0x06, 0x5a,
    0x06, 0x5a, 0xc5, 0x51, 0xc6, 0x51, 0xa9, 0x72, 0xc9, 0x72, 0xa9, 0x72,
    0x4a, 0x8b, 0xd0, 0xb4, 0x98, 0xd6, 0xd9, 0xde, 0xf9, 0xde, 0xf9, 0xde,
    0xf9, 0xde, 0xf9, 0xde, 0xf9, 0xde, 0xf9, 0xde, 0xf9, 0xde, 0xf9, 0xde,
    0xf9, 0xde, 0xfa, 0xde, 0xfa, 0xde, 0xfa, 0xde, 0xfa, 0xde, 0xfa, 0xe6,
    0xfa, 0xe6, 0xfa, 0xe6, 0x1a, 0xe7, 0x1a, 0xe7, 0x1a, 0xe7, 0x1a, 0xe7,
    0x1a, 0xe7, 0x1a, 0xe7, 0x1a, 0xe7, 0x1a, 0xe7, 0x1a, 0xe7, 0x1a, 0xe7,
    0x1a, 0xe7, 0x3a, 0xe7, 0x3a, 0xe7, 0x3a, 0xe7, 0x3a, 0xe7, 0x3b, 0xe7,
    0x3b, 0xe7, 0x3b, 0xe7, 0x3b, 0xef, 0x3b, 0xe7, 0x3b, 0xe7, 0x3b, 0xe7,
    0x3b, 0xe7, 0x3b, 0xe7, 0x5b, 0xef, 0x3b, 0xe7, 0x3b, 0xef, 0x3b, 0xe7,
    0x3b, 0xef, 0x3b, 0xef, 0x5b, 0xef, 0x5b, 0xef, 0x5b, 0xef, 0x5b, 0xef,
    0x5b, 0xef, 0x5b, 0xef, 0x5b, 0xef, 0x5b, 0xef, 0x5b, 0xef, 0x5b, 0xef,
    0x5b, 0xef, 0x7c, 0xef, 0x7c, 0xef, 0x7c, 0xef, 0x7c, 0xef, 0x7c, 0xef,
    0x7c, 0xef, 0x7c, 0xf7, 0x7c, 0xf7, 0x7c, 0xf7, 0x7c, 0xf7, 0x7c, 0xf7,
    0x7c, 0xf7, 0x7c, 0xf7, 0x7c, 0xf7, 0x9c, 0xf7, 0x9c, 0xf7, 0x9c, 0xf7,
    0x9c, 0xf7, 0x9c, 0xf7, 0x9c, 0xf7, 0x9c, 0xf7, 0x9c, 0xf7, 0x9c, 0xf7,
    0x9c, 0xf7, 0x9c, 0xf7, 0x9c, 0xf7, 0x9c, 0xf7, 0x9c, 0xf7, 0x9c, 0xf7,
    0x9c, 0xf7, 0x9c, 0xf7, 0x9c, 0xf7, 0x9c, 0xf7, 0x9c, 0xf7, 0x9c, 0xff,
    0x9c, 0xf7, 0x9c, 0xf7, 0x9c, 0xf7, 0x9c, 0xf7, 0x9c, 0xff, 0x9c, 0xf7,
    0x9c, 0xf7, 0xbc, 0xff, 0x9c, 0xf7, 0x9c, 0xf7, 0x9c, 0xf7, 0x9c, 0xf7,
    0x9c, 0xff, 0x9c, 0xff, 0x9c, 0xff, 0x9c, 0xff, 0x9c, 0xff, 0x9c, 0xff,
    0xbc, 0xff, 0xbc, 0xff, 0xbc, 0xff, 0xbc, 0xff, 0xbc, 0xff, 0xbd, 0xff,
    0xbc, 0xff, 0xbc, 0xff, 0xbc, 0xff, 0xbd, 0xff, 0xbc, 0xff, 0xbc, 0xff,
    0xbc, 0xff, 0xbd, 0xff, 0xbc, 0xff, 0xbc, 0xff, 0xbc, 0xff, 0xbc, 0xff,
    0xbc, 0xff, 0xbc, 0xff, 0xbc, 0xff, 0xbc, 0xff, 0xbc, 0xff, 0xbc, 0xff,
    0xbc, 0xff, 0xbc, 0xff, 0xbc, 0xff, 0xbc, 0xff, 0xbc, 0xff, 0xdc, 0xff,
    0xdc, 0xff, 0xdc, 0xff, 0xdc, 0xff, 0xdc, 0xff, 0xdc, 0xff, 0xbc, 0xff,
    0xbb, 0xff, 0x9b, 0xff, 0x9b, 0xff, 0x7b, 0xff, 0x7a, 0xff, 0x7a, 0xff,
    0x7a, 0xff, 0x7a, 0xff, 0x7a, 0xff, 0x7a, 0xff, 0x9a, 0xff, 0x9b, 0xff,
    0xbb, 0xff, 0xbb, 0xff, 0xbc, 0xff, 0xdc, 0xff, 0xdc, 0xff, 0xdc, 0xff,
    0xdc, 0xff, 0xdc, 0xff, 0xbb, 0xff, 0x9a, 0xff, 0x7a, 0xff, 0x7a, 0xff,
    0x7a, 0xff, 0x7a, 0xff, 0x7a, 0xff, 0x7a, 0xff, 0x7a, 0xff, 0x79, 0xff,
    0x58, 0xff, 0x38, 0xff, 0xf7, 0xfe, 0xd6, 0xfe, 0xd6, 0xf6, 0xd6, 0xf6,
    0xd6, 0xfe, 0xf7, 0xfe, 0xf7, 0xfe, 0x17, 0xff, 0x17, 0xff, 0x38, 0xff,
    0x58, 0xff, 0x38, 0xff, 0xf7, 0xfe, 0xf7, 0xfe, 0xf7, 0xfe, 0xf7, 0xfe,
    0xf6, 0xf6, 0xd6, 0xf6, 0xb6, 0xf6, 0xb6, 0xf6, 0xb6, 0xee, 0xb6, 0xee,
    0xb5, 0xee, 0xb6, 0xee, 0xb6, 0xee, 0xb6, 0xee, 0xb6, 0xee, 0xb6, 0xee,
    0xb6, 0xee, 0xb6, 0xee, 0x96, 0xee, 0x95, 0xee, 0x06, 0x5a, 0x06, 0x5a,
    0xe6, 0x51, 0xc5, 0x51, 0xa5, 0x49, 0xa5, 0x49, 0xc5, 0x51, 0xa5, 0x49,
    0x84, 0x49, 0xa5, 0x51, 0x84, 0x49, 0xa5, 0x49, 0xc5, 0x51, 0x06, 0x5a,
    0x27, 0x62, 0x06, 0x62, 0x88, 0x72, 0x68, 0x6a, 0xc9, 0x7a, 0xf5, 0xd5,
    0xf9, 0xde, 0xf9, 0xe6, 0xf9, 0xe6, 0xf9, 0xe6, 0xf9, 0xe6, 0xf9, 0xe6,
    0xf9, 0xe6, 0xf9, 0xe6, 0xf9, 0xe6, 0xf9, 0xe6, 0xf9, 0xe6, 0xf9, 0xe6,
    0xf9, 0xe6, 0xf9, 0xe6, 0xfa, 0xe6, 0x1a, 0xe7, 0x1a, 0xe7, 0x1a, 0xe7,
    0x1a, 0xe7, 0x1a, 0xe7, 0x1a, 0xe7, 0x1a, 0xe7, 0x1a, 0xe7, 0x1a, 0xe7,
    0x1a, 0xe7, 0x1a, 0xe7, 0x1a, 0xe7, 0x1a, 0xe7, 0x3a, 0xe7, 0x3a, 0xe7,
    0x3a, 0xef, 0x3b, 0xef, 0x3b, 0xef, 0x5b, 0xef, 0x5b, 0xef, 0x5b, 0xef,
    0x5b, 0xef, 0x5b, 0xef, 0x5b, 0xef, 0x5b, 0xef, 0x5b, 0xef, 0x5b, 0xef,
    0x5b, 0xef, 0x5b, 0xef, 0x5b, 0xef, 0x5b, 0xef, 0x5b, 0xef, 0x5b, 0xef,
    0x5b, 0xef, 0x5b, 0xef, 0x5b, 0xef, 0x5b, 0xef, 0x5b, 0xef, 0x5b, 0xef,
    0x5b, 0xef, 0x5b, 0xef, 0x5b, 0xef, 0x7b, 0xf7, 0x7b, 0xf7, 0x7c, 0xf7,
    0x7c, 0xf7, 0x7c, 0xf7, 0x7c, 0xf7, 0x7c, 0xf7, 0x7c, 0xf7, 0x7c, 0xf7,
    0x7c, 0xf7, 0x7c, 0xf7, 0x7c, 0xf7, 0x7c, 0xf7, 0x7c, 0xf7, 0x7c, 0xf7,
    0x9c, 0xf7, 0x9c, 0xf7, 0x9c, 0xf7, 0x9c, 0xf7, 0x9c, 0xf7, 0x9c, 0xf7,
    0x9c, 0xf7, 0x9c, 0xf7, 0x9c, 0xf7, 0x9c, 0xf7, 0x9c, 0xf7, 0x9c, 0xff,
    0xbc, 0xff, 0x9c, 0xff, 0xbc, 0xff, 0xbc, 0xff, 0x9c, 0xff, 0xbc, 0xff,
    0xbc, 0xff, 0xbc, 0xff, 0xbc, 0xff, 0xbc, 0xff, 0xbc, 0xff, 0xbc, 0xff,
    0xbc, 0xff, 0xbc, 0xff, 0xbc, 0xff, 0xbc, 0xff, 0xbc, 0xff, 0xbc, 0xff,
    0xbc, 0xff, 0xbc, 0xff, 0xbc, 0xff, 0xbc, 0xff, 0xbc, 0xff, 0xbc, 0xff,
    0xbc, 0xff, 0xbc, 0xff, 0xbc, 0xff, 0xbc, 0xff, 0xbc, 0xff, 0xbc, 0xff,
    0xbc, 0xff, 0xbc, 0xff, 0xbc, 0xff, 0xbc, 0xff, 0xbc, 0xff, 0xbc, 0xff,
    0xbc, 0xff, 0xbc, 0xff, 0xbc, 0xff, 0xbc, 0xff, 0xbc, 0xff, 0xbc, 0xff,
    0xdc, 0xff, 0xdc, 0xff, 0xbc, 0xff, 0xdc, 0xff, 0xdc, 0xff, 0xdc, 0xff,
    0xdc, 0xff, 0xbc, 0xff, 0xbc, 0xff, 0xdc, 0xff, 0xdc, 0xff, 0xdc, 0xff,
    0xdc, 0xff, 0xdc, 0xff, 0xbc, 0xff, 0xbc, 0xff, 0xbc, 0xff, 0xbc, 0xff,
    0xdc, 0xff, 0xdc, 0xff, 0xdc, 0xff, 0xdc, 0xff, 0xbb, 0xff, 0xbb, 0xff,
    0xbb, 0xff, 0xbb, 0xff, 0xbb, 0xff, 0xdb, 0xff, 0xdb, 0xff, 0xdb, 0xff,
    0xdb, 0xff, 0xbb, 0xff, 0xbb, 0xff, 0x9b, 0xff, 0x9b, 0xff, 0x9a, 0xff,
    0x9a, 0xff, 0x9a, 0xff, 0x9a, 0xff, 0x9a, 0xff, 0x9a, 0xff, 0x9a, 0xff,
    0x7a, 0xff, 0x7a, 0xff, 0x7a, 0xff, 0x9a, 0xff, 0x99, 0xff, 0x99, 0xff,
    0x79, 0xff, 0x38, 0xff, 0x58, 0xff, 0x16, 0xff, 0xf6, 0xfe, 0xd6, 0xfe,
    0xd6, 0xfe, 0xf6, 0xfe, 0xf6, 0xfe, 0xf6, 0xfe, 0x17, 0xff, 0xf7, 0xfe,
    0xf6, 0xfe, 0xd6, 0xfe, 0xd6, 0xfe, 0xd6, 0xfe, 0xd6, 0xf6, 0xd6, 0xf6,
    0xd6, 0xf6, 0xd6, 0xf6, 0xb6, 0xf6, 0xb6, 0xf6, 0xb6, 0xf6, 0xb6, 0xf6,
    0xd6, 0xf6, 0xd6, 0xf6, 0xd6, 0xf6, 0xd6, 0xf6, 0xd6, 0xf6, 0xd6, 0xf6,
    0xd6, 0xf6, 0xf6, 0xf6, 0xf6, 0xf6, 0xf6, 0xfe, 0xd6, 0xf6, 0xd6, 0xf6,
    0x27, 0x62, 0x68, 0x6a, 0x88, 0x6a, 0x68, 0x6a, 0x68, 0x6a, 0x68, 0x6a,
    0x68, 0x6a, 0x27, 0x62, 0xe5, 0x59, 0xc5, 0x51, 0xa5, 0x49, 0xa5, 0x51,
    0xc5, 0x51, 0xc5, 0x51, 0xe6, 0x59, 0xc5, 0x51, 0x84, 0x49, 0xe5, 0x61,
    0xe4, 0x61, 0xcc, 0x9b, 0xf9, 0xe6, 0xf9, 0xe6, 0xf9, 0xe6, 0xf9, 0xe6,
    0xf9, 0xe6, 0xf9, 0xe6, 0xf9, 0xe6, 0xf9, 0xe6, 0xf9, 0xe6, 0xf9, 0xe6,
    0xf9, 0xe6, 0xf9, 0xe6, 0xf9, 0xe6, 0xf9, 0xe6, 0x19, 0xe7, 0x19, 0xe7,
    0x1a, 0xe7, 0x1a, 0xe7, 0x1a, 0xe7, 0x1a, 0xe7, 0x1a, 0xe7, 0x1a, 0xe7,
    0x1a, 0xe7, 0x1a, 0xef, 0x1a, 0xef, 0x1a, 0xef, 0x3a, 0xef, 0x3a, 0xef,
    0x3a, 0xef, 0x3a, 0xef, 0x3a, 0xef, 0x3a, 0xef, 0x3a, 0xef, 0x5b, 0xef,
    0x5b, 0xef, 0x5b, 0xef, 0x3b, 0xef, 0x3b, 0xef, 0x3b, 0xef, 0x5b, 0xef,
    0x5b, 0xef, 0x5b, 0xef, 0x5b, 0xef, 0x5b, 0xef, 0x5b, 0xef, 0x5b, 0xef,
    0x5b, 0xef, 0x5b, 0xef, 0x5b, 0xef, 0x5b, 0xef, 0x5b, 0xef, 0x5b, 0xef,
    0x5b, 0xef, 0x5b, 0xef, 0x5b, 0xf7, 0x5b, 0xf7, 0x5b, 0xf7, 0x7b, 0xf7,
    0x7b, 0xf7, 0x7b, 0xf7, 0x7b, 0xf7, 0x7b, 0xf7, 0x7b, 0xf7, 0x7b, 0xf7,
    0x7b, 0xf7, 0x7b, 0xf7, 0x7b, 0xf7, 0x7b, 0xf7, 0x7c, 0xf7, 0x7c, 0xf7,
    0x9c, 0xf7, 0x9c, 0xf7, 0x9c, 0xf7, 0x9c, 0xf7, 0x9c, 0xf7, 0x9c, 0xf7,
    0x9c, 0xf7, 0x9c, 0xf7, 0x9c, 0xf7, 0x9c, 0xf7, 0x9c, 0xf7, 0x9c, 0xf7,
    0x9c, 0xf7, 0x9c, 0xf7, 0x9c, 0xf7, 0x9c, 0xf7, 0x9c, 0xf7, 0x9c, 0xf7,
    0x9c, 0xf7, 0x9c, 0xff, 0x9c, 0xff, 0x9c, 0xff, 0x9c, 0xff, 0x9c, 0xff,
    0x9c, 0xff, 0xbc, 0xff, 0xbc, 0xff, 0xbc, 0xff, 0xbc, 0xff, 0xbc, 0xff,
    0xbc, 0xff, 0xbc, 0xff, 0xbc, 0xff, 0xbc, 0xff, 0xbc, 0xff, 0xbc, 0xff,
    0xbc, 0xff, 0xbc, 0xff, 0xbc, 0xff, 0xbc, 0xff, 0xbc, 0xff, 0xdc, 0xff,
    0xbc, 0xff, 0xdc, 0xff, 0xbc, 0xff, 0xbc, 0xff, 0xdc, 0xff, 0xdc, 0xff,
    0xdc, 0xff, 0xdc, 0xff, 0xdc, 0xff, 0xbc, 0xff, 0xbc, 0xff, 0xbc, 0xff,
    0xbc, 0xff, 0xdc, 0xff, 0xdc, 0xff, 0xdc, 0xff, 0xdc, 0xff, 0xbc, 0xff,
    0xdc, 0xff, 0xdc, 0xff, 0xdc, 0xff, 0xbc, 0xff, 0xbc, 0xff, 0xdc, 0xff,
    0xdc, 0xff, 0xdc, 0xff, 0xdc, 0xff, 0xbc, 0xff, 0xbc, 0xff, 0xbc, 0xff,
    0xbc, 0xff, 0xbc, 0xff, 0xbc, 0xff, 0xbc, 0xff, 0xbc, 0xff, 0xbc, 0xff,
    0xbb, 0xff, 0xbb, 0xff, 0xbb, 0xff, 0xbb, 0xff, 0xbb, 0xff, 0xbb, 0xff,
    0x9b, 0xff, 0x9b, 0xff, 0x9a, 0xff, 0x9a, 0xff, 0x9a, 0xff, 0x9a, 0xff,
    0x9a, 0xff, 0x9a, 0xff, 0x9a, 0xff, 0x9a, 0xff, 0x7a, 0xff, 0x9a, 0xff,
    0x9a, 0xff, 0x9a, 0xff, 0x79, 0xff, 0x79, 0xff, 0x79, 0xff, 0x78, 0xff,
    0x58, 0xff, 0x58, 0xff, 0x37, 0xff, 0x16, 0xff, 0x16, 0xff, 0xf6, 0xfe,
    0xf6, 0xfe, 0xf6, 0xfe, 0xf6, 0xfe, 0xf6, 0xfe, 0xf6, 0xfe, 0xf6, 0xfe,
    0x16, 0xff, 0x16, 0xff, 0x16, 0xff, 0x17, 0xff, 0x17, 0xff, 0x16, 0xff,
    0x16, 0xff, 0xf6, 0xfe, 0xf6, 0xfe, 0xf6, 0xfe, 0xf6, 0xfe, 0xf6, 0xfe,
    0x37, 0xff, 0x37, 0xff, 0x37, 0xff, 0x37, 0xff, 0x37, 0xff, 0x37, 0xff,
    0x37, 0xff, 0x37, 0xff, 0x17, 0xff, 0x16, 0xff, 0xf6, 0xfe, 0xf6, 0xfe,
    0xd6, 0xf6, 0xf6, 0xf6, 0x48, 0x62, 0x06, 0x5a, 0xe6, 0x51, 0xa5, 0x49,
    0x84, 0x41, 0x85, 0x49, 0xc5, 0x51, 0x27, 0x62, 0x47, 0x6a, 0x67, 0x6a,
    0x47, 0x62, 0x68, 0x6a, 0x68, 0x6a, 0x47, 0x6a, 0x47, 0x62, 0x47, 0x62,
    0x06, 0x5a, 0x47, 0x62, 0x67, 0x6a, 0x4a, 0x8b, 0x16, 0xd6, 0xf9, 0xe6,
    0xf9, 0xe6, 0xf9, 0xe6, 0xf9, 0xe6, 0xf9, 0xe6, 0xf9, 0xe6, 0xf9, 0xe6,
    0x19, 0xef, 0x19, 0xef, 0x19, 0xe7, 0x19, 0xe7, 0x19, 0xe7, 0x19, 0xe7,
    0x19, 0xe7, 0x19, 0xef, 0x19, 0xef, 0x19, 0xef, 0x1a, 0xef, 0x1a, 0xef,
    0x1a, 0xef, 0x1a, 0xef, 0x1a, 0xef, 0x3a, 0xef, 0x3a, 0xef, 0x3a, 0xef,
    0x3a, 0xef, 0x3a, 0xef, 0x3a, 0xef, 0x3a, 0xef, 0x3a, 0xef, 0x3a, 0xef,
    0x3a, 0xef, 0x5a, 0xef, 0x5a, 0xef, 0x5a, 0xef, 0x5a, 0xef, 0x5a, 0xef,
    0x5b, 0xef, 0x5a, 0xef, 0x5a, 0xef, 0x5b, 0xef, 0x5b, 0xef, 0x5b, 0xef,
    0x5b, 0xef, 0x5b, 0xef, 0x5b, 0xef, 0x5b, 0xf7, 0x5b, 0xf7, 0x5b, 0xf7,
    0x5b, 0xf7, 0x5b, 0xf7, 0x5b, 0xf7, 0x5b, 0xf7, 0x5b, 0xf7, 0x5b, 0xf7,
    0x5b, 0xf7, 0x5b, 0xf7, 0x5b, 0xf7, 0x5b, 0xf7, 0x5b, 0xf7, 0x7b, 0xf7,
    0x7b, 0xf7, 0x7b, 0xf7, 0x5b, 0xf7, 0x7b, 0xf7, 0x7b, 0xf7, 0x7b, 0xf7,
    0x7b, 0xf7, 0x7b, 0xf7, 0x7b, 0xf7, 0x7b, 0xf7, 0x9c, 0xf7, 0x9c, 0xf7,
    0x9c, 0xf7, 0x9c, 0xf7, 0x9c, 0xf7, 0x9c, 0xf7, 0x9c, 0xf7, 0x9c, 0xf7,
    0x9c, 0xf7, 0x9c, 0xf7, 0x9c, 0xf7, 0x9c, 0xf7, 0x9c, 0xf7, 0x9c, 0xf7,
    0x9c, 0xf7, 0x9c, 0xf7, 0x9c, 0xff, 0x9c, 0xff, 0x9c, 0xff, 0x9c, 0xff,
    0xbc, 0xff, 0xbc, 0xff, 0xbc, 0xff, 0xbc, 0xff, 0xbc, 0xff, 0xbc, 0xff,
    0xbc, 0xff, 0xbc, 0xff, 0xbc, 0xff, 0xbc, 0xff, 0xbc, 0xff, 0xbc, 0xff,
    0xbc, 0xff, 0xbc, 0xff, 0xbc, 0xff, 0xbc, 0xff, 0xbc, 0xff, 0xbc, 0xff,
    0xbc, 0xff, 0xbc, 0xff, 0xbc, 0xff, 0xbc, 0xff, 0xbc, 0xff, 0xbc, 0xff,
    0xdc, 0xff, 0xdc, 0xff, 0xdc, 0xff, 0xdc, 0xff, 0xdc, 0xff, 0xbc, 0xff,
    0xbc, 0xff, 0xbc, 0xff, 0xbc, 0xff, 0xbc, 0xff, 0xdc, 0xff, 0xdc, 0xff,
    0xbc, 0xff, 0xbc, 0xff, 0xbc, 0xff, 0xbc, 0xff, 0xbc, 0xff, 0xbc, 0xff,
    0xbc, 0xff, 0xbc, 0xff, 0xbc, 0xff, 0xbc, 0xff, 0xbc, 0xff, 0xbc, 0xff,
    0xbc, 0xff, 0xbc, 0xff, 0xbc, 0xff, 0xbc, 0xff, 0xbc, 0xff, 0xbc, 0xff,
    0xbc, 0xff, 0xdc, 0xff, 0xdc, 0xff, 0xbb, 0xff, 0xbb, 0xff, 0xbb, 0xff,
    0x9a, 0xff, 0x9a, 0xff, 0x9a, 0xff, 0x9a, 0xff, 0x9a, 0xff, 0x99, 0xff,
    0x79, 0xff, 0x79, 0xff, 0x99, 0xff, 0x9a, 0xff, 0x9a, 0xff, 0x9a, 0xff,
    0x9a, 0xff, 0x99, 0xff, 0x99, 0xff, 0x9a, 0xff, 0x9a, 0xff, 0x9a, 0xff,
    0x99, 0xff, 0x9a, 0xff, 0x99, 0xff, 0x99, 0xff, 0x99, 0xff, 0x99, 0xff,
    0x99, 0xff, 0x79, 0xff, 0x99, 0xff, 0x99, 0xff, 0x79, 0xff, 0x99, 0xff,
    0x78, 0xff, 0x78, 0xff, 0x78, 0xff, 0x78, 0xff, 0x78, 0xff, 0x58, 0xff,
    0x58, 0xff, 0x57, 0xff, 0x37, 0xff, 0x37, 0xff, 0x37, 0xff, 0x37, 0xff,
    0x17, 0xff, 0x17, 0xff, 0x17, 0xff, 0x16, 0xff, 0xf6, 0xfe, 0xf6, 0xfe,
    0xf6, 0xfe, 0xf6, 0xfe, 0xf6, 0xfe, 0xd6, 0xfe, 0xd6, 0xf6, 0xd6, 0xf6,
    0xf6, 0xf6, 0xf6, 0xfe, 0xf6, 0xfe, 0xf6, 0xfe, 0x67, 0x6a, 0x68, 0x6a,
    0xc6, 0x51, 0x27, 0x62, 0x68, 0x6a, 0x68, 0x6a, 0x47, 0x62, 0x27, 0x62,
    0x27, 0x5a, 0x88, 0x6a, 0x68, 0x6a, 0x88, 0x6a, 0x68, 0x6a, 0x27, 0x5a,
    0x27, 0x62, 0x88, 0x72, 0x88, 0x72, 0xc9, 0x7a, 0xc9, 0x72, 0x47, 0x62,
    0x88, 0x72, 0x2e, 0xa4, 0x16, 0xd6, 0xf9, 0xe6, 0xf8, 0xe6, 0xf8, 0xe6,
    0x15, 0xce, 0x6f, 0xa4, 0xcc, 0x93, 0x0e, 0x9c, 0xd0, 0xb4, 0xf5, 0xd5,
    0x76, 0xde, 0x36, 0xd6, 0x53, 0xbd, 0xf1, 0xb4, 0xf1, 0xb4, 0xf2, 0xb4,
    0xf2, 0xb4, 0x32, 0xb5, 0x73, 0xbd, 0xf5, 0xcd, 0x36, 0xd6, 0xb8, 0xe6,
    0x3a, 0xef, 0x3a, 0xef, 0x3a, 0xef, 0x3a, 0xef, 0x3a, 0xef, 0x3a, 0xef,
    0x3a, 0xef, 0x3a, 0xef, 0x3a, 0xef, 0x3a, 0xef, 0x3a, 0xef, 0x3a, 0xef,
    0x3a, 0xef, 0x5a, 0xef, 0x5a, 0xef, 0x3a, 0xef, 0x3a, 0xef, 0x5a, 0xef,
    0x5a, 0xf7, 0x5a, 0xf7, 0x5a, 0xf7, 0x5a, 0xf7, 0x5a, 0xf7, 0x5b, 0xf7,
    0x5a, 0xf7, 0x5a, 0xf7, 0x5b, 0xf7, 0x5b, 0xf7, 0x5b, 0xf7, 0x5b, 0xf7,
    0x5b, 0xf7, 0x5b, 0xf7, 0x5b, 0xf7, 0x5b, 0xf7, 0x5b, 0xf7, 0x7b, 0xf7,
    0x7b, 0xf7, 0x7b, 0xf7, 0x7b, 0xf7, 0x7b, 0xf7, 0x7b, 0xf7, 0x7b, 0xf7,
    0x7b, 0xf7, 0x7b, 0xf7, 0x7b, 0xf7, 0x7b, 0xf7, 0x7b, 0xf7, 0x9b, 0xf7,
    0x9b, 0xff, 0x9c, 0xff, 0x9b, 0xff, 0x9b, 0xff, 0x9b, 0xff, 0x9b, 0xff,
    0x9c, 0xff, 0x9c, 0xff, 0x9c, 0xff, 0x9c, 0xff, 0x9c, 0xff, 0x9c, 0xff,
    0x9c, 0xff, 0x9c, 0xff, 0x9c, 0xff, 0x9c, 0xff, 0xbc, 0xff, 0xbc, 0xff,
    0xbc, 0xff, 0xbc, 0xff, 0xbc, 0xff, 0xbc, 0xff, 0xbc, 0xff, 0xbc, 0xff,
    0xbc, 0xff, 0xbc, 0xff, 0xbc, 0xff, 0xbc, 0xff, 0xbc, 0xff, 0xbc, 0xff,
    0xbc, 0xff, 0xbc, 0xff, 0xbc, 0xff, 0xbc, 0xff, 0xbc, 0xff, 0xbc, 0xff,
    0xbc, 0xff, 0xbc, 0xff, 0xbc, 0xff, 0xbc, 0xff, 0xbc, 0xff, 0xbc, 0xff,
    0xbc, 0xff, 0xbc, 0xff, 0xbc, 0xff, 0xbc, 0xff, 0xbc, 0xff, 0xdc, 0xff,
    0xbc, 0xff, 0xbc, 0xff, 0xbc, 0xff, 0xbc, 0xff, 0xdc, 0xff, 0xbc, 0xff,
    0xbc, 0xff, 0xbc, 0xff, 0xdc, 0xff, 0xdc, 0xff, 0xdc, 0xff, 0xbc, 0xff,
    0xbc, 0xff, 0xbc, 0xff, 0xbc, 0xff, 0xbb, 0xff, 0xbb, 0xff, 0xbb, 0xff,
    0xbb, 0xff, 0xbb, 0xff, 0xbb, 0xff, 0xbb, 0xff, 0xbb, 0xff, 0xbb, 0xff,
    0xbb, 0xff, 0xbc, 0xff, 0xbc, 0xff, 0xdb, 0xff, 0xbb, 0xff, 0xdb, 0xff,
    0xbb, 0xff, 0xbb, 0xff, 0xba, 0xff, 0x9a, 0xff, 0x9a, 0xff, 0x9a, 0xff,
    0x9a, 0xff, 0x99, 0xff, 0x99, 0xff, 0x79, 0xff, 0x79, 0xff, 0x79, 0xff,
    0x79, 0xff, 0x99, 0xff, 0x99, 0xff, 0x79, 0xff, 0x99, 0xff, 0x99, 0xff,
    0x99, 0xff, 0x79, 0xff, 0x78, 0xff, 0x78, 0xff, 0x78, 0xff, 0x78, 0xff,
    0x78, 0xff, 0x78, 0xff, 0x78, 0xff, 0x78, 0xff, 0x78, 0xff, 0x78, 0xff,
    0x78, 0xff, 0x78, 0xff, 0x78, 0xff, 0x78, 0xff, 0x78, 0xff, 0x78, 0xff,
    0x78, 0xff, 0x78, 0xff, 0x78, 0xff, 0x78, 0xff, 0x78, 0xff, 0x78, 0xff,
    0x78, 0xff, 0x78, 0xff, 0x78, 0xff, 0x58, 0xff, 0x58, 0xff, 0x57, 0xff,
    0x37, 0xff, 0x37, 0xff, 0x37, 0xff, 0x37, 0xff, 0x37, 0xff, 0x37, 0xff,
    0x37, 0xff, 0x37, 0xff, 0x37, 0xff, 0x37, 0xff, 0x37, 0xff, 0x37, 0xff,
    0x88, 0x6a, 0xc9, 0x7a, 0x29, 0x8b, 0x09, 0x83, 0x88, 0x72, 0x88, 0x72,
    0xa9, 0x72, 0xc9, 0x7a, 0xc9, 0x7a, 0xc9, 0x7a, 0xc9, 0x72, 0x0a, 0x7b,
    0x0a, 0x7b, 0x0a, 0x83, 0x0a, 0x83, 0xa9, 0x72, 0x47, 0x62, 0xc9, 0x72,
    0xea, 0x72, 0xc9, 0x72, 0xc9, 0x72, 0xea, 0x7a, 0xc9, 0x72, 0x8c, 0x8b,
    0x73, 0xbd, 0x11, 0xb5, 0xc9, 0x7a, 0x88, 0x72, 0xa8, 0x72, 0xea, 0x7a,
    0xea, 0x7a, 0xc9, 0x72, 0x89, 0x72, 0xc9, 0x7a, 0xc9, 0x7a, 0xc9, 0x72,
    0x88, 0x72, 0xa8, 0x72, 0xc9, 0x7a, 0xa9, 0x72, 0xa9, 0x72, 0xc9, 0x7a,
    0xea, 0x7a, 0x0a, 0x7b, 0x6c, 0x8b, 0x2e, 0x9c, 0xf4, 0xd5, 0x19, 0xef,
    0x39, 0xef, 0x3a, 0xef, 0x3a, 0xef, 0x3a, 0xef, 0x3a, 0xef, 0x3a, 0xef,
    0x3a, 0xf7, 0x3a, 0xf7, 0x3a, 0xf7, 0x5a, 0xf7, 0x5a, 0xf7, 0x5a, 0xf7,
    0x5a, 0xf7, 0x5a, 0xf7, 0x5a, 0xf7, 0x5a, 0xf7, 0x5a, 0xf7, 0x5a, 0xf7,
    0x5a, 0xf7, 0x5a, 0xf7, 0x5a, 0xf7, 0x5a, 0xf7, 0x5a, 0xf7, 0x5b, 0xf7,
    0x5b, 0xf7, 0x5b, 0xf7, 0x5b, 0xf7, 0x7b, 0xf7, 0x5b, 0xf7, 0x7b, 0xf7,
    0x7b, 0xf7, 0x7b, 0xf7, 0x7b, 0xf7, 0x7b, 0xf7, 0x7b, 0xf7, 0x7b, 0xf7,
    0x7b, 0xf7, 0x7b, 0xf7, 0x7b, 0xf7, 0x7b, 0xf7, 0x7b, 0xff, 0x7b, 0xff,
    0x9b, 0xff, 0x9b, 0xff, 0x9b, 0xff, 0x9b, 0xff, 0x9b, 0xff, 0x9b, 0xff,
    0x9b, 0xff, 0x9b, 0xff, 0x9b, 0xff, 0x9b, 0xff, 0x9b, 0xff, 0x9c, 0xff,
    0x9c, 0xff, 0xbc, 0xff, 0x9c, 0xff, 0xbc, 0xff, 0x9c, 0xff, 0xbc, 0xff,
    0xbc, 0xff, 0xbc, 0xff, 0xbc, 0xff, 0xbc, 0xff, 0xbc, 0xff, 0xbc, 0xff,
    0xbc, 0xff, 0xbc, 0xff, 0xbc, 0xff, 0xbc, 0xff, 0xbc, 0xff, 0xbc, 0xff,
    0xbc, 0xff, 0xbc, 0xff, 0xbc, 0xff, 0xbc, 0xff, 0xbc, 0xff, 0xbc, 0xff,
    0xbc, 0xff, 0xbc, 0xff, 0xbc, 0xff, 0xbc, 0xff, 0xbc, 0xff, 0xbc, 0xff,
    0xbc, 0xff, 0xbc, 0xff, 0xbc, 0xff, 0xbc, 0xff, 0xbc, 0xff, 0xbc, 0xff,
    0xbc, 0xff, 0xbc, 0xff, 0xbc, 0xff, 0xbc, 0xff, 0xbc, 0xff, 0xbc, 0xff,
    0xbc, 0xff, 0xbc, 0xff, 0xbc, 0xff, 0xbc, 0xff, 0xbb, 0xff, 0xbb, 0xff,
    0xbb, 0xff, 0xbc, 0xff, 0xbc, 0xff, 0xbc, 0xff, 0xbc, 0xff, 0xbb, 0xff,
    0xbb, 0xff, 0xbb, 0xff, 0xbb, 0xff, 0xbb, 0xff, 0xbb, 0xff, 0xbb, 0xff,
    0xbb, 0xff, 0xbb, 0xff, 0xdb, 0xff, 0xdb, 0xff, 0xdb, 0xff, 0xdc, 0xff,
    0xdc, 0xff, 0xdc, 0xff, 0xdc, 0xff, 0xdb, 0xff, 0xbb, 0xff, 0xbb, 0xff,
    0xba, 0xff, 0xba, 0xff, 0x9a, 0xff, 0x9a, 0xff, 0x99, 0xff, 0x99, 0xff,
    0x99, 0xff, 0x99, 0xff, 0x99, 0xff, 0x99, 0xff, 0x99, 0xff, 0x99, 0xff,
    0x99, 0xff, 0x99, 0xff, 0x99, 0xff, 0x99, 0xff, 0x99, 0xff, 0x99, 0xff,
    0x99, 0xff, 0x99, 0xff, 0x98, 0xff, 0x98, 0xff, 0x78, 0xff, 0x78, 0xff,
    0x78, 0xff, 0x78, 0xff, 0x78, 0xff, 0x78, 0xff, 0x78, 0xff, 0x78, 0xff,
    0x78, 0xff, 0x58, 0xff, 0x58, 0xff, 0x58, 0xff, 0x58, 0xff, 0x58, 0xff,
    0x58, 0xff, 0x58, 0xff, 0x58, 0xff, 0x58, 0xff, 0x58, 0xff, 0x37, 0xff,
    0x37, 0xff, 0x37, 0xff, 0x37, 0xff, 0x37, 0xff, 0x17, 0xff, 0x37, 0xff,
    0x17, 0xff, 0x17, 0xff, 0x17, 0xff, 0x17, 0xff, 0x17, 0xff, 0x17, 0xff,
    0x16, 0xff, 0x17, 0xff, 0xc5, 0x59, 0x26, 0x6a, 0x88, 0x72, 0x47, 0x62,
    0x47, 0x62, 0x47, 0x62, 0x27, 0x62, 0x06, 0x62, 0x47, 0x6a, 0x67, 0x6a,
    0x88, 0x72, 0xc8, 0x7a, 0xc8, 0x82, 0xc9, 0x7a, 0xc9, 0x7a, 0x0a, 0x7b,
    0x0a, 0x7b, 0xc9, 0x72, 0xa9, 0x72, 0xc9, 0x72, 0xca, 0x72, 0xa9, 0x72,
    0xc9, 0x72, 0x0a, 0x7b, 0xea, 0x72, 0xa9, 0x6a, 0x68, 0x62, 0xc9, 0x72,
    0xc9, 0x72, 0xc9, 0x72, 0xc9, 0x72, 0xea, 0x7a, 0xc9, 0x72, 0xc9, 0x72,
    0xea, 0x7a, 0xea, 0x7a, 0xea, 0x7a, 0xc9, 0x72, 0xea, 0x7a, 0x2b, 0x83,
    0x0b, 0x7b, 0xea, 0x7a, 0xea, 0x7a, 0xea, 0x7a, 0x2b, 0x83, 0xea, 0x7a,
    0x28, 0x93, 0x93, 0xd5, 0x39, 0xf7, 0x39, 0xf7, 0x39, 0xf7, 0x39, 0xf7,
    0x39, 0xf7, 0x39, 0xf7, 0x39, 0xf7, 0x39, 0xf7, 0x39, 0xf7, 0x3a, 0xf7,
    0x3a, 0xf7, 0x3a, 0xf7, 0x3a, 0xf7, 0x3a, 0xf7, 0x5a, 0xf7, 0x5a, 0xf7,
    0x5a, 0xf7, 0x5a, 0xf7, 0x5a, 0xf7, 0x5a, 0xf7, 0x5a, 0xf7, 0x5a, 0xf7,
    0x5a, 0xf7, 0x5a, 0xf7, 0x5a, 0xf7, 0x5a, 0xf7, 0x5a, 0xf7, 0x5a, 0xf7,
    0x5a, 0xf7, 0x5a, 0xf7, 0x5a, 0xf7, 0x7a, 0xf7, 0x7b, 0xf7, 0x7b, 0xff,
    0x7b, 0xf7, 0x7b, 0xff, 0x7b, 0xff, 0x7b, 0xff, 0x7b, 0xff, 0x7b, 0xff,
    0x7b, 0xff, 0x7b, 0xff, 0x7b, 0xff, 0x7b, 0xff, 0x7b, 0xff, 0x7b, 0xff,
    0x9b, 0xff, 0x9b, 0xff, 0x9b, 0xff, 0x9b, 0xff, 0x9b, 0xff, 0x9b, 0xff,
    0x9b, 0xff, 0x9b, 0xff, 0x9b, 0xff, 0x9b, 0xff, 0x9b, 0xff, 0x9b, 0xff,
    0x9b, 0xff, 0x9b, 0xff, 0x9b, 0xff, 0x9b, 0xff, 0x9b, 0xff, 0x9b, 0xff,
    0x9b, 0xff, 0x9b, 0xff, 0x9c, 0xff, 0x9c, 0xff, 0x9b, 0xff, 0x9b, 0xff,
    0x9b, 0xff, 0x9b, 0xff, 0x9b, 0xff, 0x9b, 0xff, 0x9b, 0xff, 0x9b, 0xff,
    0xbb, 0xff, 0x9b, 0xff, 0x9b, 0xff, 0xbb, 0xff, 0x9b, 0xff, 0x9b, 0xff,
    0xbb, 0xff, 0xbb, 0xff, 0xbb, 0xff, 0xbb, 0xff, 0xbb, 0xff, 0xbb, 0xff,
    0xbb, 0xff, 0xbc, 0xff, 0xbc, 0xff, 0xbc, 0xff, 0xbc, 0xff, 0xbc, 0xff,
    0xbc, 0xff, 0xbb, 0xff, 0xbb, 0xff, 0xbb, 0xff, 0xbb, 0xff, 0xbb, 0xff,
    0xbb, 0xff, 0xbb, 0xff, 0xbb, 0xff, 0xbb, 0xff, 0xbb, 0xff, 0xbb, 0xff,
    0xbb, 0xff, 0xbb, 0xff, 0xbb, 0xff, 0xbb, 0xff, 0xbb, 0xff, 0xbb, 0xff,
    0xbb, 0xff, 0xbb, 0xff, 0xbb, 0xff, 0xbb, 0xff, 0xbb, 0xff, 0xbb, 0xff,
    0xbb, 0xff, 0xdb, 0xff, 0xdb, 0xff, 0xdb, 0xff, 0xdb, 0xff, 0xdb, 0xff,
    0xdb, 0xff, 0xdb, 0xff, 0xdb, 0xff, 0xdb, 0xff, 0xbb, 0xff, 0xba, 0xff,
    0xba, 0xff, 0xba, 0xff, 0xba, 0xff, 0xb9, 0xff, 0xb9, 0xff, 0xba, 0xff,
    0xba, 0xff, 0xba, 0xff, 0xb9, 0xff, 0xb9, 0xff, 0xb9, 0xff, 0xb9, 0xff,
    0xb9, 0xff, 0xb9, 0xff, 0x99, 0xff, 0x99, 0xff, 0x99, 0xff, 0x99, 0xff,
    0x99, 0xff, 0x98, 0xff, 0x98, 0xff, 0x98, 0xff, 0x99, 0xff, 0x78, 0xff,
    0x78, 0xff, 0x78, 0xff, 0x78, 0xff, 0x78, 0xff, 0x78, 0xff, 0x78, 0xff,
    0x58, 0xff, 0x58, 0xff, 0x57, 0xff, 0x57, 0xff, 0x57, 0xff, 0x57, 0xff,
    0x37, 0xff, 0x37, 0xff, 0x37, 0xff, 0x37, 0xff, 0x37, 0xff, 0x17, 0xff,
    0x16, 0xff, 0x16, 0xff, 0x16, 0xff, 0x16, 0xff, 0x16, 0xff, 0x16, 0xff,
    0x16, 0xff, 0x16, 0xff, 0x16, 0xff, 0x16, 0xff, 0x26, 0x62, 0xe5, 0x59,
    0xe5, 0x59, 0x26, 0x62, 0x06, 0x5a, 0x26, 0x62, 0xe5, 0x59, 0x06, 0x62,
    0x06, 0x62, 0x06, 0x5a, 0xe6, 0x59, 0xe6, 0x61, 0x25, 0x72, 0x45, 0x7a,
    0xe8, 0x8a, 0x88, 0x72, 0xa9, 0x72, 0xa9, 0x72, 0xc9, 0x72, 0xa9, 0x72,
    0xc9, 0x72, 0x88, 0x6a, 0x89, 0x6a, 0xa9, 0x6a, 0xc9, 0x72, 0xc9, 0x72,
    0xca, 0x72, 0x68, 0x62, 0x47, 0x5a, 0x48, 0x62, 0xc9, 0x72, 0xca, 0x72,
    0xca, 0x72, 0xca, 0x72, 0xc9, 0x7a, 0xc9, 0x7a, 0x0a, 0x7b, 0x0a, 0x83,
    0xea, 0x7a, 0xea, 0x7a, 0x0a, 0x7b, 0x0b, 0x83, 0x2b, 0x83, 0xe9, 0x7a,
    0x2a, 0x83, 0x0a, 0x83, 0x0a, 0x7b, 0x2a, 0x83, 0xac, 0x9b, 0xf0, 0xbc,
    0xb7, 0xe6, 0x39, 0xf7, 0x39, 0xf7, 0x39, 0xf7, 0x39, 0xf7, 0x39, 0xf7,
    0x39, 0xf7, 0x39, 0xf7, 0x39, 0xf7, 0x39, 0xf7, 0x39, 0xf7, 0x39, 0xf7,
    0x39, 0xf7, 0x5a, 0xf7, 0x5a, 0xf7, 0x5a, 0xf7, 0x5a, 0xf7, 0x5a, 0xf7,
    0x5a, 0xf7, 0x5a, 0xf7, 0x5a, 0xf7, 0x5a, 0xf7, 0x5a, 0xff, 0x5a, 0xf7,
    0x5a, 0xf7, 0x5a, 0xff, 0x7a, 0xff, 0x7a, 0xff, 0x7a, 0xff, 0x7a, 0xff,
    0x7a, 0xff, 0x7a, 0xff, 0x7a, 0xff, 0x7a, 0xff, 0x7a, 0xff, 0x7a, 0xff,
    0x7a, 0xff, 0x7b, 0xff, 0x7b, 0xff, 0x7b, 0xff, 0x7b, 0xff, 0x7b, 0xff,
    0x9b, 0xff, 0x9b, 0xff, 0x9b, 0xff, 0x9b, 0xff, 0x7b, 0xff, 0x9b, 0xff,
    0x9b, 0xff, 0x9b, 0xff, 0x9b, 0xff, 0x9b, 0xff, 0x9b, 0xff, 0x9b, 0xff,
    0x9b, 0xff, 0x9b, 0xff, 0x9b, 0xff, 0x9b, 0xff, 0x9b, 0xff, 0x9b, 0xff,
    0x9b, 0xff, 0x9b, 0xff, 0x9b, 0xff, 0x9b, 0xff, 0x9b, 0xff, 0x9b, 0xff,
    0x9b, 0xff, 0x9b, 0xff, 0x9b, 0xff, 0x9b, 0xff, 0x9b, 0xff, 0x9b, 0xff,
    0x9b, 0xff, 0xbb, 0xff, 0x9b, 0xff, 0xbb, 0xff, 0xbb, 0xff, 0xbb, 0xff,
    0xbb, 0xff, 0xbb, 0xff, 0xbb, 0xff, 0xbb, 0xff, 0xbb, 0xff, 0xbb, 0xff,
    0xbb, 0xff, 0xbb, 0xff, 0xbb, 0xff, 0xbb, 0xff, 0xbb, 0xff, 0xbb, 0xff,
    0xbb, 0xff, 0xbb, 0xff, 0xbb, 0xff, 0xbb, 0xff, 0xbb, 0xff, 0xbb, 0xff,
    0xbb, 0xff, 0xbb, 0xff, 0xbb, 0xff, 0xbb, 0xff, 0xbb, 0xff, 0xbb, 0xff,
    0xbb, 0xff, 0xbb, 0xff, 0xbb, 0xff, 0xbb, 0xff, 0xbb, 0xff, 0xbb, 0xff,
    0xbb, 0xff, 0xbb, 0xff, 0xbb, 0xff, 0xbb, 0xff, 0xbb, 0xff, 0xbb, 0xff,
    0xbb, 0xff, 0xbb, 0xff, 0xbb, 0xff, 0xbb, 0xff, 0xbb, 0xff, 0xbb, 0xff,
    0xbb, 0xff, 0xbb, 0xff, 0xbb, 0xff, 0xbb, 0xff, 0xbb, 0xff, 0xdb, 0xff,
    0xdb, 0xff, 0xdb, 0xff, 0xdb, 0xff, 0xdb, 0xff, 0xdb, 0xff, 0xdc, 0xff,
    0xdc, 0xff, 0xdb, 0xff, 0xbb, 0xff, 0xba, 0xff, 0xba, 0xff, 0xba, 0xff,
    0xb9, 0xff, 0xb9, 0xff, 0xb9, 0xff, 0xb9, 0xff, 0x99, 0xff, 0xb9, 0xff,
    0x99, 0xff, 0xb9, 0xff, 0x99, 0xff, 0xb9, 0xff, 0x99, 0xff, 0x99, 0xff,
    0x99, 0xff, 0x98, 0xff, 0x78, 0xff, 0x78, 0xff, 0x78, 0xff, 0x78, 0xff,
    0x78, 0xff, 0x58, 0xff, 0x57, 0xff, 0x57, 0xff, 0x57, 0xff, 0x57, 0xff,
    0x57, 0xff, 0x57, 0xff, 0x37, 0xff, 0x37, 0xff, 0x37, 0xff, 0x37, 0xff,
    0x37, 0xff, 0x37, 0xff, 0x36, 0xff, 0x36, 0xff, 0x16, 0xff, 0x16, 0xff,
    0x16, 0xff, 0x16, 0xff, 0x16, 0xff, 0x16, 0xff, 0x16, 0xff, 0x16, 0xff,
    0xa8, 0x72, 0x67, 0x6a, 0xe5, 0x51, 0x27, 0x62, 0x27, 0x62, 0x27, 0x62,
    0x68, 0x6a, 0x67, 0x6a, 0x88, 0x72, 0x67, 0x6a, 0xa8, 0x82, 0xe8, 0x82,
    0xe8, 0x92, 0xc7, 0x92, 0x45, 0x7a, 0x46, 0x72, 0x88, 0x72, 0x67, 0x6a,
    0x88, 0x72, 0xa9, 0x72, 0x2b, 0x83, 0xea, 0x7a, 0x0a, 0x7b, 0x2b, 0x83,
    0x0a, 0x7b, 0x2b, 0x7b, 0x2b, 0x83, 0x2b, 0x7b, 0xea, 0x7a, 0xa9, 0x6a,
    0x68, 0x62, 0x48, 0x5a, 0x48, 0x62, 0x68, 0x62, 0x68, 0x6a, 0x68, 0x6a,
    0x67, 0x6a, 0x67, 0x6a, 0x67, 0x6a, 0xea, 0x7a, 0xea, 0x7a, 0x0a, 0x7b,
    0x0a, 0x83, 0x0a, 0x83, 0x0a, 0x83, 0x0a, 0x83, 0x0a, 0x83, 0x2a, 0x83,
    0x0a, 0x7b, 0x4b, 0x8b, 0xab, 0xa3, 0x34, 0xe6, 0x39, 0xf7, 0x39, 0xf7,
    0x39, 0xf7, 0x39, 0xf7, 0x39, 0xf7, 0x39, 0xf7, 0x39, 0xf7, 0x39, 0xf7,
    0x39, 0xf7, 0x39, 0xf7, 0x39, 0xf7, 0x39, 0xf7, 0x39, 0xf7, 0x39, 0xf7,
    0x59, 0xf7, 0x59, 0xf7, 0x59, 0xff, 0x59, 0xff, 0x5a, 0xff, 0x5a, 0xff,
    0x5a, 0xff, 0x5a, 0xff, 0x5a, 0xff, 0x5a, 0xff, 0x5a, 0xff, 0x5a, 0xff,
    0x7a, 0xff, 0x7a, 0xff, 0x5a, 0xff, 0x5a, 0xff, 0x7a, 0xff, 0x7a, 0xff,
    0x7a, 0xff, 0x7a, 0xff, 0x7a, 0xff, 0x7a, 0xff, 0x7a, 0xff, 0x7a, 0xff,
    0x7a, 0xff, 0x7a, 0xff, 0x7a, 0xff, 0x7a, 0xff, 0x7a, 0xff, 0x7a, 0xff,
    0x7a, 0xff, 0x7a, 0xff, 0x7a, 0xff, 0x7a, 0xff, 0x7a, 0xff, 0x7a, 0xff,
    0x7a, 0xff, 0x7a, 0xff, 0x7a, 0xff, 0x7a, 0xff, 0x9b, 0xff, 0x9b, 0xff,
    0x9b, 0xff, 0x9b, 0xff, 0x9b, 0xff, 0x9b, 0xff, 0x9b, 0xff, 0x9b, 0xff,
    0x9b, 0xff, 0x9b, 0xff, 0x9b, 0xff, 0x9b, 0xff, 0x9b, 0xff, 0x9b, 0xff,
    0x9b, 0xff, 0x9b, 0xff, 0x9b, 0xff, 0x9b, 0xff, 0x9b, 0xff, 0x9b, 0xff,
    0x9b, 0xff, 0x9b, 0xff, 0x9b, 0xff, 0x9b, 0xff, 0x9b, 0xff, 0x9b, 0xff,
    0x9b, 0xff, 0xbb, 0xff, 0x9b, 0xff, 0xbb, 0xff, 0xbb, 0xff, 0x9b, 0xff,
    0x9b, 0xff, 0x9b, 0xff, 0x9b, 0xff, 0x9b, 0xff, 0xbb, 0xff, 0xbb, 0xff,
    0xbb, 0xff, 0xbb, 0xff, 0xbb, 0xff, 0xbb, 0xff, 0xbb, 0xff, 0xbb, 0xff,
    0xbb, 0xff, 0xbb, 0xff, 0xbb, 0xff, 0xbb, 0xff, 0xbb, 0xff, 0xbb, 0xff,
    0xbb, 0xff, 0xbb, 0xff, 0xbb, 0xff, 0xbb, 0xff, 0xba, 0xff, 0x9a, 0xff,
    0x9a, 0xff, 0x9a, 0xff, 0x9a, 0xff, 0x9a, 0xff, 0x9a, 0xff, 0x9a, 0xff,
    0xba, 0xff, 0xba, 0xff, 0xba, 0xff, 0xba, 0xff, 0xba, 0xff, 0xba, 0xff,
    0xba, 0xff, 0xba, 0xff, 0xba, 0xff, 0xba, 0xff, 0xba, 0xff, 0xba, 0xff,
    0xba, 0xff, 0xba, 0xff, 0xdb, 0xff, 0xdb, 0xff, 0xdc, 0xff, 0xdd, 0xff,
    0xde, 0xff, 0xfe, 0xff, 0xfe, 0xff, 0xfe, 0xff, 0xde, 0xff, 0xdd, 0xff,
    0xdd, 0xff, 0xdd, 0xff, 0xdc, 0xff, 0xdb, 0xff, 0xdb, 0xff, 0xbb, 0xff,
    0xdb, 0xff, 0xdb, 0xff, 0xba, 0xff, 0xba, 0xff, 0xb9, 0xff, 0x99, 0xff,
    0x99, 0xff, 0x78, 0xff, 0x78, 0xff, 0x78, 0xff, 0x78, 0xff, 0x78, 0xff,
    0x78, 0xff, 0x78, 0xff, 0x78, 0xff, 0x78, 0xff, 0x77, 0xff, 0x57, 0xff,
    0x57, 0xff, 0x57, 0xff, 0x57, 0xff, 0x57, 0xff, 0x57, 0xff, 0x57, 0xff,
    0x37, 0xff, 0x37, 0xff, 0x37, 0xff, 0x37, 0xff, 0x36, 0xff, 0x36, 0xff,
    0x36, 0xff, 0x37, 0xff, 0xe6, 0x59, 0x06, 0x62, 0x85, 0x49, 0xa4, 0x51,
    0xa5, 0x51, 0xa5, 0x51, 0xc5, 0x51, 0xe5, 0x59, 0x46, 0x72, 0x67, 0x72,
    0x87, 0x72, 0x67, 0x72, 0x26, 0x6a, 0x87, 0x7a, 0xe8, 0x8a, 0xe8, 0x92,
    0x07, 0x93, 0xc8, 0x82, 0x67, 0x6a, 0x67, 0x6a, 0x26, 0x6a, 0x47, 0x6a,
    0x88, 0x72, 0xc9, 0x7a, 0xa9, 0x72, 0x88, 0x6a, 0xc9, 0x7a, 0xc9, 0x7a,
    0xe9, 0x7a, 0xe9, 0x7a, 0xc9, 0x7a, 0x89, 0x6a, 0x48, 0x5a, 0x68, 0x62,
    0x68, 0x62, 0x88, 0x6a, 0x68, 0x6a, 0x68, 0x6a, 0x88, 0x72, 0xa8, 0x72,
    0xa8, 0x7a, 0x47, 0x6a, 0x27, 0x62, 0x67, 0x6a, 0xa8, 0x7a, 0x67, 0x6a,
    0xa8, 0x72, 0xa8, 0x72, 0x88, 0x72, 0xea, 0x82, 0xa9, 0x7a, 0x49, 0x9b,
    0x6d, 0xbc, 0x18, 0xf7, 0x39, 0xf7, 0x38, 0xf7, 0x18, 0xf7, 0x38, 0xf7,
    0x39, 0xf7, 0x39, 0xf7, 0x39, 0xf7, 0x39, 0xf7, 0x39, 0xff, 0x39, 0xff,
    0x39, 0xff, 0x39, 0xff, 0x39, 0xff, 0x39, 0xff, 0x59, 0xff, 0x59, 0xff,
    0x59, 0xff, 0x59, 0xff, 0x59, 0xff, 0x59, 0xff, 0x59, 0xff, 0x59, 0xff,
    0x59, 0xff, 0x59, 0xff, 0x5a, 0xff, 0x7a, 0xff, 0x5a, 0xff, 0x59, 0xff,
    0x59, 0xff, 0x7a, 0xff, 0x79, 0xff, 0x59, 0xff, 0x5a, 0xff, 0x7a, 0xff,
    0x7a, 0xff, 0x7a, 0xff, 0x7a, 0xff, 0x7a, 0xff, 0x7a, 0xff, 0x7a, 0xff,
    0x7a, 0xff, 0x7a, 0xff, 0x7a, 0xff, 0x7a, 0xff, 0x7a, 0xff, 0x7a, 0xff,
    0x7a, 0xff, 0x7a, 0xff, 0x7a, 0xff, 0x7a, 0xff, 0x7a, 0xff, 0x7a, 0xff,
    0x7a, 0xff, 0x9a, 0xff, 0x9a, 0xff, 0x9a, 0xff, 0x7a, 0xff, 0x9a, 0xff,
    0x9a, 0xff, 0x9a, 0xff, 0x9a, 0xff, 0x9a, 0xff, 0x9a, 0xff, 0x9a, 0xff,
    0x9a, 0xff, 0x9a, 0xff, 0x9a, 0xff, 0x9a, 0xff, 0x9a, 0xff, 0x9a, 0xff,
    0x9a, 0xff, 0x9b, 0xff, 0x9b, 0xff, 0x9b, 0xff, 0x9a, 0xff, 0x9b, 0xff,
    0x9a, 0xff, 0x9a, 0xff, 0x9a, 0xff, 0x9a, 0xff, 0x9a, 0xff, 0x9a, 0xff,
    0x9a, 0xff, 0x9a, 0xff, 0x9a, 0xff, 0x9a, 0xff, 0x9a, 0xff, 0xba, 0xff,
    0xba, 0xff, 0xba, 0xff, 0xba, 0xff, 0x9a, 0xff, 0x9a, 0xff, 0xba, 0xff,
    0x9a, 0xff, 0xba, 0xff, 0x9a, 0xff, 0xba, 0xff, 0x9a, 0xff, 0x9a, 0xff,
    0x9a, 0xff, 0x9a, 0xff, 0x9a, 0xff, 0x9a, 0xff, 0x9a, 0xff, 0x9a, 0xff,
    0x9a, 0xff, 0x9a, 0xff, 0x9a, 0xff, 0x9a, 0xff, 0x9a, 0xff, 0x9a, 0xff,
    0x9a, 0xff, 0x9a, 0xff, 0x9a, 0xff, 0x9a, 0xff, 0x9a, 0xff, 0x9a, 0xff,
    0x9a, 0xff, 0x99, 0xff, 0x99, 0xff, 0x9a, 0xff, 0x9a, 0xff, 0x9a, 0xff,
    0xba, 0xff, 0xba, 0xff, 0xba, 0xff, 0xba, 0xff, 0x99, 0xff, 0x99, 0xff,
    0x99, 0xff, 0x99, 0xff, 0x99, 0xff, 0x99, 0xff, 0x99, 0xff, 0x99, 0xff,
    0x9a, 0xff, 0xba, 0xff, 0x99, 0xff, 0x99, 0xff, 0x99, 0xff, 0x99, 0xff,
    0x99, 0xff, 0x99, 0xff, 0x99, 0xff, 0x99, 0xff, 0x98, 0xff, 0x78, 0xff,
    0x78, 0xff, 0x78, 0xff, 0x78, 0xff, 0x78, 0xff, 0x78, 0xff, 0x78, 0xff,
    0x78, 0xff, 0x78, 0xff, 0x57, 0xff, 0x57, 0xff, 0x57, 0xff, 0x57, 0xff,
    0x57, 0xff, 0x57, 0xff, 0x57, 0xff, 0x57, 0xff, 0x37, 0xff, 0x37, 0xff,
    0x36, 0xff, 0x36, 0xff, 0x36, 0xff, 0x36, 0xff, 0x36, 0xff, 0x36, 0xff,
    0x36, 0xff, 0x36, 0xff, 0xd5, 0xf6, 0x0b, 0xb4, 0xa5, 0x49, 0xa5, 0x51,
    0x67, 0x6a, 0x06, 0x5a, 0xe6, 0x59, 0xc5, 0x51, 0xc5, 0x51, 0xe5, 0x59,
    0xa4, 0x51, 0xa4, 0x51, 0x63, 0x49, 0x84, 0x51, 0x83, 0x51, 0xa4, 0x59,
    0xe5, 0x61, 0x46, 0x7a, 0x05, 0x6a, 0xe6, 0x92, 0x26, 0x62, 0x27, 0x6a,
    0x26, 0x62, 0x26, 0x62, 0x06, 0x62, 0xa5, 0x51, 0xa5, 0x51, 0x06, 0x62,
    0x26, 0x62, 0x47, 0x6a, 0x46, 0x6a, 0x87, 0x72, 0x88, 0x72, 0x06, 0x62,
    0x27, 0x62, 0x47, 0x62, 0xe6, 0x51, 0xa5, 0x49, 0xe6, 0x51, 0x27, 0x62,
    0x27, 0x62, 0x27, 0x62, 0xe5, 0x59, 0x26, 0x6a, 0x06, 0x62, 0x88, 0x72,
    0xc9, 0x7a, 0xa8, 0x7a, 0x87, 0x7a, 0x87, 0x72, 0x67, 0x72, 0x68, 0x72,
    0x88, 0x72, 0xa8, 0x7a, 0xe8, 0x82, 0x6d, 0xbc, 0xb7, 0xee, 0x18, 0xf7,
    0x18, 0xf7, 0x18, 0xf7, 0x18, 0xf7, 0x18, 0xf7, 0x18, 0xf7, 0x38, 0xf7,
    0x38, 0xf7, 0x38, 0xff, 0x38, 0xff, 0x38, 0xff, 0x38, 0xff, 0x39, 0xff,
    0x39, 0xff, 0x39, 0xff, 0x39, 0xff, 0x59, 0xff, 0x59, 0xff, 0x59, 0xff,
    0x59, 0xff, 0x59, 0xff, 0x59, 0xff, 0x59, 0xff, 0x59, 0xff, 0x59, 0xff,
    0x59, 0xff, 0x59, 0xff, 0x59, 0xff, 0x59, 0xff, 0x59, 0xff, 0x59, 0xff,
    0x59, 0xff, 0x59, 0xff, 0x59, 0xff, 0x59, 0xff, 0x79, 0xff, 0x79, 0xff,
    0x79, 0xff, 0x79, 0xff, 0x79, 0xff, 0x79, 0xff, 0x79, 0xff, 0x79, 0xff,
    0x79, 0xff, 0x7a, 0xff, 0x7a, 0xff, 0x7a, 0xff, 0x7a, 0xff, 0x7a, 0xff,
    0x7a, 0xff, 0x7a, 0xff, 0x7a, 0xff, 0x7a, 0xff, 0x7a, 0xff, 0x7a, 0xff,
    0x7a, 0xff, 0x7a, 0xff, 0x7a, 0xff, 0x7a, 0xff, 0x7a, 0xff, 0x7a, 0xff,
    0x7a, 0xff, 0x7a, 0xff, 0x7a, 0xff, 0x9a, 0xff, 0x9a, 0xff, 0x9a, 0xff,
    0x9a, 0xff, 0x9a, 0xff, 0x9a, 0xff, 0x9a, 0xff, 0x9a, 0xff, 0x9a, 0xff,
    0x9a, 0xff, 0x9a, 0xff, 0x9a, 0xff, 0x9a, 0xff, 0x9a, 0xff, 0x9a, 0xff,
    0x9a, 0xff, 0x9a, 0xff, 0x9a, 0xff, 0x9a, 0xff, 0x9a, 0xff, 0x9a, 0xff,
    0x9a, 0xff, 0x9a, 0xff, 0x9a, 0xff, 0x9a, 0xff, 0x9a, 0xff, 0x9a, 0xff,
    0x9a, 0xff, 0x9a, 0xff, 0x9a, 0xff, 0x9a, 0xff, 0x9a, 0xff, 0x9a, 0xff,
    0x9a, 0xff, 0x9a, 0xff, 0x9a, 0xff, 0x9a, 0xff, 0x9a, 0xff, 0x99, 0xff,
    0x99, 0xff, 0x99, 0xff, 0x99, 0xff, 0x99, 0xff, 0x99, 0xff, 0x79, 0xff,
    0x79, 0xff, 0x79, 0xff, 0x79, 0xff, 0x79, 0xff, 0x79, 0xff, 0x99, 0xff,
    0x79, 0xff, 0x79, 0xff, 0x99, 0xff, 0x99, 0xff, 0x99, 0xff, 0x99, 0xff,
    0x99, 0xff, 0x99, 0xff, 0x99, 0xff, 0x99, 0xff, 0x99, 0xff, 0x99, 0xff,
    0x99, 0xff, 0x98, 0xff, 0x98, 0xff, 0x98, 0xff, 0x98, 0xff, 0x78, 0xff,
    0x78, 0xff, 0x98, 0xff, 0x98, 0xff, 0x98, 0xff, 0x98, 0xff, 0x78, 0xff,
    0x78, 0xff, 0x78, 0xff, 0x78, 0xff, 0x78, 0xff, 0x78, 0xff, 0x78, 0xff,
    0x78, 0xff, 0x78, 0xff, 0x78, 0xff, 0x78, 0xff, 0x58, 0xff, 0x57, 0xff,
    0x57, 0xff, 0x57, 0xff, 0x57, 0xff, 0x57, 0xff, 0x57, 0xff, 0x57, 0xff,
    0x37, 0xff, 0x37, 0xff, 0x37, 0xff, 0x36, 0xff, 0x36, 0xff, 0x36, 0xff,
    0x36, 0xff, 0x16, 0xff, 0x16, 0xff, 0x16, 0xff, 0x16, 0xff, 0x16, 0xff,
    0x15, 0xff, 0x15, 0xff, 0xd4, 0xf6, 0xb4, 0xf6, 0x89, 0xab, 0xc7, 0x8a,
    0x06, 0x62, 0x88, 0x72, 0x27, 0x62, 0xe6, 0x59, 0x47, 0x62, 0x47, 0x62,
    0x26, 0x6a, 0x26, 0x6a, 0x06, 0x62, 0x26, 0x62, 0x67, 0x6a, 0x26, 0x6a,
    0x87, 0x7a, 0x87, 0x7a, 0x87, 0x7a, 0x66, 0x7a, 0x66, 0x7a, 0xc6, 0x92,
    0x67, 0x72, 0x47, 0x6a, 0x27, 0x62, 0x68, 0x72, 0x88, 0x72, 0x67, 0x6a,
    0x67, 0x6a, 0x88, 0x72, 0x68, 0x6a, 0x68, 0x6a, 0x68, 0x6a, 0x68, 0x6a,
    0x47, 0x6a, 0x26, 0x62, 0x67, 0x6a, 0x06, 0x5a, 0x27, 0x62, 0x44, 0x39,
    0x85, 0x41, 0xc6, 0x49, 0xc5, 0x51, 0xe6, 0x59, 0xc5, 0x59, 0x26, 0x6a,
    0x06, 0x62, 0x06, 0x6a, 0x87, 0x72, 0x47, 0x6a, 0x67, 0x7a, 0x67, 0x7a,
    0x87, 0x7a, 0x67, 0x72, 0x47, 0x72, 0x67, 0x72, 0x87, 0x7a, 0xa8, 0x82,
    0x48, 0xa3, 0x55, 0xe6, 0x18, 0xf7, 0x18, 0xf7, 0x18, 0xff, 0x18, 0xff,
    0x18, 0xff, 0x18, 0xff, 0x38, 0xff, 0x38, 0xff, 0x38, 0xff, 0x38, 0xff,
    0x38, 0xff, 0x38, 0xff, 0x38, 0xff, 0x38, 0xff, 0x38, 0xff, 0x38, 0xff,
    0x38, 0xff, 0x38, 0xff, 0x38, 0xff, 0x39, 0xff, 0x38, 0xff, 0x38, 0xff,
    0x39, 0xff, 0x59, 0xff, 0x59, 0xff, 0x59, 0xff, 0x59, 0xff, 0x58, 0xff,
    0x59, 0xff, 0x59, 0xff, 0x59, 0xff, 0x59, 0xff, 0x59, 0xff, 0x59, 0xff,
    0x59, 0xff, 0x59, 0xff, 0x59, 0xff, 0x59, 0xff, 0x59, 0xff, 0x59, 0xff,
    0x79, 0xff, 0x59, 0xff, 0x59, 0xff, 0x59, 0xff, 0x59, 0xff, 0x79, 0xff,
    0x79, 0xff, 0x79, 0xff, 0x79, 0xff, 0x79, 0xff, 0x79, 0xff, 0x79, 0xff,
    0x79, 0xff, 0x79, 0xff, 0x79, 0xff, 0x79, 0xff, 0x79, 0xff, 0x79, 0xff,
    0x79, 0xff, 0x79, 0xff, 0x79, 0xff, 0x79, 0xff, 0x79, 0xff, 0x79, 0xff,
    0x79, 0xff, 0x7a, 0xff, 0x7a, 0xff, 0x7a, 0xff, 0x7a, 0xff, 0x7a, 0xff,
    0x7a, 0xff, 0x7a, 0xff, 0x9a, 0xff, 0x9a, 0xff, 0x9a, 0xff, 0x7a, 0xff,
    0x7a, 0xff, 0x79, 0xff, 0x79, 0xff, 0x7a, 0xff, 0x9a, 0xff, 0x9a, 0xff,
    0x99, 0xff, 0x99, 0xff, 0x79, 0xff, 0x99, 0xff, 0x99, 0xff, 0x99, 0xff,
    0x79, 0xff, 0x79, 0xff, 0x79, 0xff, 0x79, 0xff, 0x79, 0xff, 0x79, 0xff,
    0x79, 0xff, 0x79, 0xff, 0x79, 0xff, 0x79, 0xff, 0x79, 0xff, 0x79, 0xff,
    0x79, 0xff, 0x79, 0xff, 0x79, 0xff, 0x79, 0xff, 0x79, 0xff, 0x79, 0xff,
    0x79, 0xff, 0x79, 0xff, 0x79, 0xff, 0x78, 0xff, 0x78, 0xff, 0x78, 0xff,
    0x78, 0xff, 0x78, 0xff, 0x78, 0xff, 0x78, 0xff, 0x78, 0xff, 0x78, 0xff,
    0x78, 0xff, 0x78, 0xff, 0x78, 0xff, 0x78, 0xff, 0x78, 0xff, 0x78, 0xff,
    0x78, 0xff, 0x78, 0xff, 0x78, 0xff, 0x78, 0xff, 0x78, 0xff, 0x77, 0xff,
    0x78, 0xff, 0x78, 0xff, 0x78, 0xff, 0x78, 0xff, 0x78, 0xff, 0x78, 0xff,
    0x78, 0xff, 0x77, 0xff, 0x77, 0xff, 0x77, 0xff, 0x57, 0xff, 0x57, 0xff,
    0x57, 0xff, 0x57, 0xff, 0x57, 0xff, 0x57, 0xff, 0x57, 0xff, 0x57, 0xff,
    0x57, 0xff, 0x57, 0xff, 0x57, 0xff, 0x37, 0xff, 0x57, 0xff, 0x57, 0xff,
    0x57, 0xff, 0x36, 0xff, 0x36, 0xff, 0x36, 0xff, 0x36, 0xff, 0x36, 0xff,
    0x16, 0xff, 0x16, 0xff, 0x16, 0xff, 0x15, 0xff, 0x15, 0xff, 0x15, 0xff,
    0xf5, 0xfe, 0xf5, 0xfe, 0xb0, 0xdd, 0xa9, 0xa3, 0x07, 0x93, 0xe7, 0x8a,
    0x08, 0x8b, 0xe8, 0x8a, 0xe5, 0x59, 0x46, 0x6a, 0x26, 0x62, 0xa4, 0x51,
    0x26, 0x6a, 0xe5, 0x61, 0xc5, 0x59, 0xe5, 0x61, 0xc4, 0x59, 0xc4, 0x61,
    0xe5, 0x69, 0xc4, 0x61, 0xc4, 0x61, 0xc4, 0x61, 0xc5, 0x61, 0xe5, 0x61,
    0xe5, 0x61, 0x66, 0x7a, 0xa6, 0x92, 0x87, 0x7a, 0x06, 0x62, 0x47, 0x6a,
    0x06, 0x62, 0xe6, 0x61, 0x26, 0x6a, 0x26, 0x62, 0xc5, 0x51, 0x26, 0x62,
    0xa8, 0x72, 0x88, 0x72, 0x88, 0x72, 0xa9, 0x72, 0xc9, 0x7a, 0x88, 0x72,
    0xa9, 0x72, 0x68, 0x62, 0x68, 0x62, 0x48, 0x62, 0x48, 0x62, 0x47, 0x62,
    0x47, 0x6a, 0x68, 0x72, 0x88, 0x72, 0xc9, 0x7a, 0xc9, 0x7a, 0xa9, 0x7a,
    0xa8, 0x7a, 0xc9, 0x82, 0xe9, 0x82, 0xa8, 0x7a, 0x67, 0x72, 0x47, 0x72,
    0x46, 0x72, 0x46, 0x7a, 0x45, 0x7a, 0xca, 0xab, 0x18, 0xf7, 0x17, 0xf7,
    0x17, 0xf7, 0x17, 0xf7, 0x17, 0xf7, 0x17, 0xf7, 0x18, 0xff, 0x18, 0xff,
    0x18, 0xff, 0x18, 0xff, 0x18, 0xff, 0x18, 0xff, 0x38, 0xff, 0x38, 0xff,
    0x38, 0xff, 0x38, 0xff, 0x38, 0xff, 0x38, 0xff, 0x38, 0xff, 0x38, 0xff,
    0x38, 0xff, 0x38, 0xff, 0x38, 0xff, 0x38, 0xff, 0x58, 0xff, 0x38, 0xff,
    0x38, 0xff, 0x38, 0xff, 0x38, 0xff, 0x58, 0xff, 0x58, 0xff, 0x58, 0xff,
    0x58, 0xff, 0x58, 0xff, 0x58, 0xff, 0x58, 0xff, 0x58, 0xff, 0x58, 0xff,
    0x58, 0xff, 0x58, 0xff, 0x58, 0xff, 0x59, 0xff, 0x59, 0xff, 0x59, 0xff,
    0x59, 0xff, 0x59, 0xff, 0x59, 0xff, 0x59, 0xff, 0x59, 0xff, 0x79, 0xff,
    0x79, 0xff, 0x79, 0xff, 0x79, 0xff, 0x79, 0xff, 0x79, 0xff, 0x79, 0xff,
    0x79, 0xff, 0x79, 0xff, 0x79, 0xff, 0x79, 0xff, 0x79, 0xff, 0x79, 0xff,
    0x79, 0xff, 0x79, 0xff, 0x79, 0xff, 0x79, 0xff, 0x79, 0xff, 0x79, 0xff,
    0x79, 0xff, 0x79, 0xff, 0x79, 0xff, 0x79, 0xff, 0x79, 0xff, 0x79, 0xff,
    0x79, 0xff, 0x79, 0xff, 0x79, 0xff, 0x79, 0xff, 0x79, 0xff, 0x79, 0xff,
    0x79, 0xff, 0x79, 0xff, 0x79, 0xff, 0x79, 0xff, 0x79, 0xff, 0x79, 0xff,
    0x79, 0xff, 0x79, 0xff, 0x79, 0xff, 0x79, 0xff, 0x79, 0xff, 0x79, 0xff,
    0x79, 0xff, 0x79, 0xff, 0x79, 0xff, 0x79, 0xff, 0x78, 0xff, 0x78, 0xff,
    0x78, 0xff, 0x78, 0xff, 0x78, 0xff, 0x78, 0xff, 0x78, 0xff, 0x78, 0xff,
    0x78, 0xff, 0x58, 0xff, 0x78, 0xff, 0x78, 0xff, 0x78, 0xff, 0x78, 0xff,
    0x58, 0xff, 0x58, 0xff, 0x78, 0xff, 0x58, 0xff, 0x58, 0xff, 0x57, 0xff,
    0x57, 0xff, 0x78, 0xff, 0x78, 0xff, 0x78, 0xff, 0x78, 0xff, 0x77, 0xff,
    0x77, 0xff, 0x77, 0xff, 0x77, 0xff, 0x77, 0xff, 0x77, 0xff, 0x77, 0xff,
    0x77, 0xff, 0x77, 0xff, 0x77, 0xff, 0x77, 0xff, 0x77, 0xff, 0x77, 0xff,
    0x77, 0xff, 0x77, 0xff, 0x77, 0xff, 0x57, 0xff, 0x57, 0xff, 0x57, 0xff,
    0x56, 0xff, 0x56, 0xff, 0x56, 0xff, 0x56, 0xff, 0x36, 0xff, 0x36, 0xff,
    0x36, 0xff, 0x36, 0xff, 0x36, 0xff, 0x36, 0xff, 0x36, 0xff, 0x36, 0xff,
    0x36, 0xff, 0x36, 0xff, 0x36, 0xff, 0x36, 0xff, 0x16, 0xff, 0x16, 0xff,
    0x15, 0xff, 0x15, 0xff, 0x15, 0xff, 0xf5, 0xfe, 0xf5, 0xfe, 0xf5, 0xfe,
    0xf5, 0xfe, 0xf4, 0xfe, 0xd4, 0xfe, 0x4b, 0xb4, 0xa6, 0x82, 0x46, 0x72,
    0xa7, 0x7a, 0xa7, 0x82, 0x86, 0x82, 0x66, 0x7a, 0x06, 0x62, 0xe5, 0x61,
    0x84, 0x49, 0x64, 0x41, 0xe5, 0x61, 0xc5, 0x59, 0x84, 0x49, 0x05, 0x62,
    0x25, 0x6a, 0x26, 0x72, 0x25, 0x6a, 0xc5, 0x59, 0x05, 0x6a, 0x05, 0x62,
    0xc4, 0x59, 0xc4, 0x61, 0xa4, 0x59, 0xc4, 0x61, 0x85, 0x82, 0xc6, 0x9a,
    0xc8, 0x82, 0xa9, 0x72, 0xa9, 0x72, 0xa9, 0x72, 0xa8, 0x72, 0xc9, 0x7a,
    0x47, 0x6a, 0x47, 0x6a, 0x67, 0x72, 0x88, 0x72, 0x47, 0x6a, 0x88, 0x7a,
    0x88, 0x72, 0x67, 0x6a, 0x88, 0x72, 0x47, 0x6a, 0x06, 0x62, 0x68, 0x72,
    0xa9, 0x7a, 0x27, 0x62, 0xe6, 0x59, 0x27, 0x62, 0x47, 0x6a, 0x47, 0x6a,
    0x26, 0x62, 0xc5, 0x59, 0x06, 0x6a, 0x67, 0x72, 0x87, 0x7a, 0x87, 0x7a,
    0x87, 0x7a, 0xc8, 0x82, 0xa8, 0x82, 0xe7, 0x8a, 0x86, 0x7a, 0x88, 0xb3,
    0xd7, 0xf6, 0xf7, 0xfe, 0xf7, 0xf6, 0xf7, 0xfe, 0xf7, 0xfe, 0xf7, 0xf6,
    0x17, 0xff, 0x17, 0xff, 0x17, 0xff, 0x17, 0xff, 0x17, 0xff, 0x17, 0xff,
    0x17, 0xff, 0x17, 0xff, 0x17, 0xff, 0x17, 0xff, 0x17, 0xff, 0x17, 0xff,
    0x17, 0xff, 0x17, 0xff, 0x17, 0xff, 0x17, 0xff, 0x37, 0xff, 0x38, 0xff,
    0x38, 0xff, 0x38, 0xff, 0x38, 0xff, 0x38, 0xff, 0x38, 0xff, 0x38, 0xff,
    0x38, 0xff, 0x38, 0xff, 0x38, 0xff, 0x38, 0xff, 0x38, 0xff, 0x38, 0xff,
    0x38, 0xff, 0x38, 0xff, 0x38, 0xff, 0x58, 0xff, 0x58, 0xff, 0x58, 0xff,
    0x58, 0xff, 0x58, 0xff, 0x58, 0xff, 0x58, 0xff, 0x58, 0xff, 0x58, 0xff,
    0x58, 0xff, 0x58, 0xff, 0x58, 0xff, 0x58, 0xff, 0x58, 0xff, 0x58, 0xff,
    0x59, 0xff, 0x58, 0xff, 0x58, 0xff, 0x58, 0xff, 0x58, 0xff, 0x59, 0xff,
    0x59, 0xff, 0x79, 0xff, 0x58, 0xff, 0x58, 0xff, 0x58, 0xff, 0x78, 0xff,
    0x78, 0xff, 0x79, 0xff, 0x79, 0xff, 0x79, 0xff, 0x79, 0xff, 0x58, 0xff,
    0x58, 0xff, 0x58, 0xff, 0x58, 0xff, 0x58, 0xff, 0x79, 0xff, 0x79, 0xff,
    0x79, 0xff, 0x79, 0xff, 0x79, 0xff, 0x79, 0xff, 0x78, 0xff, 0x78, 0xff,
    0x78, 0xff, 0x58, 0xff, 0x58, 0xff, 0x58, 0xff, 0x78, 0xff, 0x78, 0xff,
    0x78, 0xff, 0x78, 0xff, 0x78, 0xff, 0x78, 0xff, 0x58, 0xff, 0x58, 0xff,
    0x58, 0xff, 0x58, 0xff, 0x58, 0xff, 0x58, 0xff, 0x58, 0xff, 0x58, 0xff,
    0x58, 0xff, 0x58, 0xff, 0x58, 0xff, 0x58, 0xff, 0x58, 0xff, 0x58, 0xff,
    0x57, 0xff, 0x57, 0xff, 0x57, 0xff, 0x57, 0xff, 0x57, 0xff, 0x57, 0xff,
    0x57, 0xff, 0x57, 0xff, 0x57, 0xff, 0x57, 0xff, 0x57, 0xff, 0x57, 0xff,
    0x57, 0xff, 0x56, 0xff, 0x56, 0xff, 0x56, 0xff, 0x56, 0xff, 0x56, 0xff,
    0x56, 0xff, 0x56, 0xff, 0x56, 0xff, 0x56, 0xff, 0x56, 0xff, 0x56, 0xff,
    0x57, 0xff, 0x77, 0xff, 0x77, 0xff, 0x56, 0xff, 0x56, 0xff, 0x56, 0xff,
    0x56, 0xff, 0x36, 0xff, 0x36, 0xff, 0x36, 0xff, 0x36, 0xff, 0x36, 0xff,
    0x36, 0xff, 0x15, 0xff, 0x15, 0xff, 0x15, 0xff, 0x15, 0xff, 0x15, 0xff,
    0x15, 0xff, 0x15, 0xff, 0x15, 0xff, 0x15, 0xff, 0x15, 0xff, 0x15, 0xff,
    0xf5, 0xfe, 0xf5, 0xfe, 0xf5, 0xfe, 0xf5, 0xfe, 0xf5, 0xfe, 0xf4, 0xfe,
    0xf4, 0xfe, 0xf4, 0xfe, 0xd4, 0xfe, 0x93, 0xf6, 0x48, 0xa3, 0x86, 0x82,
    0x65, 0x82, 0x86, 0x7a, 0xa6, 0x82, 0x86, 0x82, 0x66, 0x7a, 0xa7, 0x82,
    0x88, 0x72, 0x46, 0x6a, 0x46, 0x6a, 0x47, 0x6a, 0x47, 0x6a, 0x67, 0x6a,
    0x88, 0x72, 0x87, 0x7a, 0x46, 0x6a, 0x67, 0x72, 0x67, 0x72, 0x67, 0x72,
    0x67, 0x72, 0x67, 0x7a, 0x87, 0x7a, 0xc6, 0x92, 0x86, 0x8a, 0x05, 0x72,
    0xa6, 0x8a, 0xe7, 0x9a, 0xa7, 0x8a, 0xa8, 0x7a, 0xc9, 0x7a, 0xc9, 0x7a,
    0x0a, 0x83, 0xa9, 0x72, 0xea, 0x82, 0x88, 0x72, 0xc9, 0x7a, 0xc9, 0x7a,
    0xc9, 0x7a, 0x88, 0x72, 0xa8, 0x72, 0x88, 0x72, 0x67, 0x72, 0x88, 0x72,
    0x88, 0x72, 0x67, 0x72, 0xa8, 0x7a, 0xa9, 0x7a, 0x68, 0x6a, 0x48, 0x62,
    0x68, 0x6a, 0x88, 0x72, 0x47, 0x62, 0xa8, 0x7a, 0xc9, 0x7a, 0xc9, 0x82,
    0xa8, 0x7a, 0xa8, 0x7a, 0xc8, 0x7a, 0xc9, 0x7a, 0xa8, 0x7a, 0xa8, 0x7a,
    0xe8, 0x8a, 0xe7, 0x92, 0xae, 0xc4, 0x15, 0xd6, 0x36, 0xde, 0x35, 0xd6,
    0xf5, 0xcd, 0xf5, 0xcd, 0x36, 0xde, 0x96, 0xe6, 0xb6, 0xee, 0xb6, 0xee,
    0xf7, 0xf6, 0xf7, 0xfe, 0xf7, 0xfe, 0x17, 0xff, 0x17, 0xff, 0x17, 0xff,
    0x17, 0xff, 0x17, 0xff, 0xf7, 0xfe, 0xf7, 0xfe, 0x17, 0xff, 0x17, 0xff,
    0x17, 0xff, 0x17, 0xff, 0x17, 0xff, 0x17, 0xff, 0x17, 0xff, 0x17, 0xff,
    0x17, 0xff, 0x17, 0xff, 0x37, 0xff, 0x37, 0xff, 0x37, 0xff, 0x37, 0xff,
    0x37, 0xff, 0x37, 0xff, 0x37, 0xff, 0x37, 0xff, 0x38, 0xff, 0x38, 0xff,
    0x38, 0xff, 0x38, 0xff, 0x38, 0xff, 0x38, 0xff, 0x38, 0xff, 0x38, 0xff,
    0x38, 0xff, 0x38, 0xff, 0x38, 0xff, 0x38, 0xff, 0x58, 0xff, 0x58, 0xff,
    0x58, 0xff, 0x58, 0xff, 0x58, 0xff, 0x58, 0xff, 0x58, 0xff, 0x58, 0xff,
    0x58, 0xff, 0x58, 0xff, 0x58, 0xff, 0x58, 0xff, 0x58, 0xff, 0x58, 0xff,
    0x58, 0xff, 0x58, 0xff, 0x58, 0xff, 0x58, 0xff, 0x58, 0xff, 0x58, 0xff,
    0x58, 0xff, 0x58, 0xff, 0x58, 0xff, 0x58, 0xff, 0x58, 0xff, 0x58, 0xff,
    0x58, 0xff, 0x58, 0xff, 0x58, 0xff, 0x58, 0xff, 0x58, 0xff, 0x58, 0xff,
    0x58, 0xff, 0x58, 0xff, 0x58, 0xff, 0x58, 0xff, 0x58, 0xff, 0x58, 0xff,
    0x58, 0xff, 0x58, 0xff, 0x58, 0xff, 0x58, 0xff, 0x58, 0xff, 0x58, 0xff,
    0x57, 0xff, 0x57, 0xff, 0x57, 0xff, 0x57, 0xff, 0x57, 0xff, 0x37, 0xff,
    0x37, 0xff, 0x37, 0xff, 0x37, 0xff, 0x37, 0xff, 0x37, 0xff, 0x37, 0xff,
    0x37, 0xff, 0x37, 0xff, 0x37, 0xff, 0x37, 0xff, 0x36, 0xff, 0x36, 0xff,
    0x36, 0xff, 0x36, 0xff, 0x36, 0xff, 0x36, 0xff, 0x36, 0xff, 0x36, 0xff,
    0x36, 0xff, 0x36, 0xff, 0x36, 0xff, 0x36, 0xff, 0x36, 0xff, 0x36, 0xff,
    0x36, 0xff, 0x35, 0xff, 0x35, 0xff, 0x35, 0xff, 0x35, 0xff, 0x35, 0xff,
    0x35, 0xff, 0x35, 0xff, 0x35, 0xff, 0x36, 0xff, 0x56, 0xff, 0x56, 0xff,
    0x56, 0xff, 0x35, 0xff, 0x35, 0xff, 0x35, 0xff, 0x35, 0xff, 0x15, 0xff,
    0x15, 0xff, 0x15, 0xff, 0x15, 0xff, 0x15, 0xff, 0x15, 0xff, 0x15, 0xff,
    0x15, 0xff, 0xf5, 0xfe, 0xf5, 0xfe, 0xf5, 0xfe, 0xf4, 0xfe, 0xf4, 0xfe,
    0xf4, 0xfe, 0xf4, 0xfe, 0xd4, 0xfe, 0xd4, 0xfe, 0xd4, 0xfe, 0xd4, 0xfe,
    0xd4, 0xfe, 0xd4, 0xfe, 0xd4, 0xfe, 0x93, 0xf6, 0x32, 0xee, 0xac, 0xcc,
    0xe7, 0x92, 0x45, 0x72, 0x66, 0x7a, 0x29, 0x93, 0x46, 0x72, 0x66, 0x7a,
    0x86, 0x82, 0x66, 0x7a, 0x88, 0x72, 0x67, 0x72, 0x88, 0x72, 0x88, 0x72,
    0x67, 0x6a, 0x06, 0x6a, 0xc5, 0x59, 0xe5, 0x61, 0x26, 0x6a, 0x67, 0x72,
    0x66, 0x72, 0x46, 0x72, 0xa7, 0x82, 0x46, 0x72, 0x66, 0x7a, 0x86, 0x82,
    0x86, 0x8a, 0xc4, 0x69, 0xc4, 0x61, 0xc4, 0x69, 0x85, 0x8a, 0xe6, 0x9a,
    0xc7, 0x8a, 0xa8, 0x7a, 0x88, 0x72, 0x88, 0x72, 0xa8, 0x7a, 0xa8, 0x7a,
    0xa8, 0x7a, 0x88, 0x72, 0x88, 0x72, 0x0a, 0x83, 0xe9, 0x82, 0x0a, 0x83,
    0xa8, 0x72, 0xc9, 0x7a, 0x2a, 0x8b, 0xe9, 0x7a, 0x67, 0x72, 0x68, 0x72,
    0x0a, 0x83, 0x2a, 0x8b, 0x88, 0x6a, 0x47, 0x62, 0x68, 0x6a, 0xa8, 0x72,
    0x88, 0x7a, 0x88, 0x72, 0x88, 0x72, 0xc9, 0x7a, 0xa8, 0x7a, 0x67, 0x72,
    0x67, 0x7a, 0xa8, 0x82, 0xc8, 0x82, 0x68, 0xab, 0x48, 0xa3, 0xb5, 0xc5,
    0xd5, 0xc5, 0xd5, 0xc5, 0xd5, 0xc5, 0xd5, 0xc5, 0xd5, 0xc5, 0xd5, 0xc5,
    0xd5, 0xc5, 0xd5, 0xcd, 0xd5, 0xcd, 0xf5, 0xcd, 0xf5, 0xd5, 0x35, 0xde,
    0x35, 0xde, 0x35, 0xde, 0x75, 0xe6, 0xb6, 0xee, 0xb6, 0xf6, 0xb6, 0xf6,
    0xf6, 0xfe, 0xf7, 0xfe, 0xd6, 0xf6, 0xd6, 0xf6, 0xb6, 0xee, 0xd6, 0xf6,
    0x17, 0xff, 0x17, 0xff, 0x17, 0xff, 0x17, 0xff, 0x17, 0xff, 0x17, 0xff,
    0x17, 0xff, 0x17, 0xff, 0x17, 0xff, 0x17, 0xff, 0x17, 0xff, 0x17, 0xff,
    0x17, 0xff, 0x37, 0xff, 0x37, 0xff, 0x37, 0xff, 0x37, 0xff, 0x37, 0xff,
    0x37, 0xff, 0x37, 0xff, 0x37, 0xff, 0x37, 0xff, 0x37, 0xff, 0x37, 0xff,
    0x37, 0xff, 0x37, 0xff, 0x37, 0xff, 0x37, 0xff, 0x37, 0xff, 0x37, 0xff,
    0x37, 0xff, 0x37, 0xff, 0x37, 0xff, 0x37, 0xff, 0x37, 0xff, 0x57, 0xff,
    0x57, 0xff, 0x57, 0xff, 0x37, 0xff, 0x37, 0xff, 0x37, 0xff, 0x37, 0xff,
    0x57, 0xff, 0x37, 0xff, 0x37, 0xff, 0x37, 0xff, 0x37, 0xff, 0x57, 0xff,
    0x37, 0xff, 0x37, 0xff, 0x37, 0xff, 0xb6, 0xee, 0xb6, 0xee, 0xf7, 0xf6,
    0x37, 0xff, 0x57, 0xff, 0x37, 0xff, 0x57, 0xff, 0x37, 0xff, 0x37, 0xff,
    0x37, 0xff, 0x37, 0xff, 0x57, 0xff, 0x17, 0xff, 0x37, 0xff, 0x37, 0xff,
    0x37, 0xff, 0x37, 0xff, 0x57, 0xff, 0x37, 0xff, 0x16, 0xff, 0x16, 0xff,
    0x37, 0xff, 0x16, 0xff, 0xf6, 0xf6, 0xf6, 0xfe, 0xd6, 0xf6, 0xd6, 0xf6,
    0xb5, 0xf6, 0x95, 0xf6, 0x95, 0xee, 0x95, 0xf6, 0xb5, 0xf6, 0xd6, 0xf6,
    0xf6, 0xfe, 0x16, 0xff, 0x16, 0xff, 0x16, 0xff, 0x15, 0xff, 0x15, 0xff,
    0x15, 0xff, 0x15, 0xff, 0x15, 0xff, 0x15, 0xff, 0x15, 0xff, 0x15, 0xff,
    0x15, 0xff, 0x15, 0xff, 0x15, 0xff, 0x15, 0xff, 0x15, 0xff, 0x15, 0xff,
    0x15, 0xff, 0x35, 0xff, 0x35, 0xff, 0x35, 0xff, 0x55, 0xff, 0x55, 0xff,
    0x35, 0xff, 0x35, 0xff, 0x35, 0xff, 0x35, 0xff, 0x15, 0xff, 0x15, 0xff,
    0x14, 0xff, 0x14, 0xff, 0xf4, 0xfe, 0xf4, 0xfe, 0xf4, 0xfe, 0xf4, 0xfe,
    0xf4, 0xfe, 0xf4, 0xfe, 0xf4, 0xfe, 0xd4, 0xfe, 0xd4, 0xfe, 0xd4, 0xfe,
    0xd4, 0xfe, 0xd3, 0xfe, 0xd3, 0xfe, 0xd3, 0xfe, 0xb3, 0xfe, 0xb3, 0xfe,
    0xb3, 0xfe, 0xb3, 0xfe, 0xb3, 0xfe, 0x52, 0xf6, 0xca, 0xab, 0xe7, 0x8a,
    0xe8, 0x8a, 0xe8, 0x8a, 0xc7, 0x8a, 0x05, 0x6a, 0xe7, 0x92, 0x66, 0x7a,
    0xc4, 0x61, 0x86, 0x82, 0xa7, 0x82, 0xa7, 0x82, 0x46, 0x6a, 0x26, 0x6a,
    0x88, 0x72, 0x88, 0x72, 0x47, 0x6a, 0x87, 0x72, 0x46, 0x6a, 0xa4, 0x59,
    0xe5, 0x69, 0x26, 0x72, 0x46, 0x72, 0x87, 0x7a, 0x87, 0x82, 0x45, 0x7a,
    0x25, 0x7a, 0x04, 0x72, 0x04, 0x7a, 0x04, 0x7a, 0xe4, 0x71, 0x24, 0x82,
    0x85, 0x92, 0x04, 0x72, 0x46, 0xab, 0x66, 0x7a, 0xc8, 0x82, 0xa8, 0x82,
    0xc8, 0x8a, 0xc8, 0x82, 0x06, 0x62, 0x06, 0x62, 0x87, 0x72, 0xe9, 0x82,
    0x0a, 0x8b, 0xe9, 0x82, 0xa8, 0x7a, 0x06, 0x62, 0xa7, 0x82, 0xa7, 0x82,
    0x47, 0x6a, 0x64, 0x49, 0xe6, 0x61, 0x67, 0x72, 0xa8, 0x7a, 0x06, 0x62,
    0x27, 0x5a, 0x47, 0x6a, 0x88, 0x72, 0x47, 0x72, 0xc9, 0x82, 0xe9, 0x8a,
    0x0a, 0x8b, 0x4b, 0x8b, 0x2a, 0x83, 0x88, 0x7a, 0x88, 0x7a, 0xc8, 0x8a,
    0x47, 0xab, 0x8e, 0xb4, 0x94, 0xbd, 0x74, 0xbd, 0x94, 0xc5, 0xb5, 0xc5,
    0xb5, 0xc5, 0xb5, 0xc5, 0xb5, 0xc5, 0xb5, 0xc5, 0xb5, 0xc5, 0xb5, 0xc5,
    0xb5, 0xc5, 0xb5, 0xc5, 0xb5, 0xc5, 0xb4, 0xc5, 0xd5, 0xcd, 0xd5, 0xcd,
    0xd5, 0xcd, 0xd4, 0xcd, 0xd5, 0xcd, 0xf5, 0xcd, 0xf5, 0xcd, 0xd5, 0xcd,
    0xf5, 0xcd, 0xf5, 0xcd, 0xf5, 0xd5, 0x35, 0xde, 0x96, 0xee, 0xd6, 0xf6,
    0xf6, 0xfe, 0xf6, 0xfe, 0x16, 0xff, 0x16, 0xff, 0xf6, 0xfe, 0xf6, 0xfe,
    0xf6, 0xfe, 0xf6, 0xfe, 0x17, 0xff, 0x17, 0xff, 0x17, 0xff, 0x17, 0xff,
    0x17, 0xff, 0x17, 0xff, 0x17, 0xff, 0x17, 0xff, 0x17, 0xff, 0x17, 0xff,
    0x17, 0xff, 0x17, 0xff, 0x17, 0xff, 0x17, 0xff, 0x17, 0xff, 0x17, 0xff,
    0x17, 0xff, 0x17, 0xff, 0x17, 0xff, 0x17, 0xff, 0xf6, 0xf6, 0xd6, 0xf6,
    0xb6, 0xee, 0x96, 0xee, 0x96, 0xe6, 0x96, 0xe6, 0xb6, 0xee, 0xf6, 0xf6,
    0x17, 0xff, 0x17, 0xff, 0x37, 0xff, 0x37, 0xff, 0x37, 0xff, 0x37, 0xff,
    0x17, 0xff, 0xf7, 0xf6, 0xb6, 0xee, 0x76, 0xe6, 0x35, 0xde, 0x35, 0xde,
    0x35, 0xde, 0x35, 0xde, 0x35, 0xde, 0x96, 0xee, 0xd6, 0xf6, 0xf6, 0xf6,
    0xd6, 0xf6, 0xf6, 0xf6, 0xf6, 0xf6, 0xb6, 0xee, 0x75, 0xe6, 0x55, 0xe6,
    0x55, 0xe6, 0x96, 0xee, 0xb6, 0xee, 0xb6, 0xee, 0x95, 0xee, 0x55, 0xe6,
    0x55, 0xe6, 0x55, 0xe6, 0x55, 0xe6, 0x55, 0xe6, 0x34, 0xe6, 0x34, 0xe6,
    0x34, 0xe6, 0x55, 0xe6, 0x55, 0xe6, 0x54, 0xee, 0x54, 0xee, 0x54, 0xee,
    0x75, 0xee, 0x75, 0xee, 0x74, 0xee, 0x74, 0xf6, 0x95, 0xf6, 0xb5, 0xf6,
    0xd5, 0xfe, 0xd5, 0xfe, 0xd5, 0xfe, 0xf5, 0xfe, 0xf5, 0xfe, 0xf4, 0xfe,
    0xf4, 0xfe, 0xf4, 0xfe, 0xf4, 0xfe, 0xf4, 0xfe, 0xf4, 0xfe, 0x14, 0xff,
    0x14, 0xff, 0x14, 0xff, 0x14, 0xff, 0x14, 0xff, 0x34, 0xff, 0x35, 0xff,
    0x55, 0xff, 0x55, 0xff, 0x55, 0xff, 0x35, 0xff, 0x14, 0xff, 0x14, 0xff,
    0xf4, 0xfe, 0xf4, 0xfe, 0xf4, 0xfe, 0xf4, 0xfe, 0xd4, 0xfe, 0xd4, 0xfe,
    0xd3, 0xfe, 0xb3, 0xfe, 0xb3, 0xfe, 0xb3, 0xfe, 0xb3, 0xfe, 0xb3, 0xfe,
    0x93, 0xfe, 0x72, 0xf6, 0x72, 0xf6, 0x72, 0xf6, 0x72, 0xf6, 0x72, 0xf6,
    0x52, 0xf6, 0x52, 0xf6, 0x52, 0xf6, 0x32, 0xf6, 0x31, 0xf6, 0x2b, 0xbc,
    0xa6, 0x8a, 0xe8, 0x8a, 0xa7, 0x8a, 0x66, 0x7a, 0xe4, 0x69, 0x87, 0x7a,
    0x45, 0x7a, 0x04, 0x72, 0x86, 0x82, 0x86, 0x82, 0x45, 0x7a, 0xe4, 0x69,
    0x87, 0x72, 0x87, 0x72, 0x67, 0x72, 0x67, 0x72, 0x26, 0x6a, 0x26, 0x6a,
    0x67, 0x72, 0x67, 0x72, 0x26, 0x6a, 0xe5, 0x61, 0x63, 0x51, 0xc4, 0x61,
    0xe4, 0x69, 0x05, 0x6a, 0x25, 0x72, 0x45, 0x7a, 0xa5, 0x92, 0xe3, 0x71,
    0x23, 0x82, 0x44, 0x8a, 0x24, 0x82, 0xe3, 0x79, 0x24, 0x82, 0xa5, 0x92,
    0x66, 0x7a, 0x87, 0x82, 0x66, 0x7a, 0xa7, 0x82, 0xa8, 0x82, 0x67, 0x72,
    0x46, 0x72, 0xe5, 0x61, 0xe9, 0x82, 0x2a, 0x8b, 0x6b, 0x93, 0xe9, 0x82,
    0xa4, 0x59, 0x47, 0x72, 0xe9, 0x82, 0xc8, 0x7a, 0x06, 0x62, 0x88, 0x7a,
    0x88, 0x7a, 0x87, 0x7a, 0x47, 0x6a, 0x06, 0x62, 0x46, 0x6a, 0x05, 0x62,
    0x26, 0x72, 0x05, 0x6a, 0x46, 0x72, 0x87, 0x82, 0xc9, 0x82, 0xa8, 0x7a,
    0x67, 0x72, 0xc8, 0x82, 0x68, 0xab, 0x48, 0x9b, 0x12, 0xb5, 0x13, 0xb5,
    0x13, 0xb5, 0x33, 0xb5, 0x33, 0xb5, 0x53, 0xbd, 0x74, 0xbd, 0x94, 0xc5,
    0xb4, 0xc5, 0xb5, 0xc5, 0xb5, 0xc5, 0xb5, 0xc5, 0xb5, 0xc5, 0xb5, 0xc5,
    0xb5, 0xc5, 0xb5, 0xc5, 0xb5, 0xc5, 0xb4, 0xc5, 0xb5, 0xc5, 0xb5, 0xc5,
    0xb5, 0xc5, 0xd5, 0xcd, 0xd5, 0xcd, 0xd5, 0xcd, 0xd4, 0xcd, 0xd4, 0xcd,
    0xd5, 0xcd, 0xf5, 0xcd, 0x15, 0xd6, 0x75, 0xe6, 0xb6, 0xf6, 0xd6, 0xfe,
    0xf6, 0xfe, 0xf6, 0xfe, 0xf6, 0xfe, 0xf6, 0xfe, 0xf6, 0xfe, 0xf7, 0xfe,
    0xf7, 0xfe, 0xf7, 0xfe, 0xd6, 0xf6, 0xd6, 0xf6, 0xb6, 0xf6, 0xb6, 0xf6,
    0xd6, 0xf6, 0xd6, 0xf6, 0xd6, 0xf6, 0xd6, 0xf6, 0xd6, 0xf6, 0xd6, 0xf6,
    0xd6, 0xf6, 0x96, 0xee, 0x96, 0xee, 0x76, 0xe6, 0x35, 0xde, 0x15, 0xd6,
    0xf5, 0xd5, 0x15, 0xd6, 0x15, 0xd6, 0x15, 0xd6, 0x15, 0xd6, 0x15, 0xd6,
    0x15, 0xde, 0x15, 0xde, 0x15, 0xde, 0x15, 0xde, 0x35, 0xde, 0x55, 0xde,
    0x35, 0xde, 0x35, 0xde, 0x15, 0xd6, 0x15, 0xd6, 0x15, 0xd6, 0x15, 0xd6,
    0x15, 0xd6, 0x15, 0xd6, 0x15, 0xde, 0x15, 0xde, 0x15, 0xde, 0x15, 0xde,
    0x15, 0xde, 0x15, 0xd6, 0xf4, 0xd5, 0x15, 0xd6, 0x15, 0xde, 0x15, 0xde,
    0x15, 0xde, 0x15, 0xde, 0x15, 0xde, 0x15, 0xde, 0x35, 0xde, 0x15, 0xde,
    0x14, 0xde, 0x14, 0xde, 0x15, 0xde, 0x14, 0xde, 0x14, 0xde, 0x14, 0xde,
    0x14, 0xde, 0x14, 0xde, 0x14, 0xe6, 0x34, 0xe6, 0x34, 0xe6, 0x34, 0xe6,
    0x34, 0xe6, 0x34, 0xe6, 0x54, 0xee, 0x54, 0xee, 0x54, 0xee, 0x54, 0xee,
    0x54, 0xee, 0x54, 0xee, 0x54, 0xee, 0x74, 0xf6, 0x74, 0xf6, 0x74, 0xf6,
    0x94, 0xf6, 0x94, 0xf6, 0xb4, 0xfe, 0xb4, 0xfe, 0xb4, 0xfe, 0xb4, 0xfe,
    0xd4, 0xfe, 0xd4, 0xfe, 0xd4, 0xfe, 0xd4, 0xfe, 0xf4, 0xfe, 0xf4, 0xfe,
    0xf4, 0xfe, 0xf4, 0xfe, 0xf4, 0xfe, 0x14, 0xff, 0xf4, 0xfe, 0xf4, 0xfe,
    0xf4, 0xfe, 0xd4, 0xfe, 0xb3, 0xfe, 0x93, 0xf6, 0x73, 0xf6, 0x52, 0xf6,
    0x32, 0xf6, 0x72, 0xf6, 0x11, 0xee, 0x11, 0xee, 0xf1, 0xed, 0x90, 0xdd,
    0xee, 0xcc, 0x6d, 0xbc, 0x4c, 0xb4, 0x0b, 0xac, 0xeb, 0xab, 0x0b, 0xac,
    0x6d, 0xbc, 0xee, 0xcc, 0x4f, 0xd5, 0xee, 0xcc, 0xcd, 0xcc, 0xee, 0xcc,
    0xea, 0xb3, 0xe8, 0x92, 0x08, 0x93, 0xc8, 0x82, 0xe8, 0x8a, 0x45, 0x7a,
    0x04, 0x6a, 0x25, 0x72, 0x25, 0x72, 0x65, 0x7a, 0x46, 0x7a, 0x66, 0x82,
    0x65, 0x7a, 0x46, 0x7a, 0x26, 0x6a, 0x46, 0x6a, 0x26, 0x6a, 0x05, 0x62,
    0x46, 0x6a, 0x26, 0x6a, 0x46, 0x72, 0xa7, 0x82, 0x87, 0x7a, 0x67, 0x7a,
    0x46, 0x72, 0x25, 0x72, 0x46, 0x72, 0x46, 0x7a, 0xa7, 0x8a, 0xc7, 0x92,
    0x86, 0x8a, 0x65, 0x82, 0x44, 0x82, 0x45, 0x82, 0x24, 0x7a, 0x04, 0x7a,
    0xc5, 0x9a, 0x46, 0xbb, 0x06, 0x9b, 0x87, 0x7a, 0x67, 0x72, 0x46, 0x72,
    0x67, 0x72, 0x67, 0x72, 0x87, 0x7a, 0x47, 0x6a, 0x67, 0x7a, 0x66, 0x72,
    0x87, 0x7a, 0x66, 0x7a, 0x05, 0x62, 0x26, 0x6a, 0x87, 0x82, 0xc8, 0x82,
    0x67, 0x72, 0x06, 0x6a, 0x26, 0x6a, 0x87, 0x82, 0xc7, 0x82, 0x46, 0x6a,
    0x06, 0x5a, 0x06, 0x62, 0x46, 0x72, 0x46, 0x6a, 0x66, 0x7a, 0x87, 0x82,
    0x87, 0x82, 0xa7, 0x8a, 0x67, 0x7a, 0xa7, 0x82, 0x86, 0x82, 0xc6, 0x9a,
    0xab, 0xa3, 0x4e, 0xac, 0xd1, 0xb4, 0xd1, 0xac, 0xd1, 0xac, 0xf2, 0xac,
    0x33, 0xb5, 0x33, 0xb5, 0x33, 0xb5, 0x33, 0xb5, 0x53, 0xbd, 0x53, 0xbd,
    0x74, 0xbd, 0x94, 0xc5, 0xb5, 0xc5, 0xb5, 0xc5, 0xb4, 0xc5, 0xb5, 0xc5,
    0x94, 0xc5, 0xb5, 0xc5, 0xb4, 0xc5, 0xb5, 0xc5, 0xb4, 0xc5, 0xb4, 0xc5,
    0xb4, 0xc5, 0xb4, 0xc5, 0xb4, 0xc5, 0xb4, 0xc5, 0xb4, 0xc5, 0xb4, 0xc5,
    0xb4, 0xc5, 0xb4, 0xc5, 0xd4, 0xcd, 0xf5, 0xcd, 0xf5, 0xd5, 0x15, 0xd6,
    0x15, 0xd6, 0x15, 0xd6, 0x35, 0xd6, 0x36, 0xde, 0x36, 0xde, 0x56, 0xde,
    0x56, 0xde, 0x56, 0xde, 0x36, 0xde, 0x15, 0xde, 0x15, 0xd6, 0x15, 0xd6,
    0xf5, 0xcd, 0xd5, 0xcd, 0xd4, 0xcd, 0xd5, 0xcd, 0xd5, 0xcd, 0xd5, 0xcd,
    0xd5, 0xcd, 0xd5, 0xcd, 0xd5, 0xcd, 0xd5, 0xcd, 0xf5, 0xcd, 0xf5, 0xcd,
    0xf5, 0xcd, 0xf5, 0xd5, 0xf5, 0xcd, 0xf5, 0xcd, 0xd4, 0xcd, 0xd4, 0xcd,
    0xd5, 0xcd, 0xd5, 0xcd, 0xd5, 0xcd, 0xd5, 0xcd, 0xf5, 0xcd, 0xf5, 0xd5,
    0xf5, 0xd5, 0xf5, 0xd5, 0xf5, 0xd5, 0xf4, 0xd5, 0xf4, 0xd5, 0xf5, 0xd5,
    0xf4, 0xd5, 0xd4, 0xcd, 0xf4, 0xd5, 0xf4, 0xd5, 0xf4, 0xd5, 0xf4, 0xd5,
    0xf4, 0xd5, 0xf4, 0xd5, 0xf4, 0xd5, 0xf4, 0xd5, 0xf4, 0xd5, 0xf4, 0xd5,
    0xf4, 0xdd, 0x14, 0xde, 0x14, 0xde, 0xf4, 0xdd, 0xf4, 0xdd, 0xf4, 0xdd,
    0xf4, 0xdd, 0xf4, 0xdd, 0x14, 0xde, 0x14, 0xde, 0x14, 0xde, 0x14, 0xde,
    0x14, 0xe6, 0x14, 0xe6, 0x34, 0xe6, 0x34, 0xe6, 0x34, 0xe6, 0x34, 0xe6,
    0x34, 0xee, 0x54, 0xee, 0x54, 0xee, 0x54, 0xee, 0x54, 0xee, 0x54, 0xee,
    0x54, 0xee, 0x54, 0xf6, 0x74, 0xf6, 0x74, 0xf6, 0x94, 0xf6, 0x94, 0xf6,
    0x94, 0xf6, 0x94, 0xfe, 0xb4, 0xfe, 0xb4, 0xfe, 0xb4, 0xfe, 0xd4, 0xfe,
    0xd4, 0xfe, 0xd4, 0xfe, 0xd4, 0xfe, 0xb3, 0xfe, 0x73, 0xf6, 0x52, 0xf6,
    0x11, 0xee, 0xd0, 0xed, 0xf1, 0xed, 0xd0, 0xed, 0xb0, 0xe5, 0xb0, 0xe5,
    0xb0, 0xe5, 0x90, 0xe5, 0x90, 0xdd, 0x6f, 0xdd, 0x70, 0xdd, 0x70, 0xdd,
    0xca, 0xab, 0xa6, 0x82, 0x86, 0x82, 0xa7, 0x82, 0x66, 0x7a, 0x45, 0x72,
    0x45, 0x7a, 0x85, 0x82, 0x86, 0x7a, 0xa7, 0x82, 0x46, 0x72, 0x66, 0x7a,
    0x86, 0x7a, 0xc8, 0x8a, 0xe8, 0x8a, 0x09, 0x8b, 0xa7, 0x82, 0xc8, 0x82,
    0xa8, 0x82, 0x25, 0x72, 0xc7, 0x8a, 0xa7, 0x82, 0xc8, 0x8a, 0xa7, 0x82,
    0x87, 0x7a, 0x86, 0x7a, 0xa7, 0x82, 0xa7, 0x82, 0xa4, 0x59, 0xa4, 0x59,
    0xc4, 0x61, 0x04, 0x6a, 0x05, 0x6a, 0x25, 0x72, 0x25, 0x72, 0x04, 0x72,
    0x04, 0x72, 0x04, 0x72, 0xe4, 0x71, 0xe4, 0x69, 0x04, 0x7a, 0x04, 0x7a,
    0x86, 0x92, 0x07, 0xab, 0x45, 0x82, 0xa5, 0x9a, 0x24, 0x82, 0x65, 0x92,
    0x24, 0x82, 0x44, 0x8a, 0x64, 0x92, 0x26, 0xab, 0xc7, 0xc3, 0xa6, 0x8a,
    0x67, 0x72, 0x25, 0x72, 0xc8, 0x8a, 0xe9, 0x82, 0xe9, 0x82, 0xa8, 0x7a,
    0x0a, 0x8b, 0xc9, 0x82, 0xc8, 0x82, 0x09, 0x8b, 0xe9, 0x82, 0x68, 0x72,
    0x47, 0x6a, 0xc8, 0x82, 0xe9, 0x82, 0x47, 0x6a, 0x47, 0x6a, 0xc9, 0x82,
    0xa8, 0x7a, 0x06, 0x62, 0xa5, 0x49, 0xe6, 0x59, 0x06, 0x62, 0xc5, 0x59,
    0x66, 0x7a, 0xa7, 0x8a, 0x87, 0x82, 0x66, 0x7a, 0x26, 0x6a, 0x46, 0x7a,
    0x66, 0x82, 0xe5, 0xa2, 0x49, 0x9b, 0xac, 0x9b, 0x0c, 0xb4, 0x8c, 0x9b,
    0x4b, 0x83, 0x4b, 0x83, 0xed, 0x9b, 0xb0, 0xac, 0xd1, 0xac, 0x12, 0xb5,
    0x12, 0xb5, 0xf2, 0xac, 0x33, 0xb5, 0x12, 0xb5, 0xd1, 0xac, 0xf2, 0xb4,
    0x74, 0xbd, 0x94, 0xbd, 0x94, 0xbd, 0x94, 0xbd, 0x94, 0xbd, 0x94, 0xbd,
    0x94, 0xc5, 0x94, 0xc5, 0x94, 0xc5, 0x94, 0xc5, 0x94, 0xc5, 0x94, 0xc5,
    0x94, 0xbd, 0x94, 0xbd, 0x94, 0xbd, 0x94, 0xbd, 0x94, 0xbd, 0x74, 0xbd,
    0x74, 0xbd, 0x74, 0xbd, 0x94, 0xc5, 0x94, 0xc5, 0x94, 0xc5, 0xb4, 0xc5,
    0xd4, 0xcd, 0xd5, 0xcd, 0xb4, 0xcd, 0xb4, 0xc5, 0xb4, 0xc5, 0xb4, 0xc5,
    0xb4, 0xc5, 0xb4, 0xc5, 0xb4, 0xc5, 0xb4, 0xc5, 0xb4, 0xc5, 0xb4, 0xc5,
    0xb4, 0xc5, 0xb4, 0xc5, 0xb4, 0xc5, 0xb4, 0xc5, 0xb4, 0xc5, 0xb4, 0xc5,
    0xb4, 0xc5, 0xb4, 0xc5, 0xb5, 0xc5, 0xd5, 0xc5, 0xb4, 0xc5, 0xb4, 0xc5,
    0xb4, 0xc5, 0xb4, 0xc5, 0xb4, 0xcd, 0xb4, 0xcd, 0xb4, 0xcd, 0xd4, 0xcd,
    0xd4, 0xcd, 0xd4, 0xcd, 0xd4, 0xcd, 0xd4, 0xcd, 0xb4, 0xcd, 0xb4, 0xcd,
    0xb4, 0xcd, 0xb4, 0xcd, 0xd4, 0xcd, 0xd4, 0xcd, 0xb4, 0xcd, 0xd4, 0xcd,
    0xd4, 0xcd, 0xd4, 0xcd, 0xd4, 0xcd, 0xd4, 0xd5, 0xd4, 0xd5, 0xf4, 0xd5,
    0xf4, 0xd5, 0xf4, 0xd5, 0xf4, 0xd5, 0xf4, 0xd5, 0xf4, 0xd5, 0xf4, 0xd5,
    0xf4, 0xd5, 0xf4, 0xd5, 0xf4, 0xdd, 0xf4, 0xdd, 0xf4, 0xdd, 0xf4, 0xdd,
    0xf4, 0xdd, 0xf4, 0xdd, 0xf4, 0xdd, 0x14, 0xe6, 0x14, 0xe6, 0x14, 0xe6,
    0x14, 0xe6, 0x34, 0xe6, 0x34, 0xe6, 0x34, 0xe6, 0x34, 0xee, 0x34, 0xee,
    0x54, 0xee, 0x54, 0xee, 0x54, 0xee, 0x54, 0xee, 0x54, 0xee, 0x54, 0xee,
    0x74, 0xf6, 0x74, 0xf6, 0x74, 0xf6, 0x73, 0xf6, 0x73, 0xf6, 0x74, 0xf6,
    0x94, 0xfe, 0x53, 0xf6, 0x12, 0xee, 0xf1, 0xed, 0xb0, 0xe5, 0xb0, 0xe5,
    0xb0, 0xe5, 0xb0, 0xe5, 0xb0, 0xe5, 0xb0, 0xe5, 0x90, 0xe5, 0x90, 0xe5,
    0x90, 0xe5, 0x90, 0xdd, 0x90, 0xdd, 0x90, 0xdd, 0x70, 0xdd, 0x2c, 0xbc,
    0x49, 0x9b, 0x49, 0x9b, 0x29, 0x93, 0x09, 0x93, 0xc8, 0x82, 0x46, 0x72,
    0xe4, 0x61, 0xc4, 0x59, 0xe4, 0x61, 0x46, 0x72, 0xa7, 0x7a, 0xa7, 0x7a,
    0x09, 0x8b, 0x6a, 0x93, 0x6a, 0x9b, 0x4a, 0x93, 0x29, 0x93, 0x09, 0x8b,
    0xe9, 0x82, 0xc8, 0x82, 0x67, 0x72, 0x67, 0x72, 0x87, 0x7a, 0xa7, 0x8a,
    0xa7, 0x82, 0xa7, 0x82, 0x66, 0x7a, 0x66, 0x7a, 0xa7, 0x82, 0x87, 0x7a,
    0x02, 0x39, 0x22, 0x41, 0x63, 0x51, 0x63, 0x51, 0x83, 0x59, 0x83, 0x59,
    0xa3, 0x69, 0xc3, 0x69, 0xe4, 0x71, 0x04, 0x7a, 0x24, 0x8a, 0x44, 0x8a,
    0x64, 0x92, 0xa5, 0x9a, 0xa5, 0x9a, 0x03, 0x82, 0xc3, 0x69, 0x64, 0x92,
    0x24, 0x82, 0xe3, 0x71, 0xe3, 0x79, 0x24, 0x82, 0x44, 0x82, 0x85, 0x92,
    0x85, 0x8a, 0xe6, 0x9a, 0x66, 0x82, 0x26, 0x72, 0x66, 0x7a, 0x66, 0x7a,
    0x26, 0x72, 0x26, 0x62, 0x88, 0x72, 0x47, 0x6a, 0x06, 0x62, 0x26, 0x62,
    0xe9, 0x82, 0xa8, 0x7a, 0x27, 0x62, 0xc5, 0x51, 0xa8, 0x72, 0x2a, 0x8b,
    0xa8, 0x72, 0xc9, 0x7a, 0x0a, 0x83, 0x2a, 0x8b, 0x4a, 0x8b, 0xe9, 0x82,
    0xa8, 0x7a, 0xc9, 0x82, 0xc8, 0x82, 0xa8, 0x82, 0xa8, 0x82, 0xa7, 0x82,
    0xc8, 0x82, 0x26, 0x6a, 0x08, 0x93, 0x67, 0xb3, 0x27, 0xa3, 0xea, 0x7a,
    0x2a, 0x93, 0x4a, 0x9b, 0xcb, 0xab, 0x6b, 0x93, 0x2b, 0x83, 0x6b, 0x8b,
    0x4b, 0x8b, 0x6c, 0x8b, 0x6c, 0x83, 0x4c, 0x83, 0x4c, 0x7b, 0x2b, 0x7b,
    0x4c, 0x83, 0x4b, 0x83, 0x6c, 0x83, 0xed, 0x9b, 0xd1, 0xac, 0x74, 0xbd,
    0x74, 0xbd, 0x53, 0xb5, 0x33, 0xb5, 0x74, 0xbd, 0x74, 0xbd, 0x74, 0xbd,
    0x74, 0xbd, 0x74, 0xbd, 0x74, 0xbd, 0x74, 0xbd, 0x74, 0xbd, 0x74, 0xbd,
    0x74, 0xbd, 0x74, 0xbd, 0x74, 0xbd, 0x74, 0xbd, 0x74, 0xbd, 0x74, 0xbd,
    0x74, 0xbd, 0x53, 0xb5, 0xf2, 0xac, 0x90, 0xa4, 0x90, 0xa4, 0x90, 0xa4,
    0x90, 0xa4, 0x90, 0xa4, 0x90, 0xa4, 0x90, 0xa4, 0x90, 0xa4, 0x90, 0xa4,
    0xb1, 0xac, 0xf2, 0xac, 0x53, 0xbd, 0x74, 0xbd, 0x94, 0xc5, 0x94, 0xbd,
    0x94, 0xc5, 0x94, 0xbd, 0x94, 0xc5, 0xb4, 0xc5, 0xb4, 0xc5, 0xb4, 0xc5,
    0xb4, 0xc5, 0xb4, 0xc5, 0xb4, 0xc5, 0xb4, 0xc5, 0xb4, 0xc5, 0xb4, 0xc5,
    0xb4, 0xc5, 0x94, 0xc5, 0x94, 0xc5, 0xb4, 0xc5, 0x94, 0xc5, 0x94, 0xc5,
    0x94, 0xc5, 0x94, 0xc5, 0xb4, 0xc5, 0xb4, 0xc5, 0xb4, 0xc5, 0xb4, 0xcd,
    0xb4, 0xcd, 0xb4, 0xcd, 0xb4, 0xcd, 0xb4, 0xcd, 0xb4, 0xcd, 0xd4, 0xcd,
    0xd4, 0xd5, 0xd4, 0xd5, 0xd4, 0xd5, 0xd4, 0xd5, 0xd4, 0xd5, 0xd4, 0xd5,
    0xd4, 0xd5, 0xd4, 0xd5, 0xd4, 0xd5, 0xd4, 0xd5, 0xd4, 0xd5, 0xd4, 0xd5,
    0xf4, 0xdd, 0xf4, 0xdd, 0xf4, 0xdd, 0xf3, 0xdd, 0xf4, 0xdd, 0xf4, 0xdd,
    0x14, 0xde, 0x14, 0xe6, 0x13, 0xe6, 0x13, 0xe6, 0x14, 0xe6, 0x14, 0xe6,
    0x34, 0xe6, 0x34, 0xe6, 0x34, 0xe6, 0x34, 0xee, 0x34, 0xee, 0x54, 0xee,
    0x54, 0xee, 0x33, 0xee, 0x33, 0xee, 0x13, 0xee, 0x12, 0xee, 0xf2, 0xe5,
    0xd2, 0xe5, 0xd1, 0xe5, 0xb1, 0xdd, 0x90, 0xdd, 0x90, 0xdd, 0x90, 0xdd,
    0x90, 0xdd, 0x70, 0xdd, 0x70, 0xdd, 0x70, 0xdd, 0x70, 0xdd, 0x70, 0xdd,
    0x70, 0xdd, 0x70, 0xdd, 0x70, 0xdd, 0x90, 0xdd, 0x70, 0xdd, 0xce, 0xc4,
    0x6c, 0xc4, 0xc7, 0x8a, 0xc7, 0x8a, 0x09, 0x8b, 0x4a, 0x9b, 0x6a, 0x9b,
    0x4a, 0x93, 0xe9, 0x82, 0x67, 0x72, 0x66, 0x72, 0x67, 0x72, 0xa7, 0x7a,
    0xc8, 0x82, 0x09, 0x8b, 0x09, 0x8b, 0x09, 0x8b, 0x29, 0x93, 0xe8, 0x8a,
    0xa7, 0x82, 0x87, 0x82, 0x46, 0x72, 0x05, 0x6a, 0xe4, 0x61, 0x26, 0x6a,
    0xa8, 0x7a, 0x08, 0x8b, 0xc8, 0x8a, 0x87, 0x7a, 0xc8, 0x82, 0xc8, 0x82,
    0xc8, 0x82, 0xc8, 0x82, 0x43, 0x41, 0x43, 0x41, 0x43, 0x41, 0x23, 0x41,
    0x63, 0x51, 0xc4, 0x61, 0xa3, 0x59, 0x83, 0x59, 0x63, 0x59, 0x83, 0x61,
    0x83, 0x61, 0xc3, 0x69, 0xe3, 0x71, 0xe3, 0x71, 0xc3, 0x71, 0xe3, 0x79,
    0x03, 0x82, 0xe3, 0x81, 0xc2, 0x79, 0xe3, 0x81, 0x23, 0x8a, 0x23, 0x8a,
    0x23, 0x82, 0x23, 0x82, 0x64, 0x8a, 0xe5, 0xaa, 0xc5, 0xa2, 0x66, 0x82,
    0x05, 0x72, 0xe5, 0x69, 0x05, 0x72, 0x05, 0x6a, 0x25, 0x72, 0x45, 0x7a,
    0x66, 0x82, 0x65, 0x82, 0x86, 0x82, 0x66, 0x7a, 0x66, 0x82, 0xa7, 0x82,
    0x87, 0x82, 0xe9, 0x8a, 0xe9, 0x82, 0x09, 0x8b, 0x09, 0x8b, 0x87, 0x7a,
    0x87, 0x7a, 0x87, 0x82, 0xe9, 0x8a, 0x87, 0x72, 0xa8, 0x82, 0xc8, 0x82,
    0xa8, 0x82, 0xe8, 0x8a, 0x49, 0x9b, 0xa7, 0x82, 0xa8, 0x82, 0x48, 0xa3,
    0xa8, 0xbb, 0xe9, 0x7a, 0xea, 0x72, 0xea, 0x7a, 0x6a, 0xa3, 0xaa, 0xab,
    0x0a, 0x83, 0x0a, 0x83, 0x6b, 0x93, 0x4a, 0x93, 0x6a, 0x9b, 0x2b, 0x83,
    0x6c, 0x83, 0x2b, 0x7b, 0x0b, 0x7b, 0x0b, 0x7b, 0x2b, 0x7b, 0x2b, 0x83,
    0x2b, 0x83, 0xac, 0x93, 0x6f, 0xa4, 0xad, 0x8b, 0x6c, 0x83, 0xce, 0x93,
    0x32, 0xb5, 0x53, 0xb5, 0x53, 0xb5, 0x53, 0xb5, 0x53, 0xb5, 0x53, 0xbd,
    0x53, 0xbd, 0x53, 0xbd, 0x53, 0xbd, 0x53, 0xbd, 0x53, 0xbd, 0x53, 0xbd,
    0x12, 0xb5, 0xd1, 0xac, 0xb1, 0xa4, 0x70, 0x9c, 0x70, 0x9c, 0x70, 0x9c,
    0x70, 0x9c, 0x90, 0xa4, 0x90, 0xa4, 0x70, 0x9c, 0x70, 0x9c, 0x70, 0x9c,
    0x70, 0x9c, 0x70, 0x9c, 0x90, 0xa4, 0x90, 0xa4, 0x90, 0xa4, 0x90, 0xa4,
    0xd1, 0xac, 0x33, 0xb5, 0x73, 0xbd, 0x74, 0xbd, 0x74, 0xbd, 0x74, 0xbd,
    0x94, 0xbd, 0x74, 0xbd, 0x74, 0xbd, 0x74, 0xbd, 0x94, 0xc5, 0x94, 0xc5,
    0x94, 0xc5, 0x94, 0xc5, 0x94, 0xc5, 0x94, 0xc5, 0x74, 0xc5, 0x94, 0xc5,
    0x94, 0xc5, 0x94, 0xc5, 0x94, 0xc5, 0x94, 0xc5, 0x94, 0xc5, 0x94, 0xc5,
    0x94, 0xc5, 0x94, 0xc5, 0x94, 0xc5, 0x93, 0xc5, 0x93, 0xcd, 0xb3, 0xcd,
    0x93, 0xcd, 0x93, 0xcd, 0x93, 0xcd, 0x93, 0xcd, 0xb3, 0xcd, 0xb3, 0xcd,
    0xb3, 0xd5, 0xd3, 0xd5, 0xd3, 0xd5, 0xb3, 0xd5, 0xd3, 0xd5, 0xd3, 0xd5,
    0xd3, 0xd5, 0xd3, 0xd5, 0xd3, 0xd5, 0xd3, 0xd5, 0xd3, 0xd5, 0xb3, 0xd5,
    0xd3, 0xd5, 0xd3, 0xdd, 0xd3, 0xdd, 0xd3, 0xdd, 0xd3, 0xdd, 0xd3, 0xdd,
    0xf3, 0xdd, 0xf3, 0xdd, 0xf3, 0xdd, 0xf3, 0xdd, 0xd2, 0xdd, 0xd2, 0xdd,
    0xb2, 0xdd, 0x91, 0xd5, 0x50, 0xd5, 0x50, 0xd5, 0x50, 0xd5, 0x70, 0xd5,
    0x50, 0xd5, 0x0f, 0xcd, 0xef, 0xc4, 0x2d, 0xb4, 0xcb, 0xa3, 0xcb, 0xa3,
    0xab, 0x9b, 0xab, 0xa3, 0x0c, 0xac, 0xae, 0xc4, 0xad, 0xc4, 0xee, 0xcc,
    0x0e, 0xcd, 0xee, 0xcc, 0xee, 0xcc, 0xee, 0xcc, 0xad, 0xc4, 0x89, 0xa3,
    0x8a, 0xa3, 0x08, 0x93, 0x4a, 0x9b, 0x8b, 0x9b, 0x6b, 0x9b, 0x4a, 0x93,
    0x09, 0x8b, 0xe9, 0x8a, 0x09, 0x8b, 0x0a, 0x8b, 0x2a, 0x8b, 0x2a, 0x8b,
    0x2a, 0x8b, 0x0a, 0x8b, 0x2a, 0x8b, 0x4b, 0x8b, 0x2a, 0x83, 0xe9, 0x7a,
    0xc9, 0x82, 0xa8, 0x7a, 0xc8, 0x82, 0xc8, 0x82, 0xc8, 0x82, 0xc8, 0x82,
    0xc8, 0x82, 0xe9, 0x8a, 0x09, 0x83, 0x09, 0x8b, 0x29, 0x8b, 0x29, 0x8b,
    0x09, 0x8b, 0xe8, 0x8a, 0xc8, 0x82, 0x87, 0x7a, 0x02, 0x31, 0x02, 0x39,
    0x23, 0x39, 0x03, 0x31, 0x03, 0x39, 0xc4, 0x61, 0x04, 0x6a, 0x04, 0x6a,
    0x83, 0x59, 0x63, 0x51, 0xc4, 0x59, 0xa4, 0x59, 0xc4, 0x61, 0xc4, 0x61,
    0x04, 0x72, 0xa5, 0x92, 0xa4, 0x9a, 0x04, 0x7a, 0x24, 0x82, 0x04, 0x7a,
    0x24, 0x82, 0x44, 0x82, 0x65, 0x8a, 0x85, 0x8a, 0x65, 0x82, 0x06, 0xa3,
    0xe5, 0xa2, 0xc3, 0x71, 0x63, 0x61, 0x62, 0x59, 0x62, 0x61, 0x83, 0x61,
    0xc3, 0x69, 0x04, 0x7a, 0x04, 0x7a, 0xe3, 0x79, 0xc3, 0x71, 0xe4, 0x79,
    0xe4, 0x79, 0x04, 0x7a, 0x04, 0x82, 0x24, 0x8a, 0xe4, 0x79, 0x04, 0x72,
    0x04, 0x7a, 0x05, 0x72, 0xa8, 0x82, 0x87, 0x82, 0xa7, 0x8a, 0xc7, 0x8a,
    0x05, 0x72, 0xa7, 0x8a, 0xa6, 0x8a, 0xa6, 0x92, 0xc7, 0x92, 0x66, 0x7a,
    0x66, 0x82, 0x86, 0x82, 0x06, 0x9b, 0xa6, 0x8a, 0x2a, 0x8b, 0xc9, 0x72,
    0xca, 0x7a, 0x2a, 0x8b, 0x8a, 0xab, 0xea, 0x7a, 0xea, 0x7a, 0x2a, 0x8b,
    0x49, 0x9b, 0x8b, 0xa3, 0x6b, 0x8b, 0x4b, 0x83, 0x2b, 0x7b, 0x0b, 0x73,
    0x0b, 0x73, 0xea, 0x72, 0x0b, 0x7b, 0xea, 0x7a, 0x6b, 0x93, 0x8c, 0x93,
    0x6c, 0x8b, 0x8c, 0x8b, 0xcd, 0x9b, 0x4f, 0x9c, 0x90, 0xa4, 0x90, 0xa4,
    0xd2, 0xac, 0xf2, 0xac, 0xd2, 0xa4, 0xd2, 0xa4, 0xb1, 0x9c, 0x91, 0x9c,
    0x71, 0x94, 0x50, 0x94, 0x50, 0x94, 0x50, 0x94, 0x50, 0x94, 0x70, 0x9c,
    0x70, 0x9c, 0x50, 0x9c, 0x50, 0x94, 0x50, 0x9c, 0x70, 0x9c, 0x70, 0x9c,
    0x70, 0x9c, 0x70, 0x9c, 0x70, 0x9c, 0x70, 0x9c, 0x70, 0x9c, 0x70, 0x9c,
    0x70, 0x9c, 0x70, 0x9c, 0x70, 0xa4, 0x90, 0xa4, 0xb1, 0xa4, 0xf2, 0xac,
    0x12, 0xb5, 0x12, 0xb5, 0x12, 0xb5, 0x12, 0xb5, 0x12, 0xb5, 0x12, 0xb5,
    0x12, 0xb5, 0x12, 0xb5, 0x12, 0xb5, 0x12, 0xb5, 0x12, 0xb5, 0x12, 0xb5,
    0x12, 0xb5, 0x12, 0xb5, 0x12, 0xb5, 0x32, 0xb5, 0x12, 0xb5, 0xd1, 0xac,
    0xb0, 0xac, 0x4f, 0x9c, 0x6f, 0xa4, 0x6f, 0xa4, 0x6f, 0xa4, 0x6f, 0xa4,
    0x4e, 0xa4, 0x4e, 0xa4, 0x4f, 0xa4, 0x4f, 0xa4, 0x4e, 0xa4, 0x6e, 0xac,
    0x4e, 0xa4, 0x4e, 0xa4, 0x4e, 0xac, 0x6e, 0xac, 0x6f, 0xac, 0x6f, 0xac,
    0x8f, 0xac, 0x8f, 0xac, 0x8f, 0xb4, 0x6f, 0xac, 0x8f, 0xb4, 0xaf, 0xb4,
    0xaf, 0xb4, 0x10, 0xc5, 0x51, 0xcd, 0x71, 0xcd, 0x71, 0xcd, 0x71, 0xcd,
    0x71, 0xcd, 0x71, 0xcd, 0x72, 0xd5, 0xf0, 0xc4, 0x4e, 0xac, 0xec, 0x9b,
    0xec, 0x9b, 0xcc, 0x9b, 0xcc, 0x9b, 0x4d, 0xb4, 0x0f, 0xcd, 0x30, 0xcd,
    0x30, 0xcd, 0x4c, 0xbc, 0x08, 0x93, 0xc7, 0x8a, 0xa7, 0x82, 0xc8, 0x8a,
    0xc8, 0x82, 0x87, 0x7a, 0xe9, 0x82, 0xe8, 0x82, 0x87, 0x72, 0x87, 0x7a,
    0x87, 0x7a, 0xc8, 0x82, 0xc7, 0x82, 0xe8, 0x8a, 0xc7, 0x8a, 0x86, 0x82,
    0xc7, 0x8a, 0x08, 0x93, 0x4a, 0x9b, 0x8b, 0x9b, 0x29, 0x93, 0xe8, 0x8a,
    0xe8, 0x8a, 0x09, 0x8b, 0x2a, 0x93, 0x4a, 0x93, 0x4a, 0x93, 0x2a, 0x8b,
    0x2a, 0x8b, 0x09, 0x8b, 0xc9, 0x82, 0xc8, 0x82, 0xc9, 0x82, 0xa8, 0x7a,
    0x88, 0x72, 0x88, 0x72, 0x67, 0x6a, 0x88, 0x72, 0xc8, 0x82, 0x87, 0x7a,
    0xa7, 0x82, 0xc8, 0x8a, 0xc8, 0x82, 0x87, 0x7a, 0xc8, 0x82, 0xe8, 0x82,
    0xc8, 0x82, 0xa8, 0x7a, 0xa7, 0x7a, 0x66, 0x72, 0x26, 0x6a, 0x67, 0x7a,
    0xc2, 0x20, 0xc2, 0x28, 0x43, 0x39, 0xc5, 0x51, 0xa4, 0x51, 0x63, 0x49,
    0xa4, 0x59, 0xc4, 0x61, 0xa4, 0x59, 0xe4, 0x69, 0x05, 0x6a, 0x05, 0x72,
    0x05, 0x6a, 0x05, 0x72, 0x87, 0x82, 0xc7, 0x82, 0xc6, 0x8a, 0xc5, 0x92,
    0x44, 0x8a, 0x44, 0x82, 0x44, 0x82, 0x44, 0x8a, 0x85, 0x92, 0x85, 0x92,
    0x65, 0x8a, 0xc5, 0x9a, 0x05, 0xab, 0x24, 0x7a, 0xc4, 0x61, 0xc4, 0x69,
    0xc4, 0x61, 0xc4, 0x69, 0xc4, 0x61, 0xc4, 0x69, 0xc4, 0x69, 0x83, 0x59,
    0x42, 0x51, 0xa3, 0x69, 0xc3, 0x69, 0xc3, 0x71, 0xa3, 0x69, 0xa3, 0x61,
    0xc4, 0x61, 0x46, 0x7a, 0x25, 0x72, 0x25, 0x72, 0xc4, 0x69, 0x45, 0x82,
    0x65, 0x82, 0x04, 0x72, 0xe4, 0x71, 0x44, 0x82, 0x65, 0x8a, 0x85, 0x92,
    0x65, 0x8a, 0x45, 0x82, 0x65, 0x8a, 0x45, 0x82, 0x64, 0x8a, 0x85, 0x92,
    0xc7, 0x8a, 0xa7, 0x8a, 0xa8, 0x7a, 0xea, 0x82, 0x09, 0x8b, 0x6a, 0x9b,
    0x6a, 0x93, 0xea, 0x7a, 0x0a, 0x83, 0x0a, 0x83, 0x2a, 0x8b, 0x4b, 0x93,
    0x6c, 0x8b, 0x4c, 0x83, 0x2b, 0x7b, 0x0b, 0x7b, 0xca, 0x72, 0xea, 0x72,
    0xea, 0x72, 0x4b, 0x8b, 0x8c, 0x93, 0xad, 0x93, 0x8c, 0x8b, 0x8c, 0x93,
    0x8c, 0x93, 0xce, 0x8b, 0xce, 0x8b, 0xcd, 0x8b, 0xee, 0x93, 0xee, 0x93,
    0x0f, 0x94, 0x2f, 0x94, 0x50, 0x94, 0x2f, 0x94, 0x30, 0x94, 0x30, 0x94,
    0x50, 0x94, 0x2f, 0x94, 0x70, 0x9c, 0x50, 0x94, 0x50, 0x9c, 0x70, 0x9c,
    0x70, 0x9c, 0x70, 0x9c, 0x70, 0x9c, 0x70, 0x9c, 0x70, 0xa4, 0x70, 0xa4,
    0x90, 0xa4, 0x90, 0xa4, 0x90, 0xa4, 0x90, 0xa4, 0xb1, 0xa4, 0xb0, 0xac,
    0xb0, 0xa4, 0x90, 0xac, 0x90, 0xac, 0xb1, 0xac, 0xb1, 0xac, 0xb1, 0xac,
    0xb1, 0xa4, 0xb1, 0xa4, 0x90, 0xa4, 0xb0, 0xa4, 0x90, 0xa4, 0xb0, 0xa4,
    0xb0, 0xa4, 0x90, 0xa4, 0x90, 0xa4, 0x90, 0xa4, 0x4f, 0x9c, 0x2f, 0x9c,
    0x0e, 0x9c, 0x0e, 0x94, 0xee, 0x93, 0x0e, 0x9c, 0x0e, 0x9c, 0x0e, 0x9c,
    0x2e, 0x9c, 0x0e, 0x9c, 0x0e, 0x9c, 0x2e, 0x9c, 0x2e, 0x9c, 0x0e, 0x9c,
    0x0e, 0x9c, 0x0e, 0xa4, 0x0d, 0x9c, 0x0d, 0x9c, 0x0d, 0x9c, 0x2e, 0xa4,
    0x0d, 0x9c, 0x0d, 0xa4, 0x0d, 0xa4, 0x0d, 0xa4, 0x0d, 0xa4, 0x0d, 0xa4,
    0x2d, 0xa4, 0x2d, 0xa4, 0x2e, 0xa4, 0x2e, 0xac, 0x2e, 0xac, 0x4e, 0xac,
    0x8e, 0xb4, 0xcf, 0xbc, 0xf0, 0xbc, 0xf0, 0xc4, 0xec, 0xab, 0x08, 0x8b,
    0x09, 0x8b, 0xe9, 0x82, 0xe9, 0x8a, 0x29, 0x8b, 0x09, 0x83, 0xe9, 0x82,
    0xaa, 0x9b, 0x8d, 0xc4, 0xae, 0xc4, 0xe7, 0x92, 0x86, 0x82, 0xa7, 0x82,
    0xa7, 0x8a, 0xa8, 0x82, 0xa8, 0x7a, 0xc9, 0x82, 0xa8, 0x7a, 0x67, 0x72,
    0x67, 0x72, 0xa8, 0x82, 0x87, 0x7a, 0x87, 0x7a, 0x46, 0x72, 0x46, 0x72,
    0x87, 0x7a, 0x09, 0x8b, 0x8b, 0x9b, 0x8b, 0x9b, 0x4a, 0x93, 0xe9, 0x82,
    0xe9, 0x8a, 0x29, 0x93, 0x29, 0x8b, 0xe9, 0x82, 0xe9, 0x82, 0xe9, 0x82,
    0x0a, 0x8b, 0x0a, 0x8b, 0x09, 0x83, 0xe9, 0x82, 0xc8, 0x7a, 0xa8, 0x7a,
    0xc9, 0x7a, 0xe9, 0x82, 0xa8, 0x7a, 0xc8, 0x7a, 0xc9, 0x7a, 0xa8, 0x7a,
    0x88, 0x7a, 0x09, 0x8b, 0x29, 0x8b, 0xe9, 0x82, 0x0a, 0x83, 0xc9, 0x7a,
    0x88, 0x72, 0xa8, 0x7a, 0xa8, 0x7a, 0xa8, 0x7a, 0x87, 0x72, 0xc8, 0x82,
    0xc8, 0x82, 0xc8, 0x82, 0x07, 0x5a, 0x27, 0x62, 0xe6, 0x59, 0xe5, 0x59,
    0x06, 0x62, 0x25, 0x72, 0x65, 0x7a, 0x45, 0x7a, 0x25, 0x7a, 0x45, 0x7a,
    0x85, 0x8a, 0x45, 0x7a, 0x45, 0x7a, 0x46, 0x72, 0x67, 0x72, 0x87, 0x72,
    0xa8, 0x7a, 0x48, 0xa3, 0xe5, 0xa2, 0x64, 0x8a, 0x24, 0x82, 0x44, 0x82,
    0x45, 0x8a, 0x65, 0x8a, 0x85, 0x8a, 0x46, 0xb3, 0x25, 0xb3, 0x47, 0xab,
    0x08, 0x93, 0x86, 0x82, 0x66, 0x7a, 0xa6, 0x8a, 0x25, 0x72, 0x25, 0x72,
    0x46, 0x7a, 0x05, 0x6a, 0x43, 0x51, 0xe4, 0x69, 0x25, 0x7a, 0x05, 0x72,
    0x63, 0x51, 0x04, 0x72, 0x25, 0x7a, 0x86, 0x82, 0xc8, 0x8a, 0xa8, 0x7a,
    0x05, 0x6a, 0xc7, 0x8a, 0xc7, 0x8a, 0xe5, 0x61, 0x45, 0x7a, 0x66, 0x82,
    0xa7, 0x92, 0xc7, 0x92, 0x45, 0x82, 0x65, 0x82, 0x24, 0x7a, 0xe6, 0xa2,
    0x26, 0xab, 0xa5, 0x92, 0x25, 0x62, 0x63, 0x51, 0x44, 0x82, 0xe9, 0x82,
    0x2a, 0x8b, 0x0a, 0x8b, 0x2a, 0x93, 0x4a, 0x93, 0x0a, 0x83, 0x0a, 0x83,
    0xea, 0x7a, 0x2a, 0x8b, 0x4b, 0x8b, 0x2b, 0x83, 0x0a, 0x7b, 0x2b, 0x83,
    0x4b, 0x8b, 0x2b, 0x83, 0x0b, 0x7b, 0x0b, 0x7b, 0x4a, 0x93, 0x8b, 0x9b,
    0x4b, 0x8b, 0x4c, 0x8b, 0x8c, 0x93, 0x8c, 0x93, 0x8c, 0x93, 0xad, 0x93,
    0xad, 0x8b, 0xad, 0x8b, 0xce, 0x93, 0xce, 0x8b, 0xce, 0x93, 0xcd, 0x8b,
    0xce, 0x93, 0xad, 0x8b, 0xcd, 0x8b, 0xcd, 0x8b, 0xee, 0x93, 0xad, 0x8b,
    0x8d, 0x8b, 0xad, 0x8b, 0xad, 0x8b, 0xcd, 0x93, 0xee, 0x93, 0x0f, 0x94,
    0x2f, 0x9c, 0x4f, 0x9c, 0x70, 0x9c, 0x70, 0x9c, 0x50, 0x9c, 0x50, 0x9c,
    0x70, 0x9c, 0x70, 0x9c, 0x70, 0x9c, 0x70, 0x9c, 0x70, 0x9c, 0x70, 0xa4,
    0x70, 0xa4, 0x70, 0xa4, 0x6f, 0xa4, 0x70, 0xa4, 0x70, 0xa4, 0x70, 0xa4,
    0x70, 0xa4, 0x70, 0x9c, 0x6f, 0x9c, 0x6f, 0x9c, 0x4f, 0x9c, 0x2f, 0x9c,
    0x0e, 0x9c, 0x2f, 0x9c, 0x0e, 0x9c, 0x0e, 0x9c, 0x0e, 0x9c, 0x2f, 0x9c,
    0x0e, 0x9c, 0x0e, 0x9c, 0x0e, 0x9c, 0x0e, 0x9c, 0x0e, 0x9c, 0x0e, 0x9c,
    0x0e, 0x9c, 0x0e, 0x9c, 0xed, 0x9b, 0x0e, 0x9c, 0x0e, 0x9c, 0x2e, 0xa4,
    0x0e, 0x9c, 0x2e, 0xa4, 0x2e, 0xa4, 0x0d, 0xa4, 0x0d, 0xa4, 0x0d, 0xa4,
    0x0d, 0xa4, 0x2e, 0xa4, 0x0d, 0xa4, 0x0d, 0xa4, 0x2d, 0xa4, 0x2e, 0xac,
    0x2e, 0xac, 0x4e, 0xac, 0x4e, 0xac, 0x4e, 0xac, 0x6e, 0xb4, 0xec, 0xa3,
    0xe8, 0x8a, 0x67, 0x7a, 0x46, 0x72, 0x46, 0x72, 0x67, 0x72, 0x87, 0x7a,
    0x87, 0x7a, 0xa8, 0x82, 0x87, 0x7a, 0xe8, 0x82, 0xe8, 0x82, 0xa7, 0x82,
    0x09, 0x8b, 0x2a, 0x8b, 0x2a, 0x8b, 0x09, 0x83, 0xe9, 0x82, 0xc9, 0x82,
    0xc8, 0x7a, 0x67, 0x72, 0x87, 0x72, 0xa8, 0x7a, 0xc8, 0x82, 0xc8, 0x82,
    0xc8, 0x82, 0xc8, 0x82, 0x29, 0x93, 0x2a, 0x93, 0x29, 0x93, 0x2a, 0x93,
    0x0a, 0x8b, 0xc9, 0x82, 0x2a, 0x93, 0x09, 0x8b, 0x09, 0x8b, 0x09, 0x8b,
    0x09, 0x8b, 0x09, 0x8b, 0xe9, 0x82, 0xe9, 0x82, 0x0a, 0x83, 0xe9, 0x82,
    0xe9, 0x82, 0x2a, 0x8b, 0x0a, 0x8b, 0x0a, 0x83, 0xea, 0x82, 0xc9, 0x7a,
    0xe9, 0x82, 0x2a, 0x8b, 0x09, 0x8b, 0xc8, 0x82, 0xa8, 0x7a, 0x87, 0x7a,
    0x67, 0x72, 0x88, 0x7a, 0x67, 0x72, 0xe9, 0x82, 0x87, 0x72, 0x87, 0x7a,
    0x87, 0x7a, 0xc8, 0x7a, 0xe9, 0x82, 0xe9, 0x82, 0x88, 0x6a, 0xa8, 0x72,
    0x68, 0x6a, 0x47, 0x6a, 0x47, 0x6a, 0x27, 0x62, 0x26, 0x62, 0x06, 0x62,
    0x26, 0x6a, 0x26, 0x6a, 0x47, 0x6a, 0x47, 0x6a, 0x06, 0x62, 0xe5, 0x61,
    0xc5, 0x61, 0xa4, 0x59, 0xa4, 0x59, 0xc4, 0x61, 0xa5, 0x92, 0xc7, 0xcb,
    0x67, 0xbb, 0xe6, 0xa2, 0xe7, 0x9a, 0xe7, 0xa2, 0xc6, 0x9a, 0x88, 0xbb,
    0xe8, 0xc3, 0xa8, 0xbb, 0x89, 0xb3, 0x49, 0xa3, 0x89, 0xab, 0x68, 0xab,
    0x27, 0x9b, 0xa7, 0x82, 0x87, 0x82, 0x87, 0x7a, 0x26, 0x72, 0x46, 0x7a,
    0x46, 0x7a, 0x05, 0x6a, 0xa4, 0x59, 0x84, 0x51, 0x46, 0x7a, 0x86, 0x82,
    0x86, 0x82, 0x08, 0x93, 0xc8, 0x8a, 0xc8, 0x8a, 0xa7, 0x82, 0x26, 0x6a,
    0x26, 0x6a, 0x66, 0x7a, 0xa7, 0x8a, 0xc7, 0x92, 0x66, 0x82, 0xa7, 0x8a,
    0xa6, 0x8a, 0xa6, 0x8a, 0xc5, 0x92, 0xa5, 0x92, 0xa4, 0x49, 0xe4, 0x61,
    0x64, 0x8a, 0xe8, 0x8a, 0x0a, 0x8b, 0x6a, 0x9b, 0x6a, 0x9b, 0x6a, 0xa3,
    0xab, 0xab, 0xab, 0xa3, 0x6a, 0x9b, 0x2a, 0x8b, 0x2a, 0x8b, 0xea, 0x82,
    0x0a, 0x8b, 0x2a, 0x93, 0x2a, 0x8b, 0x6b, 0x93, 0x4b, 0x8b, 0x2b, 0x83,
    0x2b, 0x83, 0x4b, 0x8b, 0x4b, 0x8b, 0x4b, 0x8b, 0x4b, 0x8b, 0x4b, 0x8b,
    0x6c, 0x93, 0x8c, 0x93, 0x4b, 0x8b, 0x6b, 0x93, 0x8c, 0x8b, 0x8c, 0x8b,
    0x8c, 0x8b, 0x8c, 0x8b, 0xad, 0x8b, 0x8c, 0x8b, 0x8c, 0x8b, 0xad, 0x8b,
    0x8c, 0x8b, 0x8c, 0x8b, 0x8d, 0x8b, 0x8d, 0x83, 0x8d, 0x8b, 0xad, 0x8b,
    0xad, 0x8b, 0x8c, 0x83, 0xad, 0x93, 0xcd, 0x93, 0xad, 0x8b, 0xad, 0x8b,
    0xee, 0x93, 0xce, 0x8b, 0xce, 0x8b, 0xee, 0x93, 0x0e, 0x94, 0x0f, 0x94,
    0x0e, 0x94, 0xee, 0x8b, 0x0e, 0x94, 0x0f, 0x94, 0x0f, 0x94, 0x0e, 0x94,
    0x0e, 0x94, 0x0e, 0x94, 0x0f, 0x94, 0x0f, 0x94, 0x0f, 0x94, 0x2f, 0x94,
    0x2f, 0x9c, 0x2f, 0x9c, 0x2f, 0x9c, 0x4f, 0x9c, 0x2f, 0x9c, 0x2f, 0x9c,
    0x2f, 0x9c, 0x4f, 0x9c, 0x2f, 0x9c, 0x2f, 0x9c, 0x4f, 0xa4, 0x4f, 0x9c,
    0x4f, 0x9c, 0x4f, 0xa4, 0x4f, 0xa4, 0x2e, 0x9c, 0x2e, 0x9c, 0x2e, 0xa4,
    0x2e, 0xa4, 0x4e, 0xa4, 0x4f, 0xa4, 0x4e, 0xa4, 0x4e, 0xa4, 0x4e, 0xac,
    0x4e, 0xac, 0x4e, 0xac, 0x4e, 0xac, 0x6e, 0xac, 0x4e, 0xac, 0x2e, 0xac,
    0x2e, 0xa4, 0x2e, 0xa4, 0xec, 0xa3, 0x6a, 0x93, 0x2a, 0x8b, 0x4b, 0x8b,
    0xcc, 0x9b, 0x4a, 0x93, 0x09, 0x83, 0x09, 0x8b, 0x4a, 0x93, 0x09, 0x8b,
    0xe9, 0x82, 0xe9, 0x82, 0xe9, 0x82, 0x0a, 0x83, 0x67, 0x72, 0xc9, 0x7a,
    0x4b, 0x8b, 0x6b, 0x93, 0x6b, 0x93, 0x4b, 0x8b, 0x0a, 0x8b, 0xe9, 0x82,
    0xc8, 0x82, 0x88, 0x7a, 0xe9, 0x82, 0x87, 0x7a, 0xe9, 0x82, 0xe9, 0x82,
    0xc9, 0x82, 0xe9, 0x82, 0x2a, 0x93, 0x4a, 0x93, 0x4a, 0x93, 0x4a, 0x93,
    0x09, 0x8b, 0x09, 0x8b, 0xe8, 0x8a, 0xe8, 0x8a, 0xc8, 0x8a, 0xe9, 0x8a,
    0xe9, 0x8a, 0xe8, 0x82, 0xe9, 0x8a, 0x09, 0x83, 0xc9, 0x7a, 0xc9, 0x7a,
    0xa9, 0x7a, 0xa8, 0x72, 0xa8, 0x7a, 0xa8, 0x7a, 0xa8, 0x7a, 0x68, 0x72,
    0xc8, 0x7a, 0x09, 0x8b, 0xe8, 0x82, 0xa8, 0x82, 0xa8, 0x82, 0xa8, 0x7a,
    0xa8, 0x7a, 0x87, 0x7a, 0x87, 0x7a, 0x88, 0x7a, 0x87, 0x7a, 0xa8, 0x82,
    0xc8, 0x82, 0xe9, 0x8a, 0xe9, 0x82, 0x87, 0x7a, 0xc9, 0x82, 0xc8, 0x7a,
    0xe6, 0x51, 0x64, 0x39, 0xa5, 0x49, 0xa5, 0x49, 0x47, 0x6a, 0x47, 0x6a,
    0xe5, 0x59, 0x84, 0x49, 0x06, 0x62, 0x06, 0x62, 0xc5, 0x59, 0xc5, 0x59,
    0xc4, 0x59, 0x26, 0x6a, 0xe5, 0x59, 0xa4, 0x59, 0xe5, 0x61, 0xc5, 0x59,
    0xc5, 0x59, 0xa6, 0x8a, 0x26, 0xab, 0x27, 0xa3, 0x66, 0x7a, 0x08, 0x9b,
    0x29, 0x9b, 0x49, 0xa3, 0x49, 0xa3, 0xaa, 0xab, 0xaa, 0xb3, 0xca, 0xbb,
    0xaa, 0xb3, 0x49, 0xa3, 0x6a, 0xa3, 0x8a, 0xa3, 0x8a, 0xab, 0x8a, 0xab,
    0x89, 0xab, 0x29, 0x9b, 0xe8, 0x92, 0xa7, 0x8a, 0xa7, 0x8a, 0x45, 0x7a,
    0x04, 0x72, 0xa7, 0x8a, 0xe8, 0x8a, 0x06, 0xa3, 0xc9, 0xbb, 0x69, 0xab,
    0x69, 0xab, 0x89, 0xab, 0xa9, 0xb3, 0xca, 0xbb, 0x28, 0xa3, 0xc7, 0x92,
    0x08, 0x9b, 0x29, 0x9b, 0x49, 0xa3, 0x49, 0x9b, 0x49, 0x9b, 0x09, 0x93,
    0x29, 0x93, 0x28, 0x9b, 0xc7, 0x8a, 0xa9, 0x72, 0xca, 0x72, 0x2a, 0x8b,
    0x29, 0x9b, 0x09, 0x93, 0x6b, 0x9b, 0x6a, 0x9b, 0x8a, 0xab, 0x8b, 0xa3,
    0x4a, 0x8b, 0xa9, 0x72, 0xc9, 0x7a, 0x2a, 0x8b, 0x6b, 0x9b, 0x0a, 0x83,
    0xc9, 0x7a, 0x2a, 0x8b, 0x4a, 0x93, 0x4b, 0x93, 0x4b, 0x8b, 0x2a, 0x83,
    0xea, 0x7a, 0x2b, 0x83, 0x0a, 0x83, 0x2b, 0x83, 0x2b, 0x83, 0x0a, 0x83,
    0x4b, 0x8b, 0xc9, 0x72, 0xea, 0x7a, 0x2b, 0x83, 0x0a, 0x83, 0x2b, 0x83,
    0x2b, 0x83, 0x2b, 0x83, 0x0a, 0x7b, 0x2b, 0x83, 0x4b, 0x83, 0x6b, 0x8b,
    0x6b, 0x8b, 0x6c, 0x8b, 0x8c, 0x8b, 0x8c, 0x8b, 0x8c, 0x8b, 0x8c, 0x8b,
    0xad, 0x8b, 0xad, 0x8b, 0xad, 0x8b, 0xad, 0x8b, 0x8d, 0x83, 0x8c, 0x83,
    0xad, 0x8b, 0xad, 0x8b, 0xad, 0x8b, 0xad, 0x93, 0xcd, 0x93, 0xcd, 0x93,
    0xed, 0x93, 0xcd, 0x93, 0x0e, 0x9c, 0xee, 0x93, 0xcd, 0x8b, 0xee, 0x93,
    0x0e, 0x94, 0x0e, 0x94, 0x2e, 0x9c, 0x2f, 0x9c, 0x2f, 0x9c, 0x2e, 0x9c,
    0x2f, 0x9c, 0x2e, 0x9c, 0x2e, 0x9c, 0x2e, 0x9c, 0x2e, 0x9c, 0x2e, 0x9c,
    0x2e, 0x9c, 0x2e, 0x9c, 0x2e, 0x9c, 0x4e, 0x9c, 0x4e, 0xa4, 0x4f, 0xa4,
    0x6f, 0xa4, 0x6f, 0xa4, 0x6f, 0xa4, 0x6f, 0xac, 0x6f, 0xac, 0x8f, 0xac,
    0x6f, 0xac, 0x8f, 0xac, 0x6f, 0xac, 0x6f, 0xac, 0x6e, 0xac, 0x6e, 0xac,
    0x6e, 0xac, 0x6e, 0xac, 0x6e, 0xac, 0x6e, 0xac, 0x49, 0x9b, 0xc8, 0x82,
    0xe9, 0x82, 0x4a, 0x93, 0xe9, 0x82, 0xe9, 0x82, 0x09, 0x8b, 0xa8, 0x82,
    0xa8, 0x82, 0xc8, 0x82, 0xc9, 0x82, 0xc9, 0x7a, 0xa8, 0x7a, 0x4b, 0x8b,
    0xcc, 0x9b, 0x8c, 0x93, 0x2a, 0x8b, 0x0a, 0x83, 0x2a, 0x8b, 0x2a, 0x8b,
    0x0a, 0x8b, 0x0a, 0x83, 0xc9, 0x7a, 0xe9, 0x7a, 0xa9, 0x7a, 0x88, 0x72,
    0x88, 0x72, 0xa8, 0x72, 0x09, 0x83, 0x6b, 0x93, 0x4a, 0x93, 0x2a, 0x8b,
    0xe9, 0x82, 0xe9, 0x82, 0xe9, 0x82, 0x46, 0x6a, 0x09, 0x93, 0x29, 0x93,
    0xe8, 0x8a, 0xc8, 0x8a, 0xc8, 0x82, 0xa8, 0x82, 0xa8, 0x82, 0xc8, 0x7a,
    0xe9, 0x82, 0xc9, 0x7a, 0xe9, 0x82, 0xa8, 0x7a, 0xa8, 0x7a, 0xa8, 0x7a,
    0x88, 0x7a, 0xc8, 0x82, 0x26, 0x6a, 0x05, 0x6a, 0x67, 0x72, 0x87, 0x7a,
    0x26, 0x6a, 0x26, 0x6a, 0x06, 0x6a, 0xa4, 0x59, 0xe5, 0x61, 0x67, 0x72,
    0x67, 0x7a, 0x67, 0x7a, 0x87, 0x7a, 0x67, 0x72, 0x26, 0x6a, 0x66, 0x72,
    0x26, 0x6a, 0x26, 0x6a, 0x06, 0x52, 0xe6, 0x51, 0x07, 0x52, 0xe6, 0x51,
    0xc6, 0x51, 0xa4, 0x49, 0x64, 0x49, 0x23, 0x39, 0x64, 0x49, 0x43, 0x41,
    0xa4, 0x51, 0x47, 0x6a, 0x26, 0x6a, 0x26, 0x6a, 0x67, 0x72, 0x87, 0x72,
    0x87, 0x72, 0x47, 0x6a, 0x26, 0x6a, 0x26, 0x6a, 0x67, 0x72, 0x67, 0x72,
    0x88, 0x72, 0x27, 0x62, 0xa5, 0x51, 0x84, 0x51, 0xe4, 0x61, 0xe4, 0x61,
    0x64, 0x82, 0xe9, 0xc3, 0xa9, 0xb3, 0x69, 0xab, 0x28, 0x9b, 0xca, 0xbb,
    0x89, 0xb3, 0x49, 0x9b, 0x09, 0x93, 0x89, 0xab, 0xca, 0xb3, 0x28, 0xa3,
    0x08, 0x9b, 0x86, 0x8a, 0x25, 0x7a, 0x25, 0x7a, 0x66, 0x82, 0xa7, 0x8a,
    0xc7, 0x8a, 0x49, 0xa3, 0xaa, 0xab, 0x29, 0x9b, 0x29, 0x9b, 0xe8, 0x8a,
    0x0a, 0x93, 0x4a, 0x93, 0x29, 0x93, 0x09, 0x93, 0xe9, 0x8a, 0xc9, 0x82,
    0xe9, 0x82, 0xe9, 0x82, 0xe9, 0x82, 0x09, 0x8b, 0x8a, 0xab, 0xca, 0xb3,
    0x6a, 0xa3, 0x6a, 0x9b, 0x29, 0x93, 0x89, 0xab, 0xc9, 0x82, 0x0a, 0x83,
    0x2a, 0x93, 0x8a, 0xa3, 0x4a, 0x93, 0x2a, 0x8b, 0xea, 0x7a, 0xc9, 0x72,
    0xc9, 0x7a, 0xc9, 0x7a, 0xe9, 0x82, 0xc9, 0x7a, 0x0a, 0x83, 0x2a, 0x93,
    0x2a, 0x8b, 0x0a, 0x8b, 0x4b, 0x8b, 0x0a, 0x83, 0xc9, 0x7a, 0xc9, 0x7a,
    0xea, 0x7a, 0xc9, 0x7a, 0x2a, 0x8b, 0x2a, 0x8b, 0xc9, 0x7a, 0xa9, 0x72,
    0x89, 0x6a, 0x68, 0x6a, 0xc9, 0x72, 0xa9, 0x72, 0xc9, 0x72, 0x0a, 0x7b,
    0x2a, 0x83, 0xc9, 0x72, 0x4b, 0x8b, 0x2b, 0x83, 0xea, 0x7a, 0xca, 0x72,
    0x2b, 0x83, 0x8c, 0x8b, 0xac, 0x93, 0xad, 0x93, 0xcd, 0x93, 0xcd, 0x93,
    0xcd, 0x93, 0xee, 0x9b, 0xcd, 0x93, 0x8d, 0x8b, 0xad, 0x8b, 0xad, 0x8b,
    0x8c, 0x8b, 0x6c, 0x83, 0x8c, 0x83, 0x8c, 0x8b, 0x8c, 0x8b, 0xac, 0x8b,
    0xcd, 0x93, 0xcd, 0x93, 0xad, 0x93, 0xcd, 0x93, 0xed, 0x93, 0xed, 0x93,
    0xed, 0x93, 0x0e, 0x9c, 0x0e, 0x9c, 0x2e, 0x9c, 0x4e, 0xa4, 0x4e, 0xa4,
    0x4f, 0xa4, 0x6f, 0xac, 0x6f, 0xac, 0x4f, 0xac, 0x6f, 0xac, 0x4e, 0xac,
    0x0e, 0xa4, 0x0d, 0x9c, 0xcd, 0x9b, 0xac, 0x93, 0xcd, 0x9b, 0xac, 0x93,
    0xcd, 0x9b, 0xed, 0x9b, 0xed, 0x9b, 0xed, 0x9b, 0xed, 0x9b, 0xed, 0xa3,
    0x2d, 0xac, 0x4e, 0xac, 0x6e, 0xb4, 0x6e, 0xb4, 0x6e, 0xb4, 0xec, 0xab,
    0x86, 0x8a, 0xc7, 0x8a, 0x09, 0x93, 0x87, 0x7a, 0xa8, 0x82, 0x09, 0x8b,
    0xa8, 0x82, 0x87, 0x7a, 0xa8, 0x82, 0xa8, 0x7a, 0xc8, 0x82, 0x09, 0x8b,
    0x2a, 0x8b, 0x67, 0x72, 0x26, 0x6a, 0x46, 0x72, 0x87, 0x7a, 0xa8, 0x82,
    0xc8, 0x82, 0xe9, 0x82, 0x2a, 0x8b, 0x0a, 0x8b, 0x47, 0x72, 0x67, 0x72,
    0x67, 0x72, 0x47, 0x6a, 0x47, 0x62, 0x09, 0x83, 0xa8, 0x82, 0xc8, 0x82,
    0xa7, 0x82, 0xc8, 0x82, 0xe9, 0x82, 0x0a, 0x8b, 0xc8, 0x82, 0xa7, 0x82,
    0xc8, 0x8a, 0xe8, 0x8a, 0xe8, 0x92, 0xc8, 0x82, 0xa8, 0x7a, 0xa8, 0x7a,
    0xa8, 0x82, 0xa8, 0x7a, 0xa8, 0x7a, 0xa8, 0x7a, 0xa8, 0x7a, 0x26, 0x62,
    0xe5, 0x59, 0xa8, 0x7a, 0x87, 0x7a, 0xe8, 0x8a, 0xe8, 0x8a, 0x09, 0x8b,
    0x09, 0x8b, 0xa8, 0x82, 0x05, 0x6a, 0x25, 0x72, 0xe5, 0x69, 0x05, 0x62,
    0x26, 0x6a, 0x87, 0x7a, 0x67, 0x72, 0x46, 0x72, 0x67, 0x72, 0x87, 0x7a,
    0xa8, 0x7a, 0xc8, 0x82, 0x87, 0x7a, 0xc8, 0x82, 0xc6, 0x49, 0x07, 0x52,
    0x06, 0x52, 0xc6, 0x49, 0x85, 0x41, 0xa5, 0x49, 0xc5, 0x51, 0x64, 0x41,
    0xe6, 0x59, 0xc5, 0x51, 0x26, 0x62, 0x46, 0x6a, 0x67, 0x72, 0x67, 0x72,
    0x47, 0x6a, 0x67, 0x72, 0xc5, 0x59, 0xe5, 0x59, 0x06, 0x5a, 0x26, 0x62,
    0xe5, 0x59, 0x05, 0x5a, 0x88, 0x72, 0xa8, 0x72, 0x88, 0x6a, 0xc6, 0x51,
    0x84, 0x49, 0xe6, 0x59, 0x27, 0xa3, 0x27, 0xa3, 0x08, 0x93, 0x29, 0x9b,
    0x69, 0xab, 0xe9, 0xc3, 0xea, 0xbb, 0xa7, 0x7a, 0x46, 0x72, 0xe8, 0x92,
    0x69, 0xa3, 0x8a, 0xab, 0x68, 0xab, 0x68, 0xab, 0x88, 0xb3, 0xe7, 0x92,
    0x66, 0x82, 0x86, 0x82, 0xa7, 0x82, 0xe8, 0x8a, 0xe8, 0x92, 0xe8, 0x8a,
    0x09, 0x8b, 0xc8, 0x82, 0x25, 0x6a, 0x26, 0x72, 0xc8, 0x8a, 0xc8, 0x82,
    0x09, 0x8b, 0xc8, 0x82, 0x09, 0x8b, 0x2a, 0x8b, 0x2a, 0x8b, 0x2a, 0x8b,
    0x2a, 0x8b, 0xeb, 0xb3, 0x0a, 0xc4, 0x09, 0xc4, 0x0a, 0xc4, 0xc9, 0xbb,
    0x48, 0x9b, 0x69, 0xa3, 0xaa, 0xab, 0x6a, 0x9b, 0xaa, 0xa3, 0x2a, 0x8b,
    0xa9, 0x72, 0xc9, 0x72, 0xc9, 0x72, 0xc9, 0x72, 0xc9, 0x72, 0xe9, 0x7a,
    0xea, 0x82, 0xc9, 0x7a, 0xe9, 0x82, 0x2a, 0x8b, 0x4a, 0x93, 0x4a, 0x93,
    0x4a, 0x93, 0x0a, 0x83, 0x0a, 0x83, 0x2a, 0x83, 0xea, 0x7a, 0xc9, 0x7a,
    0x0a, 0x8b, 0x4a, 0x93, 0x4a, 0x93, 0x0a, 0x83, 0xea, 0x7a, 0xea, 0x7a,
    0x0a, 0x7b, 0x0a, 0x7b, 0x0a, 0x83, 0x2b, 0x83, 0x2a, 0x83, 0x4b, 0x8b,
    0x4b, 0x8b, 0x8c, 0x93, 0x6b, 0x8b, 0x6b, 0x93, 0x4b, 0x8b, 0x4b, 0x8b,
    0x4b, 0x83, 0x6c, 0x83, 0x6c, 0x8b, 0x6c, 0x83, 0x8c, 0x8b, 0x8c, 0x8b,
    0x8c, 0x8b, 0x8c, 0x8b, 0xad, 0x8b, 0xad, 0x93, 0xad, 0x93, 0x8c, 0x8b,
    0x8c, 0x8b, 0x8c, 0x8b, 0x8c, 0x8b, 0x8c, 0x8b, 0x4b, 0x83, 0x8c, 0x8b,
    0x8c, 0x8b, 0xac, 0x8b, 0xcd, 0x93, 0xad, 0x93, 0xac, 0x93, 0xac, 0x93,
    0xcc, 0x9b, 0xac, 0x93, 0x8b, 0x93, 0x8c, 0x93, 0xac, 0x93, 0x8c, 0x93,
    0x6b, 0x8b, 0x6b, 0x8b, 0xad, 0x93, 0xad, 0x93, 0xcd, 0x93, 0xac, 0x93,
    0x8c, 0x93, 0xac, 0x9b, 0xcd, 0x9b, 0xcc, 0x9b, 0xcc, 0x9b, 0xcc, 0x9b,
    0xac, 0x9b, 0xac, 0x9b, 0x8c, 0x93, 0xac, 0x9b, 0xac, 0x9b, 0xcc, 0x9b,
    0xcc, 0x9b, 0x29, 0x9b, 0xe8, 0x92, 0xc7, 0x8a, 0xa6, 0x8a, 0x46, 0x7a,
    0xa7, 0x82, 0x29, 0x93, 0xc8, 0x82, 0x67, 0x7a, 0xa8, 0x7a, 0xa8, 0x7a,
    0xe9, 0x8a, 0xc8, 0x8a, 0xa8, 0x7a, 0xa7, 0x7a, 0xa8, 0x82, 0x67, 0x72,
    0x87, 0x7a, 0xa8, 0x82, 0xa8, 0x82, 0x87, 0x7a, 0x87, 0x7a, 0x87, 0x7a,
    0x26, 0x6a, 0x26, 0x6a, 0xe5, 0x59, 0xe6, 0x59, 0xc8, 0x82, 0xc8, 0x8a,
    0xe8, 0x8a, 0x09, 0x93, 0x29, 0x93, 0xc8, 0x82, 0x87, 0x7a, 0x67, 0x7a,
    0x66, 0x7a, 0xc8, 0x8a, 0x09, 0x9b, 0xe8, 0x92, 0xe8, 0x8a, 0xa8, 0x8a,
    0xc8, 0x82, 0x87, 0x7a, 0xa8, 0x82, 0xc8, 0x82, 0x87, 0x7a, 0x67, 0x72,
    0x47, 0x6a, 0x67, 0x6a, 0x09, 0x8b, 0xa8, 0x82, 0xc8, 0x82, 0x67, 0x72,
    0x67, 0x72, 0xc8, 0x82, 0xe5, 0x61, 0xc5, 0x59, 0x26, 0x6a, 0x66, 0x72,
    0x66, 0x72, 0x26, 0x72, 0x26, 0x6a, 0x87, 0x7a, 0x46, 0x6a, 0x87, 0x7a,
    0xa8, 0x82, 0xe9, 0x8a, 0xe8, 0x82, 0x87, 0x7a, 0x67, 0x72, 0x26, 0x6a,
    0x07, 0x5a, 0xe6, 0x51, 0x65, 0x39, 0xc6, 0x41, 0x44, 0x31, 0xe3, 0x20,
    0x23, 0x31, 0x44, 0x31, 0xa5, 0x49, 0xc5, 0x51, 0xa4, 0x49, 0x84, 0x51,
    0x84, 0x51, 0x84, 0x51, 0x84, 0x49, 0xe6, 0x61, 0x84, 0x41, 0xa4, 0x41,
    0xa4, 0x41, 0xa4, 0x41, 0xa4, 0x41, 0x24, 0x62, 0x67, 0x6a, 0x68, 0x6a,
    0x88, 0x6a, 0xa9, 0x72, 0xa8, 0x72, 0x06, 0x62, 0x47, 0x72, 0x67, 0x72,
    0x88, 0x72, 0x0a, 0x83, 0x0a, 0x8b, 0x69, 0xa3, 0xa9, 0xb3, 0x0b, 0xbc,
    0x2b, 0xc4, 0x69, 0xab, 0xa7, 0x82, 0x26, 0x6a, 0x66, 0x7a, 0x07, 0x9b,
    0xa8, 0xc3, 0x2a, 0xcc, 0x07, 0x9b, 0x05, 0x6a, 0xa7, 0x82, 0xc7, 0x92,
    0xc7, 0x92, 0xe8, 0x92, 0x28, 0x9b, 0x29, 0x9b, 0x08, 0x93, 0xa6, 0x8a,
    0xa6, 0x8a, 0x86, 0x8a, 0xc7, 0x92, 0xa7, 0x8a, 0x46, 0x72, 0x26, 0x72,
    0x66, 0x7a, 0xa8, 0x82, 0xc8, 0x8a, 0x29, 0x93, 0x89, 0xab, 0x4b, 0xcc,
    0xa9, 0xb3, 0x6a, 0x9b, 0xca, 0xb3, 0x89, 0xa3, 0x89, 0xab, 0x69, 0xa3,
    0xaa, 0xab, 0xaa, 0xab, 0x8a, 0xab, 0x28, 0x9b, 0x09, 0x8b, 0x2a, 0x8b,
    0x2a, 0x8b, 0x4a, 0x8b, 0x4b, 0x8b, 0x4b, 0x8b, 0x4b, 0x8b, 0x0a, 0x83,
    0x0a, 0x83, 0xea, 0x7a, 0x2a, 0x8b, 0x6b, 0x93, 0xab, 0xa3, 0x4a, 0x93,
    0x2a, 0x93, 0x2a, 0x8b, 0x2a, 0x8b, 0x2a, 0x8b, 0x6b, 0x9b, 0x6b, 0x9b,
    0x4a, 0x93, 0xea, 0x82, 0xea, 0x7a, 0xc9, 0x72, 0x0a, 0x83, 0x0a, 0x83,
    0x0a, 0x83, 0x0a, 0x83, 0x0a, 0x7b, 0xea, 0x82, 0x4b, 0x93, 0x8b, 0x9b,
    0x6a, 0x9b, 0x09, 0x8b, 0x4a, 0x8b, 0x8c, 0x93, 0x8c, 0x9b, 0xac, 0x9b,
    0x8b, 0x93, 0x6b, 0x8b, 0x6b, 0x8b, 0x4b, 0x83, 0x6b, 0x83, 0x6c, 0x83,
    0x2b, 0x7b, 0x4b, 0x83, 0x6c, 0x83, 0x6c, 0x8b, 0x8c, 0x8b, 0xac, 0x93,
    0xac, 0x93, 0x6c, 0x8b, 0x6c, 0x8b, 0x6b, 0x83, 0x6c, 0x83, 0x6b, 0x83,
    0x4b, 0x83, 0x8c, 0x8b, 0x8c, 0x8b, 0x8c, 0x93, 0x6b, 0x8b, 0x4b, 0x8b,
    0x4b, 0x8b, 0x2a, 0x83, 0x4b, 0x8b, 0x6b, 0x93, 0x6b, 0x8b, 0x4b, 0x8b,
    0x2a, 0x83, 0x4b, 0x8b, 0x4b, 0x8b, 0x2a, 0x8b, 0xe9, 0x82, 0x4b, 0x8b,
    0x4b, 0x8b, 0x6b, 0x93, 0x8b, 0x93, 0xac, 0x9b, 0xac, 0x9b, 0x8b, 0x9b,
    0x6b, 0x93, 0x4b, 0x93, 0x6b, 0x93, 0xc8, 0x8a, 0xc7, 0x92, 0x66, 0x82,
    0xc8, 0x8a, 0xc8, 0x8a, 0x46, 0x6a, 0x87, 0x7a, 0xe9, 0x8a, 0x09, 0x8b,
    0x2a, 0x93, 0xe9, 0x82, 0xe8, 0x8a, 0x66, 0x7a, 0x46, 0x72, 0x46, 0x72,
    0x67, 0x7a, 0xa8, 0x82, 0xa7, 0x82, 0x66, 0x7a, 0x87, 0x82, 0x87, 0x7a,
    0x67, 0x72, 0x67, 0x72, 0x46, 0x72, 0x46, 0x6a, 0xc5, 0x59, 0x26, 0x62,
    0xa7, 0x82, 0xc8, 0x82, 0xe8, 0x8a, 0xc8, 0x82, 0x26, 0x6a, 0x87, 0x7a,
    0x87, 0x7a, 0x87, 0x7a, 0x67, 0x7a, 0x29, 0x9b, 0x09, 0x93, 0x4a, 0x9b,
    0x2a, 0x93, 0x09, 0x8b, 0x09, 0x8b, 0x09, 0x8b, 0x2a, 0x93, 0xe9, 0x82,
    0x47, 0x6a, 0xa8, 0x72, 0x0a, 0x83, 0x09, 0x8b, 0xc9, 0x82, 0xc8, 0x82,
    0x09, 0x8b, 0xa8, 0x7a, 0xc8, 0x82, 0xa8, 0x82, 0x87, 0x7a, 0xc8, 0x82,
    0xe8, 0x8a, 0xc8, 0x82, 0x87, 0x7a, 0xc8, 0x82, 0xc8, 0x82, 0xa8, 0x7a,
    0xe9, 0x82, 0x2a, 0x8b, 0x29, 0x8b, 0x09, 0x8b, 0x09, 0x83, 0xa8, 0x7a,
    0x47, 0x6a, 0x26, 0x62, 0xa5, 0x49, 0xc6, 0x49, 0x85, 0x41, 0x85, 0x41,
    0xc6, 0x49, 0x85, 0x41, 0x85, 0x41, 0x85, 0x39, 0x44, 0x31, 0xa5, 0x41,
    0x27, 0x5a, 0x07, 0x5a, 0xe6, 0x51, 0x44, 0x39, 0x23, 0x31, 0x64, 0x39,
    0x64, 0x39, 0x43, 0x31, 0x23, 0x31, 0x23, 0x29, 0x63, 0x39, 0xe4, 0x51,
    0xe4, 0x51, 0xc5, 0x59, 0x06, 0x62, 0x47, 0x6a, 0x47, 0x6a, 0x06, 0x62,
    0x06, 0x6a, 0xc5, 0x59, 0x06, 0x62, 0x06, 0x62, 0x67, 0x72, 0x67, 0x72,
    0xc9, 0x7a, 0x2a, 0x8b, 0x69, 0x9b, 0x69, 0xa3, 0x49, 0x9b, 0x28, 0x9b,
    0xa9, 0xab, 0x07, 0x9b, 0x26, 0xab, 0xc5, 0x9a, 0xa5, 0x92, 0x48, 0xab,
    0x6a, 0x9b, 0x09, 0x8b, 0x09, 0x93, 0x29, 0x9b, 0x49, 0xa3, 0x08, 0x9b,
    0xc6, 0x92, 0x06, 0xa3, 0xa6, 0x92, 0x86, 0x8a, 0x66, 0x82, 0x87, 0x8a,
    0xa7, 0x8a, 0x46, 0x7a, 0x25, 0x72, 0x46, 0x7a, 0x87, 0x82, 0xa8, 0x8a,
    0xa8, 0x82, 0xc8, 0x8a, 0x68, 0xab, 0x49, 0x9b, 0x2a, 0x93, 0xab, 0xab,
    0x89, 0xab, 0x49, 0x9b, 0x49, 0x9b, 0xc7, 0x8a, 0x49, 0x9b, 0x6a, 0xa3,
    0xab, 0xa3, 0xcb, 0xab, 0xcb, 0xb3, 0xaa, 0xab, 0xcb, 0xb3, 0x8a, 0xa3,
    0x8a, 0xa3, 0x4a, 0x93, 0x6a, 0x93, 0x4b, 0x93, 0x6b, 0x93, 0x6b, 0x93,
    0x0a, 0x83, 0x0a, 0x83, 0x0a, 0x8b, 0x0a, 0x83, 0x4b, 0x8b, 0x0a, 0x83,
    0xe9, 0x7a, 0x0a, 0x83, 0x4a, 0x93, 0x4a, 0x93, 0x2a, 0x8b, 0x4b, 0x8b,
    0x4b, 0x8b, 0x0a, 0x83, 0x89, 0x6a, 0x88, 0x6a, 0x68, 0x62, 0x88, 0x6a,
    0xc9, 0x7a, 0x0a, 0x83, 0xea, 0x7a, 0x0a, 0x83, 0x4a, 0x93, 0x4a, 0x93,
    0x4a, 0x93, 0x4a, 0x8b, 0x2a, 0x8b, 0x6b, 0x93, 0x8b, 0x9b, 0xab, 0x9b,
    0xab, 0x9b, 0x8b, 0x9b, 0xac, 0x9b, 0x8c, 0x93, 0x6b, 0x93, 0x6b, 0x93,
    0x8c, 0x93, 0x8c, 0x93, 0xac, 0x93, 0xac, 0x93, 0xac, 0x93, 0xac, 0x93,
    0x8c, 0x93, 0xac, 0x93, 0xac, 0x93, 0x8c, 0x93, 0x8c, 0x8b, 0xac, 0x93,
    0x8c, 0x93, 0x8c, 0x8b, 0x6c, 0x8b, 0x8c, 0x8b, 0x4b, 0x8b, 0x4b, 0x8b,
    0x2a, 0x8b, 0x4b, 0x8b, 0x6b, 0x93, 0x6b, 0x93, 0x4b, 0x8b, 0x4b, 0x8b,
    0x4a, 0x83, 0x2a, 0x83, 0x4b, 0x8b, 0x2a, 0x8b, 0xc9, 0x82, 0xc8, 0x82,
    0xe9, 0x7a, 0xa8, 0x72, 0xa8, 0x7a, 0x88, 0x72, 0xe9, 0x82, 0x4a, 0x93,
    0xe8, 0x82, 0x09, 0x93, 0x4a, 0x9b, 0xc8, 0x82, 0xa8, 0x7a, 0x0a, 0x83,
    0x2a, 0x8b, 0xc9, 0x7a, 0x09, 0x83, 0x2a, 0x8b, 0x0a, 0x8b, 0x2a, 0x8b,
    0x87, 0x72, 0xc8, 0x82, 0x09, 0x8b, 0xe9, 0x82, 0x09, 0x8b, 0xe9, 0x8a,
    0xc8, 0x82, 0x88, 0x7a, 0x47, 0x6a, 0x26, 0x5a, 0x05, 0x52, 0xe5, 0x49,
    0xe5, 0x51, 0x67, 0x6a, 0xc8, 0x7a, 0xc8, 0x82, 0x87, 0x7a, 0x46, 0x72,
    0x26, 0x72, 0x26, 0x6a, 0x67, 0x7a, 0xc8, 0x82, 0x66, 0x7a, 0x08, 0x93,
    0x08, 0x93, 0xc8, 0x8a, 0xc8, 0x82, 0x87, 0x7a, 0xa8, 0x82, 0xa7, 0x82,
    0x4a, 0x93, 0x0a, 0x8b, 0x09, 0x8b, 0x2a, 0x8b, 0x6b, 0x93, 0x6b, 0x93,
    0x4a, 0x8b, 0x2a, 0x8b, 0x2a, 0x8b, 0x09, 0x8b, 0x09, 0x8b, 0x2a, 0x8b,
    0x09, 0x83, 0xc9, 0x82, 0x88, 0x72, 0x47, 0x6a, 0xc8, 0x7a, 0xe9, 0x82,
    0xc8, 0x82, 0xa7, 0x7a, 0xc8, 0x82, 0xa8, 0x7a, 0xc8, 0x7a, 0xa8, 0x7a,
    0xa8, 0x7a, 0x46, 0x6a, 0x47, 0x6a, 0xe5, 0x59, 0xc6, 0x82, 0x47, 0x62,
    0xe6, 0x51, 0xc6, 0x49, 0xc6, 0x49, 0xe6, 0x51, 0xc6, 0x51, 0xc6, 0x51,
    0xa5, 0x41, 0x07, 0x52, 0xc6, 0x49, 0xa6, 0x49, 0xc6, 0x49, 0x64, 0x39,
    0x44, 0x31, 0x23, 0x31, 0x23, 0x29, 0x03, 0x29, 0x24, 0x31, 0xe6, 0x51,
    0x03, 0x29, 0x83, 0x41, 0xc4, 0x51, 0xa4, 0x51, 0xc5, 0x59, 0x06, 0x6a,
    0x26, 0x6a, 0x26, 0x6a, 0x46, 0x72, 0x26, 0x6a, 0xe5, 0x61, 0xe5, 0x61,
    0x46, 0x72, 0x26, 0x6a, 0xe5, 0x59, 0xc5, 0x59, 0xc5, 0x59, 0x47, 0x6a,
    0x29, 0x93, 0xe8, 0x8a, 0x8a, 0xab, 0xa9, 0xb3, 0x09, 0xc4, 0xe8, 0xcb,
    0x23, 0x7a, 0x03, 0x7a, 0x27, 0xab, 0xa7, 0x7a, 0xe9, 0x82, 0xe9, 0x82,
    0x0a, 0x8b, 0x4a, 0x93, 0x4a, 0x9b, 0x09, 0x93, 0x08, 0x9b, 0xa7, 0x8a,
    0x86, 0x8a, 0xe4, 0x71, 0x04, 0x72, 0x04, 0x7a, 0x45, 0x82, 0x24, 0x7a,
    0x65, 0x82, 0xa4, 0x61, 0x86, 0x8a, 0xa7, 0x8a, 0x66, 0x82, 0x27, 0xa3,
    0xc7, 0x8a, 0xe8, 0x8a, 0xe8, 0x8a, 0xc8, 0x82, 0x09, 0x93, 0xa9, 0xb3,
    0xaa, 0xab, 0xab, 0xab, 0x09, 0x8b, 0x09, 0x8b, 0x4a, 0x9b, 0x6a, 0xa3,
    0xaa, 0xab, 0xcb, 0xab, 0xcb, 0xb3, 0xcb, 0xb3, 0xcb, 0xb3, 0xeb, 0xb3,
    0xcb, 0xb3, 0xab, 0xab, 0x8a, 0x9b, 0x2a, 0x93, 0x4a, 0x93, 0x8b, 0x9b,
    0x8b, 0xa3, 0x8b, 0x9b, 0x2a, 0x8b, 0x2a, 0x8b, 0x6b, 0x93, 0x2a, 0x8b,
    0x6b, 0x93, 0xab, 0x9b, 0x6b, 0x93, 0x6b, 0x93, 0x2a, 0x83, 0xea, 0x7a,
    0xc9, 0x72, 0x0a, 0x7b, 0x0a, 0x7b, 0xea, 0x7a, 0x2b, 0x83, 0x4b, 0x8b,
    0x4b, 0x8b, 0x2b, 0x83, 0x4b, 0x8b, 0x4b, 0x8b, 0x4b, 0x8b, 0x8b, 0x93,
    0x8c, 0x93, 0x8b, 0x93, 0x2a, 0x83, 0x4b, 0x8b, 0x6b, 0x93, 0x4b, 0x8b,
    0x6b, 0x93, 0x6b, 0x93, 0xac, 0x9b, 0xcc, 0xa3, 0xac, 0xa3, 0xac, 0x9b,
    0x8c, 0x93, 0x0a, 0x83, 0xa9, 0x72, 0xc9, 0x72, 0x8c, 0x93, 0x8c, 0x8b,
    0x4b, 0x83, 0x8c, 0x8b, 0xed, 0x93, 0xad, 0x93, 0x4b, 0x83, 0x8c, 0x8b,
    0x8c, 0x8b, 0x4b, 0x8b, 0x4b, 0x83, 0xea, 0x7a, 0x8c, 0x93, 0xed, 0xa3,
    0xcd, 0x9b, 0x8c, 0x93, 0x8c, 0x93, 0x8b, 0x93, 0xe9, 0x8a, 0xa7, 0x7a,
    0x67, 0x72, 0x27, 0x6a, 0x47, 0x6a, 0x68, 0x6a, 0x88, 0x72, 0x2a, 0x8b,
    0x2a, 0x8b, 0xe9, 0x82, 0x46, 0x72, 0x09, 0x93, 0x09, 0x93, 0x4b, 0x93,
    0x4b, 0x8b, 0x4b, 0x8b, 0xc9, 0x7a, 0xa9, 0x72, 0xea, 0x82, 0x2a, 0x8b,
    0x4a, 0x8b, 0x4a, 0x93, 0x67, 0x6a, 0x88, 0x72, 0x4b, 0x8b, 0x4b, 0x8b,
    0x0a, 0x8b, 0xe9, 0x82, 0x09, 0x83, 0xc9, 0x7a, 0x06, 0x5a, 0x84, 0x41,
    0xa4, 0x41, 0xa4, 0x41, 0xa4, 0x41, 0x88, 0x72, 0x4b, 0x8b, 0x4b, 0x93,
    0x09, 0x8b, 0xc8, 0x82, 0xa8, 0x82, 0x09, 0x93, 0x4a, 0x9b, 0x09, 0x93,
    0xe8, 0x8a, 0x4a, 0x93, 0x4a, 0x93, 0x2a, 0x93, 0x09, 0x8b, 0x09, 0x8b,
    0xc8, 0x82, 0x09, 0x93, 0x87, 0x7a, 0x05, 0x6a, 0x26, 0x6a, 0xc8, 0x82,
    0x29, 0x8b, 0xc8, 0x82, 0x87, 0x7a, 0x87, 0x7a, 0x88, 0x7a, 0x87, 0x7a,
    0x67, 0x72, 0x26, 0x6a, 0x26, 0x62, 0xc5, 0x59, 0x23, 0x39, 0x64, 0x49,
    0x47, 0x6a, 0x06, 0x62, 0x46, 0x6a, 0x46, 0x72, 0x66, 0x72, 0x67, 0x72,
    0x67, 0x72, 0x46, 0x6a, 0x88, 0x6a, 0x06, 0x5a, 0x06, 0x5a, 0xa8, 0x7a,
    0x06, 0x93, 0x67, 0x6a, 0x27, 0x62, 0x88, 0x6a, 0x88, 0x72, 0xa7, 0x7a,
    0xc6, 0x82, 0x87, 0x7a, 0x27, 0x62, 0x27, 0x5a, 0x07, 0x5a, 0x48, 0x62,
    0x27, 0x5a, 0xe6, 0x49, 0x07, 0x52, 0xc6, 0x49, 0xa5, 0x41, 0x64, 0x39,
    0x65, 0x39, 0xc5, 0x49, 0x64, 0x39, 0x03, 0x31, 0x64, 0x41, 0x47, 0x6a,
    0xe8, 0x8a, 0x46, 0x6a, 0xa5, 0x51, 0xc5, 0x59, 0x46, 0x72, 0x87, 0x7a,
    0x46, 0x6a, 0x26, 0x6a, 0x46, 0x72, 0x46, 0x72, 0xe5, 0x61, 0xa4, 0x51,
    0x26, 0x6a, 0xe5, 0x61, 0x67, 0x72, 0xe8, 0x8a, 0x08, 0x93, 0x69, 0xa3,
    0xc8, 0x82, 0x08, 0x93, 0x28, 0xa3, 0x65, 0x82, 0x23, 0x82, 0xc5, 0x92,
    0x67, 0x72, 0x88, 0x7a, 0x88, 0x7a, 0x87, 0x7a, 0x67, 0x7a, 0x87, 0x7a,
    0x87, 0x82, 0xa7, 0x82, 0x86, 0x82, 0xe7, 0x9a, 0xa6, 0x8a, 0x66, 0x82,
    0x46, 0x7a, 0x86, 0x8a, 0x86, 0x8a, 0x46, 0x7a, 0x86, 0x82, 0xc7, 0x92,
    0x87, 0x8a, 0x45, 0x82, 0xc6, 0x92, 0x87, 0x82, 0x87, 0x8a, 0xa7, 0x8a,
    0x08, 0x9b, 0x89, 0xab, 0x48, 0xa3, 0xca, 0xb3, 0xe8, 0x8a, 0x09, 0x93,
    0x49, 0x9b, 0x29, 0x93, 0xe9, 0x8a, 0xe9, 0x82, 0xe9, 0x82, 0xe9, 0x82,
    0x2a, 0x93, 0xcb, 0xb3, 0xab, 0xab, 0xeb, 0xbb, 0xcb, 0xb3, 0xab, 0xa3,
    0x6b, 0x93, 0x2a, 0x8b, 0x0a, 0x83, 0x2a, 0x8b, 0x2a, 0x8b, 0x0a, 0x8b,
    0x2a, 0x8b, 0x2a, 0x8b, 0x4a, 0x93, 0x8b, 0x9b, 0xab, 0xa3, 0x6a, 0x9b,
    0x4a, 0x93, 0x4a, 0x93, 0x6a, 0x93, 0x6b, 0x93, 0x4a, 0x93, 0x8b, 0x9b,
    0x6b, 0x93, 0x6b, 0x93, 0x6b, 0x93, 0x4b, 0x8b, 0x2a, 0x83, 0x4b, 0x8b,
    0x6b, 0x8b, 0x8c, 0x8b, 0x4b, 0x83, 0x6b, 0x93, 0x6b, 0x93, 0x4b, 0x8b,
    0x0a, 0x83, 0x6b, 0x8b, 0xac, 0x93, 0x8c, 0x93, 0x6b, 0x8b, 0x2a, 0x83,
    0x2a, 0x8b, 0x2a, 0x8b, 0x0a, 0x83, 0xea, 0x7a, 0x0a, 0x83, 0xe9, 0x7a,
    0x4b, 0x8b, 0x8c, 0x9b, 0x0a, 0x83, 0x4b, 0x8b, 0x2b, 0x83, 0x4b, 0x83,
    0x6b, 0x83, 0xcd, 0x93, 0xcd, 0x93, 0x8c, 0x93, 0x6c, 0x8b, 0x0a, 0x7b,
    0x8c, 0x93, 0x4b, 0x8b, 0x4b, 0x8b, 0x8b, 0x93, 0x8c, 0x9b, 0x2a, 0x8b,
    0xc9, 0x7a, 0xa8, 0x72, 0xa8, 0x72, 0x88, 0x72, 0x88, 0x72, 0xa8, 0x7a,
    0x87, 0x7a, 0xa7, 0x82, 0xa7, 0x82, 0x26, 0x72, 0x26, 0x72, 0xa8, 0x82,
    0xe8, 0x8a, 0x67, 0x7a, 0x67, 0x7a, 0x47, 0x72, 0x47, 0x6a, 0xa8, 0x7a,
    0x68, 0x72, 0xa8, 0x7a, 0xa8, 0x7a, 0xa8, 0x7a, 0x67, 0x72, 0xc9, 0x82,
    0xe9, 0x8a, 0x88, 0x7a, 0x88, 0x72, 0x87, 0x72, 0xc8, 0x7a, 0xa8, 0x7a,
    0x26, 0x62, 0x84, 0x41, 0x84, 0x41, 0xc5, 0x51, 0xe9, 0x82, 0x0a, 0x8b,
    0xc8, 0x7a, 0x67, 0x7a, 0x67, 0x7a, 0x4a, 0x93, 0x29, 0x93, 0xe9, 0x8a,
    0xa8, 0x7a, 0xe5, 0x61, 0xe8, 0x8a, 0x67, 0x7a, 0x46, 0x72, 0xa7, 0x82,
    0xc8, 0x82, 0xa8, 0x82, 0x67, 0x72, 0x66, 0x72, 0x67, 0x7a, 0x66, 0x72,
    0x87, 0x7a, 0x87, 0x7a, 0x67, 0x72, 0x67, 0x72, 0x06, 0x6a, 0x06, 0x6a,
    0xe5, 0x61, 0x46, 0x72, 0x46, 0x6a, 0x05, 0x62, 0xe5, 0x61, 0xc5, 0x59,
    0x06, 0x62, 0x67, 0x72, 0x67, 0x72, 0x87, 0x7a, 0xc8, 0x82, 0x67, 0x72,
    0xa8, 0x7a, 0xe8, 0x82, 0x87, 0x7a, 0x26, 0x62, 0xa5, 0x49, 0x84, 0x41,
    0x23, 0x31, 0xe5, 0x61, 0x85, 0x7a, 0xa5, 0x7a, 0x46, 0x6a, 0x06, 0x5a,
    0x45, 0x6a, 0x65, 0x72, 0xa4, 0x7a, 0xa5, 0x82, 0x05, 0x5a, 0x46, 0x62,
    0x66, 0x6a, 0x66, 0x6a, 0x87, 0x72, 0xa8, 0x72, 0x67, 0x6a, 0x68, 0x62,
    0x07, 0x52, 0x07, 0x5a, 0x48, 0x62, 0xa9, 0x72, 0x68, 0x6a, 0x06, 0x5a,
    0x06, 0x5a, 0x27, 0x62, 0x87, 0x72, 0x07, 0x93, 0xa8, 0x72, 0x27, 0x62,
    0x26, 0x6a, 0x06, 0x6a, 0x05, 0x6a, 0x46, 0x72, 0x25, 0x6a, 0xe5, 0x61,
    0xe5, 0x61, 0xe5, 0x61, 0xe5, 0x61, 0x05, 0x6a, 0x26, 0x72, 0x05, 0x6a,
    0xe5, 0x61, 0x87, 0x7a, 0xc8, 0x7a, 0x09, 0x8b, 0x6a, 0xa3, 0xca, 0xbb,
    0x06, 0xab, 0xc5, 0x9a, 0x28, 0xa3, 0x08, 0x93, 0xc8, 0x82, 0x66, 0x82,
    0x65, 0x82, 0x45, 0x7a, 0x66, 0x82, 0x67, 0x7a, 0xa7, 0x82, 0xa6, 0x8a,
    0xe6, 0x9a, 0xe5, 0x9a, 0x05, 0x72, 0x26, 0x72, 0x46, 0x72, 0x66, 0x82,
    0xa6, 0x8a, 0xc7, 0x8a, 0xe8, 0x92, 0x28, 0x9b, 0xe7, 0x92, 0xa7, 0x8a,
    0xa8, 0x8a, 0xc7, 0x92, 0x86, 0x8a, 0x28, 0x9b, 0xa7, 0x8a, 0x08, 0x9b,
    0x89, 0xab, 0x69, 0xa3, 0x69, 0xa3, 0x28, 0x9b, 0x49, 0x9b, 0x88, 0x72,
    0xc8, 0x82, 0xa7, 0x8a, 0xc8, 0x8a, 0xa7, 0x82, 0x09, 0x8b, 0x8a, 0xa3,
    0x8a, 0xa3, 0x6a, 0x9b, 0x6a, 0x9b, 0x4a, 0x9b, 0x09, 0x83, 0xc8, 0x7a,
    0x0a, 0x8b, 0x2a, 0x8b, 0xe9, 0x82, 0xc8, 0x7a, 0x09, 0x8b, 0xc9, 0x82,
    0xa8, 0x7a, 0xe9, 0x82, 0x0a, 0x8b, 0x4a, 0x93, 0xcb, 0xab, 0xab, 0xab,
    0x4a, 0x93, 0xe9, 0x7a, 0xc9, 0x7a, 0x4a, 0x8b, 0x4b, 0x93, 0x2a, 0x8b,
    0x8b, 0x9b, 0x6b, 0x93, 0xab, 0x9b, 0xec, 0xab, 0x8c, 0x93, 0x2a, 0x83,
    0x0a, 0x7b, 0x4b, 0x8b, 0x2b, 0x83, 0x8c, 0x93, 0x2a, 0x83, 0x6b, 0x8b,
    0x4b, 0x8b, 0x4b, 0x8b, 0x2a, 0x83, 0x0a, 0x83, 0x4b, 0x8b, 0x2b, 0x83,
    0x4b, 0x8b, 0x4b, 0x8b, 0x2a, 0x83, 0x0a, 0x7b, 0x2b, 0x8b, 0x2a, 0x8b,
    0x6b, 0x93, 0x8c, 0x9b, 0x6b, 0x93, 0x4b, 0x8b, 0x6b, 0x93, 0x4b, 0x8b,
    0x4b, 0x8b, 0x6b, 0x8b, 0x2a, 0x83, 0x2a, 0x83, 0x0a, 0x8b, 0xc9, 0x82,
    0x87, 0x72, 0x87, 0x7a, 0x26, 0x6a, 0xe5, 0x59, 0xe6, 0x59, 0x46, 0x6a,
    0x46, 0x6a, 0x87, 0x72, 0x67, 0x72, 0x06, 0x6a, 0x25, 0x72, 0xe5, 0x69,
    0x25, 0x72, 0x46, 0x72, 0xe5, 0x69, 0x67, 0x7a, 0xa8, 0x7a, 0x47, 0x6a,
    0x06, 0x62, 0x26, 0x62, 0x67, 0x72, 0x67, 0x72, 0x67, 0x72, 0x06, 0x62,
    0xe5, 0x61, 0x26, 0x6a, 0x67, 0x7a, 0x67, 0x72, 0xa4, 0x51, 0xe5, 0x59,
    0x46, 0x72, 0x46, 0x72, 0x67, 0x72, 0x46, 0x72, 0xa8, 0x82, 0xa8, 0x82,
    0x67, 0x7a, 0x87, 0x7a, 0x46, 0x72, 0x67, 0x7a, 0x67, 0x72, 0x87, 0x7a,
    0x87, 0x7a, 0x67, 0x7a, 0x47, 0x72, 0x46, 0x72, 0xa8, 0x82, 0x87, 0x7a,
    0xa8, 0x82, 0x46, 0x7a, 0x67, 0x7a, 0x29, 0x93, 0xe5, 0x61, 0x67, 0x72,
    0x47, 0x72, 0xa8, 0x82, 0xc8, 0x82, 0x67, 0x72, 0x87, 0x7a, 0xa8, 0x7a,
    0xa8, 0x7a, 0xe9, 0x82, 0x87, 0x72, 0x87, 0x72, 0x46, 0x6a, 0x67, 0x72,
    0x26, 0x6a, 0x67, 0x72, 0x87, 0x7a, 0x87, 0x7a, 0x87, 0x7a, 0x87, 0x7a,
    0x67, 0x72, 0xa7, 0x7a, 0xa8, 0x7a, 0x46, 0x6a, 0x25, 0x6a, 0x26, 0x62,
    0x06, 0x5a, 0xc5, 0x51, 0x27, 0x62, 0x47, 0x62, 0x64, 0x7a, 0x44, 0x9b,
    0x66, 0x6a, 0xe6, 0x51, 0xc5, 0x49, 0x25, 0x5a, 0x64, 0x72, 0x04, 0x62,
    0x05, 0x5a, 0x06, 0x5a, 0x05, 0x5a, 0x66, 0x6a, 0x45, 0x6a, 0x44, 0x6a,
    0xc5, 0x82, 0xc8, 0x7a, 0x88, 0x6a, 0xc9, 0x82, 0x09, 0x93, 0xe9, 0x82,
    0xc8, 0x82, 0xc9, 0x7a, 0xc8, 0x7a, 0x88, 0x72, 0x46, 0x6a, 0x85, 0x82,
    0x07, 0x93, 0x29, 0x93, 0xa8, 0x72, 0x47, 0x6a, 0x47, 0x6a, 0x46, 0x72,
    0x67, 0x72, 0xa8, 0x7a, 0xe8, 0x82, 0x26, 0x6a, 0xa4, 0x59, 0xc4, 0x59,
    0x25, 0x72, 0x25, 0x72, 0xc4, 0x61, 0xe4, 0x69, 0x25, 0x72, 0x45, 0x7a,
    0x25, 0x7a, 0x85, 0x92, 0xc4, 0xa2, 0x68, 0xb3, 0x28, 0x9b, 0x09, 0x93,
    0xe8, 0x92, 0x29, 0xa3, 0x48, 0xab, 0x07, 0x9b, 0x08, 0x93, 0xa8, 0x82,
    0x09, 0x93, 0xe8, 0x92, 0x87, 0x82, 0x07, 0x9b, 0xc7, 0x92, 0xc8, 0x8a,
    0xa8, 0x82, 0xa8, 0x8a, 0xe8, 0x92, 0x29, 0x9b, 0xab, 0xa3, 0xe9, 0x8a,
    0xe8, 0x8a, 0xc9, 0xbb, 0x28, 0x9b, 0xc8, 0x8a, 0xe8, 0x8a, 0xe8, 0x92,
    0xc7, 0x92, 0xc8, 0x92, 0x08, 0x9b, 0x28, 0xa3, 0xc7, 0x8a, 0x49, 0xa3,
    0x89, 0xab, 0x89, 0xab, 0x08, 0x93, 0xe8, 0x8a, 0xa8, 0x7a, 0xc9, 0x82,
    0xe9, 0x82, 0x09, 0x8b, 0x4a, 0x9b, 0xcb, 0xab, 0xab, 0xab, 0xaa, 0xab,
    0x8a, 0xa3, 0xa8, 0x7a, 0x29, 0x93, 0x09, 0x93, 0x09, 0x8b, 0xc8, 0x7a,
    0x88, 0x72, 0xa8, 0x7a, 0xa8, 0x7a, 0x87, 0x7a, 0xc8, 0x82, 0xc9, 0x82,
    0x4a, 0x93, 0x2a, 0x8b, 0xc8, 0x7a, 0xa8, 0x72, 0x6a, 0x93, 0xc9, 0x7a,
    0xc9, 0x72, 0x4b, 0x83, 0x4b, 0x83, 0x0a, 0x7b, 0xe9, 0x7a, 0xa9, 0x72,
    0x2a, 0x83, 0x4b, 0x8b, 0x8b, 0x93, 0x8c, 0x93, 0x4b, 0x8b, 0x88, 0x62,
    0xe9, 0x7a, 0xe9, 0x7a, 0x0a, 0x7b, 0x2a, 0x83, 0x8c, 0x93, 0xac, 0x93,
    0xc9, 0x72, 0x2a, 0x83, 0x0a, 0x83, 0xa9, 0x72, 0xa9, 0x72, 0x88, 0x72,
    0x09, 0x83, 0x2a, 0x8b, 0x6a, 0x93, 0x6a, 0x93, 0x0a, 0x83, 0xea, 0x7a,
    0x2a, 0x83, 0x6c, 0x8b, 0x2a, 0x83, 0x2b, 0x8b, 0xa8, 0x72, 0x0a, 0x8b,
    0xc9, 0x82, 0xc9, 0x82, 0xc8, 0x7a, 0x47, 0x6a, 0x87, 0x72, 0x67, 0x72,
    0x47, 0x6a, 0x87, 0x72, 0xa8, 0x7a, 0x88, 0x72, 0xa8, 0x7a, 0xc8, 0x82,
    0x87, 0x7a, 0x06, 0x62, 0x46, 0x6a, 0xe8, 0x8a, 0xe8, 0x8a, 0x09, 0x8b,
    0xa8, 0x7a, 0x05, 0x62, 0x26, 0x6a, 0x47, 0x72, 0x26, 0x6a, 0x06, 0x62,
    0x26, 0x6a, 0xe5, 0x59, 0x84, 0x51, 0xe5, 0x61, 0xe5, 0x59, 0x67, 0x72,
    0x06, 0x62, 0x47, 0x72, 0x2a, 0x93, 0xc8, 0x82, 0x67, 0x72, 0x26, 0x62,
    0x47, 0x72, 0x87, 0x7a, 0x67, 0x72, 0xc5, 0x59, 0xa4, 0x59, 0xc4, 0x61,
    0xe5, 0x61, 0xa4, 0x59, 0x84, 0x51, 0xa4, 0x59, 0xa4, 0x59, 0xc4, 0x61,
    0xe5, 0x61, 0x88, 0x7a, 0x4a, 0x93, 0x29, 0x93, 0xa8, 0x82, 0x05, 0x6a,
    0x46, 0x72, 0xa8, 0x82, 0x05, 0x6a, 0x67, 0x7a, 0x46, 0x72, 0xa4, 0x59,
    0x84, 0x51, 0x83, 0x51, 0xa4, 0x51, 0xe5, 0x51, 0xc4, 0x49, 0xc4, 0x49,
    0xa4, 0x49, 0xe5, 0x51, 0xe5, 0x59, 0x26, 0x6a, 0x87, 0x7a, 0xe8, 0x82,
    0xa7, 0x7a, 0x46, 0x6a, 0x66, 0x6a, 0x46, 0x6a, 0x26, 0x62, 0x66, 0x6a,
    0x24, 0x6a, 0x66, 0x6a, 0xa7, 0x7a, 0x88, 0x72, 0x68, 0x72, 0xe6, 0x59,
    0x64, 0xa3, 0xc4, 0x8a, 0x44, 0x6a, 0x44, 0x39, 0x84, 0x41, 0xa4, 0x51,
    0x44, 0x72, 0xe4, 0x59, 0x84, 0x41, 0x84, 0x41, 0x84, 0x41, 0xa4, 0x49,
    0xc4, 0x51, 0xe3, 0x59, 0xe3, 0x59, 0xc5, 0x8a, 0xe7, 0x8a, 0xc8, 0x82,
    0xa7, 0x8a, 0x88, 0x72, 0x88, 0x72, 0xc9, 0x82, 0xa8, 0x7a, 0x26, 0x62,
    0xa4, 0x49, 0x04, 0x5a, 0x65, 0x72, 0x06, 0x93, 0x08, 0x8b, 0xa8, 0x7a,
    0x68, 0x6a, 0x27, 0x6a, 0xa8, 0x72, 0xe9, 0x82, 0x67, 0x72, 0x47, 0x72,
    0xa7, 0x82, 0x25, 0x72, 0x84, 0x59, 0xa4, 0x59, 0xa4, 0x61, 0xa3, 0x61,
    0xa3, 0x61, 0xc3, 0x69, 0x23, 0x82, 0xc3, 0xaa, 0x45, 0xbb, 0xa8, 0xc3,
    0x27, 0xab, 0x88, 0xb3, 0x89, 0xb3, 0x69, 0xab, 0x29, 0xa3, 0x49, 0xa3,
    0x29, 0xa3, 0x8a, 0xab, 0x08, 0x9b, 0xe8, 0x92, 0x26, 0x72, 0x46, 0x7a,
    0x47, 0xb3, 0xa8, 0xbb, 0x28, 0x9b, 0xc7, 0x92, 0x86, 0x8a, 0xa7, 0x92,
    0xa7, 0x8a, 0x87, 0x7a, 0xc8, 0x82, 0x08, 0x9b, 0xc9, 0xbb, 0x86, 0x82,
    0xa8, 0x8a, 0xc8, 0x8a, 0x09, 0x93, 0xe9, 0x92, 0xc8, 0x8a, 0x08, 0x93,
    0x28, 0x9b, 0xa7, 0x82, 0x87, 0x7a, 0xa8, 0x82, 0x09, 0x93, 0x29, 0x93,
    0x08, 0x8b, 0x67, 0x72, 0xa8, 0x7a, 0xa8, 0x7a, 0xe9, 0x82, 0xe9, 0x8a,
    0xe9, 0x82, 0x2a, 0x93, 0xcb, 0xb3, 0x69, 0xa3, 0x09, 0x8b, 0x2a, 0x8b,
    0x6a, 0x9b, 0xcb, 0xab, 0x8a, 0x9b, 0x8a, 0xa3, 0xaa, 0xab, 0x8a, 0xa3,
    0xa8, 0x72, 0xe9, 0x7a, 0xe9, 0x7a, 0xc9, 0x7a, 0x0a, 0x83, 0x0a, 0x83,
    0x2a, 0x8b, 0x4a, 0x93, 0x2a, 0x8b, 0x6b, 0x93, 0x4a, 0x8b, 0x2a, 0x83,
    0xea, 0x7a, 0xea, 0x72, 0xc9, 0x72, 0x0a, 0x7b, 0x0a, 0x73, 0xc9, 0x6a,
    0x2b, 0x7b, 0xa9, 0x62, 0x47, 0x5a, 0x47, 0x5a, 0x88, 0x62, 0x88, 0x6a,
    0xe9, 0x7a, 0x09, 0x83, 0x2a, 0x8b, 0x2a, 0x83, 0x2a, 0x83, 0x0a, 0x83,
    0x09, 0x8b, 0xc7, 0x82, 0xe9, 0x7a, 0x68, 0x62, 0xa8, 0x72, 0xc8, 0x7a,
    0xc9, 0x7a, 0x0a, 0x83, 0x2a, 0x8b, 0x0a, 0x83, 0x0a, 0x83, 0xe9, 0x82,
    0xa8, 0x72, 0x89, 0x6a, 0xc9, 0x7a, 0xc9, 0x7a, 0xa9, 0x72, 0xa9, 0x72,
    0xa9, 0x72, 0xc9, 0x72, 0xc9, 0x7a, 0x88, 0x6a, 0xa8, 0x72, 0xe9, 0x7a,
    0x0a, 0x8b, 0xc9, 0x7a, 0x06, 0x5a, 0x26, 0x5a, 0xa8, 0x7a, 0xe8, 0x8a,
    0xe8, 0x8a, 0x87, 0x7a, 0x67, 0x72, 0x67, 0x72, 0x67, 0x72, 0x87, 0x72,
    0x47, 0x6a, 0x06, 0x62, 0x26, 0x6a, 0xc5, 0x59, 0x47, 0x6a, 0x67, 0x72,
    0x47, 0x72, 0x47, 0x6a, 0x67, 0x72, 0xe9, 0x82, 0x0a, 0x8b, 0x27, 0x6a,
    0x67, 0x72, 0x88, 0x7a, 0x88, 0x7a, 0xa8, 0x7a, 0x88, 0x7a, 0xa5, 0x51,
    0x26, 0x6a, 0x67, 0x72, 0x66, 0x72, 0x46, 0x7a, 0x46, 0x72, 0xc5, 0x61,
    0x87, 0x7a, 0xe8, 0x8a, 0xe9, 0x8a, 0x67, 0x72, 0x09, 0x93, 0xe8, 0x8a,
    0xe8, 0x8a, 0xa8, 0x82, 0x87, 0x82, 0xa7, 0x82, 0xa7, 0x82, 0x67, 0x72,
    0x67, 0x7a, 0x67, 0x72, 0x87, 0x7a, 0x46, 0x6a, 0x05, 0x5a, 0x05, 0x52,
    0xe4, 0x49, 0x84, 0x41, 0xc5, 0x49, 0xe5, 0x51, 0x26, 0x62, 0xa8, 0x72,
    0x67, 0x6a, 0xc8, 0x7a, 0x87, 0x72, 0x87, 0x72, 0x66, 0x6a, 0x25, 0x5a,
    0x26, 0x5a, 0x26, 0x62, 0x26, 0x62, 0xa7, 0x72, 0x07, 0x93, 0xa6, 0x7a,
    0x67, 0x72, 0xc5, 0x51, 0xc4, 0x8a, 0x43, 0x6a, 0x84, 0x7a, 0x24, 0x62,
    0xa4, 0x49, 0x43, 0x41, 0x44, 0x7a, 0x03, 0x5a, 0x63, 0x39, 0x84, 0x41,
    0xa5, 0x49, 0x84, 0x41, 0x63, 0x41, 0x83, 0x49, 0x43, 0x72, 0xe4, 0x92,
    0x25, 0x6a, 0xc5, 0x51, 0xc5, 0x51, 0xa5, 0x49, 0xa5, 0x49, 0x85, 0x41,
    0xa5, 0x49, 0x05, 0x5a, 0x84, 0x41, 0x44, 0x6a, 0xa3, 0x51, 0xe3, 0x61,
    0x26, 0xa3, 0x27, 0x9b, 0xa8, 0x82, 0x87, 0x7a, 0x87, 0x7a, 0xa8, 0x7a,
    0xa8, 0x7a, 0x67, 0x72, 0x66, 0x72, 0xc7, 0x8a, 0xc8, 0x8a, 0x87, 0x7a,
    0x66, 0x7a, 0xa7, 0x82, 0x45, 0x7a, 0xa5, 0x92, 0x43, 0x8a, 0x64, 0xc3,
    0x84, 0x9a, 0x47, 0xab, 0x27, 0xab, 0xe7, 0x9a, 0x89, 0xb3, 0xc9, 0xbb,
    0x69, 0xab, 0x0a, 0xc4, 0x0b, 0xbc, 0xaa, 0xab, 0xeb, 0xbb, 0xeb, 0xbb,
    0x0b, 0xc4, 0x69, 0xab, 0x08, 0x93, 0xc7, 0x8a, 0x45, 0x72, 0x64, 0x7a,
    0xe6, 0x9a, 0xc6, 0x92, 0xa6, 0x8a, 0xe7, 0x92, 0xe8, 0x92, 0xa7, 0x8a,
    0x28, 0x9b, 0x47, 0xab, 0x48, 0xa3, 0xe8, 0x8a, 0xa8, 0x82, 0x09, 0x93,
    0x29, 0x93, 0x4a, 0x9b, 0x49, 0xa3, 0x49, 0xa3, 0x69, 0x9b, 0x49, 0x9b,
    0x49, 0x9b, 0x67, 0x72, 0x09, 0x93, 0x49, 0x93, 0xc8, 0x82, 0xa8, 0x7a,
    0xc9, 0x82, 0xa9, 0x7a, 0xc9, 0x82, 0xa8, 0x7a, 0x09, 0x8b, 0x6a, 0xa3,
    0x6a, 0xa3, 0x29, 0x93, 0xe9, 0x82, 0x4a, 0x93, 0x6a, 0x93, 0x29, 0x8b,
    0xe7, 0x82, 0x48, 0x9b, 0xe7, 0x82, 0x46, 0x62, 0x88, 0x6a, 0xa9, 0x72,
    0x0a, 0x7b, 0xac, 0x9b, 0x6b, 0x93, 0x6c, 0x93, 0x0a, 0x83, 0x2b, 0x83,
    0xc9, 0x72, 0xe9, 0x7a, 0x4a, 0x8b, 0xab, 0x9b, 0x2a, 0x83, 0x4b, 0x8b,
    0x2a, 0x7b, 0xc9, 0x6a, 0xa9, 0x6a, 0x88, 0x62, 0xc9, 0x72, 0xe9, 0x7a,
    0xc9, 0x72, 0x0a, 0x83, 0x09, 0x83, 0xc9, 0x7a, 0x68, 0x6a, 0xc9, 0x7a,
    0xa8, 0x72, 0xc9, 0x7a, 0xe9, 0x82, 0xc8, 0x7a, 0xa8, 0x72, 0xc9, 0x7a,
    0x0a, 0x83, 0x4b, 0x8b, 0x0a, 0x83, 0x6c, 0x93, 0x0a, 0x83, 0x09, 0x83,
    0x0a, 0x83, 0x0a, 0x83, 0xa9, 0x7a, 0x68, 0x6a, 0x47, 0x6a, 0x68, 0x6a,
    0x88, 0x72, 0x68, 0x6a, 0x47, 0x62, 0x48, 0x6a, 0x47, 0x62, 0xa8, 0x7a,
    0x87, 0x7a, 0xc8, 0x82, 0xe9, 0x82, 0xa8, 0x7a, 0xe9, 0x82, 0x09, 0x8b,
    0xe9, 0x82, 0x67, 0x72, 0xc8, 0x7a, 0x09, 0x83, 0x88, 0x72, 0x67, 0x72,
    0x47, 0x6a, 0x88, 0x72, 0x67, 0x72, 0xa8, 0x7a, 0x88, 0x72, 0x47, 0x6a,
    0x67, 0x72, 0xa8, 0x7a, 0xe9, 0x82, 0x0a, 0x8b, 0xe9, 0x82, 0x68, 0x6a,
    0xa9, 0x7a, 0xa8, 0x7a, 0xc9, 0x7a, 0xe9, 0x8a, 0xa8, 0x82, 0x87, 0x7a,
    0x06, 0x62, 0x06, 0x62, 0x87, 0x7a, 0x47, 0x72, 0x06, 0x62, 0x06, 0x6a,
    0x67, 0x72, 0x88, 0x72, 0xe9, 0x8a, 0xc8, 0x82, 0x29, 0x93, 0xc8, 0x82,
    0x09, 0x8b, 0xc8, 0x8a, 0x09, 0x8b, 0xc8, 0x82, 0xe8, 0x8a, 0x09, 0x93,
    0xe9, 0x8a, 0xe9, 0x82, 0xc8, 0x82, 0x87, 0x72, 0x46, 0x62, 0x26, 0x62,
    0x06, 0x52, 0x47, 0x62, 0xa8, 0x7a, 0x29, 0x93, 0x6b, 0x93, 0x6b, 0x93,
    0x8c, 0x93, 0x6c, 0x93, 0x4b, 0x8b, 0xe9, 0x82, 0x66, 0x72, 0xa8, 0x72,
    0x46, 0x62, 0x67, 0x6a, 0xe5, 0x59, 0xc5, 0x51, 0x65, 0x72, 0x45, 0x6a,
    0x84, 0x82, 0x85, 0x7a, 0x85, 0x7a, 0x06, 0x5a, 0x83, 0x41, 0xe3, 0x59,
    0xc3, 0x51, 0x44, 0x6a, 0x84, 0x7a, 0x44, 0x72, 0x64, 0x7a, 0x03, 0x62,
    0x23, 0x31, 0x23, 0x31, 0x23, 0x31, 0x63, 0x41, 0x44, 0x6a, 0x82, 0x49,
    0x03, 0x9b, 0x43, 0x72, 0x43, 0x41, 0x23, 0x39, 0x64, 0x41, 0x84, 0x49,
    0x64, 0x41, 0x84, 0x41, 0x64, 0x41, 0x64, 0x72, 0xe5, 0x8a, 0x65, 0xa3,
    0x44, 0x72, 0x44, 0x7a, 0x04, 0x72, 0xc6, 0x92, 0x28, 0x9b, 0x09, 0x93,
    0x08, 0x9b, 0x89, 0xab, 0x6a, 0x9b, 0x09, 0x93, 0x87, 0x7a, 0x66, 0x72,
    0x69, 0xa3, 0xe8, 0x8a, 0xa6, 0x7a, 0x66, 0x72, 0x28, 0x93, 0xa9, 0xbb,
    0x47, 0xab, 0x08, 0xd4, 0xe7, 0xcb, 0xc7, 0x8a, 0xe8, 0x92, 0x49, 0x9b,
    0xe8, 0x8a, 0xa7, 0x8a, 0xa9, 0xb3, 0x28, 0xa3, 0x27, 0xa3, 0xe9, 0x82,
    0x0a, 0x8b, 0x09, 0x83, 0x4a, 0x93, 0x6a, 0x9b, 0x88, 0x72, 0xc5, 0x49,
    0xa6, 0x8a, 0x87, 0xb3, 0x68, 0xb3, 0x46, 0x72, 0x25, 0x62, 0xe4, 0x59,
    0x24, 0x6a, 0x85, 0x82, 0x65, 0x82, 0x46, 0xab, 0xe5, 0xa2, 0x26, 0xab,
    0x49, 0x9b, 0xa8, 0x7a, 0xc8, 0x82, 0xa8, 0x7a, 0xa8, 0x7a, 0x09, 0x8b,
    0x09, 0x93, 0xab, 0xab, 0x2c, 0xbc, 0x4a, 0x9b, 0x09, 0x8b, 0x29, 0x93,
    0xe8, 0x8a, 0x49, 0x93, 0x29, 0x8b, 0x29, 0x93, 0x29, 0x8b, 0xc9, 0x82,
    0x68, 0x72, 0xa8, 0x7a, 0x6a, 0x9b, 0xab, 0xa3, 0x29, 0x93, 0x88, 0x7a,
    0x09, 0x83, 0x0a, 0x8b, 0x0a, 0x8b, 0x4a, 0x93, 0x4a, 0x93, 0xe7, 0x82,
    0x07, 0x83, 0x49, 0x8b, 0x67, 0x62, 0x88, 0x62, 0xa8, 0x6a, 0xc9, 0x72,
    0xea, 0x72, 0x0a, 0x7b, 0x2a, 0x7b, 0xc9, 0x72, 0xc9, 0x6a, 0x0a, 0x7b,
    0x0a, 0x73, 0xc9, 0x6a, 0x68, 0x5a, 0xc9, 0x6a, 0xc9, 0x72, 0x0a, 0x83,
    0x6b, 0x8b, 0x2a, 0x83, 0x0a, 0x83, 0xa8, 0x7a, 0x67, 0x6a, 0xe9, 0x7a,
    0xa9, 0x72, 0x0a, 0x83, 0xc9, 0x7a, 0x88, 0x72, 0xc9, 0x7a, 0xc9, 0x7a,
    0x0a, 0x83, 0x4b, 0x8b, 0x0a, 0x83, 0x88, 0x72, 0xea, 0x7a, 0x2b, 0x8b,
    0x6c, 0x8b, 0x2b, 0x83, 0xea, 0x7a, 0xea, 0x7a, 0xea, 0x7a, 0xc9, 0x7a,
    0xa9, 0x72, 0x27, 0x62, 0x27, 0x62, 0x68, 0x6a, 0x27, 0x5a, 0xa5, 0x49,
    0x27, 0x5a, 0xe9, 0x82, 0x0a, 0x83, 0x0a, 0x83, 0x88, 0x72, 0x47, 0x6a,
    0xc8, 0x82, 0x87, 0x7a, 0x87, 0x72, 0xc9, 0x82, 0xe9, 0x8a, 0xc8, 0x82,
    0x88, 0x7a, 0x88, 0x72, 0x47, 0x6a, 0x88, 0x72, 0x88, 0x72, 0x47, 0x6a,
    0x88, 0x72, 0x68, 0x72, 0x67, 0x6a, 0xe9, 0x82, 0xc9, 0x82, 0xa8, 0x82,
    0x67, 0x72, 0x87, 0x72, 0x88, 0x72, 0xc8, 0x82, 0xa8, 0x7a, 0xc9, 0x82,
    0xc9, 0x7a, 0xc9, 0x7a, 0x88, 0x72, 0x88, 0x72, 0x88, 0x72, 0x67, 0x6a,
    0x88, 0x72, 0x2a, 0x8b, 0x6b, 0x9b, 0x2a, 0x8b, 0xe9, 0x8a, 0xc8, 0x82,
    0xc8, 0x82, 0xe8, 0x8a, 0xc8, 0x82, 0xc7, 0x82, 0xe7, 0x8a, 0xe7, 0x92,
    0x87, 0x82, 0x25, 0x72, 0x67, 0x7a, 0x67, 0x7a, 0xc8, 0x7a, 0x67, 0x6a,
    0xc9, 0x7a, 0x2a, 0x8b, 0x2a, 0x83, 0x2a, 0x8b, 0x4b, 0x93, 0x88, 0xa3,
    0x49, 0x93, 0x68, 0x9b, 0x88, 0x72, 0x87, 0x72, 0x46, 0x6a, 0x46, 0x6a,
    0x25, 0x62, 0x46, 0x62, 0xc5, 0x51, 0xa5, 0x51, 0xc4, 0x51, 0x45, 0x6a,
    0xc4, 0x51, 0xa4, 0x82, 0x03, 0x62, 0xc5, 0x82, 0xa4, 0x82, 0x85, 0x7a,
    0x04, 0x5a, 0xa3, 0x49, 0x43, 0x39, 0x83, 0x41, 0xe3, 0x61, 0x84, 0x82,
    0xe3, 0x59, 0x03, 0x62, 0xc3, 0x51, 0x63, 0x49, 0x63, 0x41, 0xe4, 0x59,
    0x05, 0x5a, 0x63, 0x7a, 0xc3, 0x8a, 0x83, 0x49, 0xc4, 0x59, 0xc5, 0x51,
    0x06, 0x5a, 0xc6, 0x51, 0xc5, 0x51, 0x25, 0x62, 0xe4, 0x59, 0x85, 0x7a,
    0xe5, 0x8a, 0xe4, 0x8a, 0xe4, 0x92, 0x24, 0x9b, 0xc4, 0x92, 0xe5, 0x59,
    0x87, 0x72, 0xc8, 0x82, 0xc8, 0x82, 0xc8, 0x82, 0xc6, 0x82, 0x86, 0x7a,
    0xe4, 0x59, 0x65, 0x72, 0x08, 0x8b, 0x49, 0x93, 0x85, 0x72, 0x65, 0x72,
    0x07, 0x93, 0xa6, 0x8a, 0x0a, 0xc4, 0x09, 0xcc, 0xe9, 0xbb, 0x4a, 0x9b,
    0x2a, 0x8b, 0xe9, 0x82, 0x87, 0x7a, 0x67, 0x7a, 0xc8, 0x82, 0xc8, 0x82,
    0xa7, 0x82, 0xc9, 0x82, 0x67, 0x6a, 0xa8, 0x7a, 0x4a, 0x9b, 0x2a, 0x93,
    0xe9, 0x82, 0xe9, 0x82, 0x09, 0x8b, 0xe8, 0x8a, 0x46, 0x6a, 0x06, 0x5a,
    0x06, 0x62, 0xe5, 0x59, 0xc4, 0x59, 0x85, 0x8a, 0x68, 0xb3, 0x68, 0xb3,
    0x27, 0xa3, 0x47, 0xab, 0xc9, 0xbb, 0x4b, 0xcc, 0xcb, 0xb3, 0x49, 0x93,
    0x09, 0x8b, 0x4a, 0x93, 0x4a, 0x93, 0x4b, 0x93, 0x4a, 0x93, 0xac, 0xa3,
    0xab, 0xab, 0x2a, 0x93, 0x4a, 0x93, 0x8b, 0x9b, 0xe8, 0x82, 0x69, 0xa3,
    0x49, 0x9b, 0xcb, 0xab, 0x09, 0x83, 0xc9, 0x72, 0x2a, 0x8b, 0x6a, 0x9b,
    0x8a, 0xab, 0xaa, 0xa3, 0x8b, 0x9b, 0x4a, 0x93, 0x88, 0x6a, 0x67, 0x6a,
    0x06, 0x5a, 0x26, 0x5a, 0x65, 0x6a, 0x28, 0x8b, 0x6b, 0x8b, 0x2a, 0x83,
    0xe9, 0x72, 0xc9, 0x72, 0x88, 0x6a, 0xc9, 0x72, 0x88, 0x62, 0xa9, 0x6a,
    0xea, 0x72, 0xc9, 0x72, 0x67, 0x5a, 0xa8, 0x6a, 0x4b, 0x83, 0x8c, 0x93,
    0x6b, 0x93, 0x2a, 0x8b, 0x6b, 0x8b, 0x4b, 0x8b, 0xc9, 0x7a, 0xe9, 0x82,
    0x2a, 0x83, 0x2a, 0x83, 0x2a, 0x8b, 0x4b, 0x8b, 0x0a, 0x83, 0xe9, 0x7a,
    0xc9, 0x7a, 0x88, 0x72, 0x88, 0x72, 0xc8, 0x7a, 0xa8, 0x72, 0xea, 0x7a,
    0x0b, 0x83, 0xc9, 0x7a, 0xea, 0x7a, 0xea, 0x7a, 0xa9, 0x6a, 0x27, 0x62,
    0x88, 0x72, 0x68, 0x72, 0x47, 0x6a, 0x68, 0x6a, 0x47, 0x62, 0x06, 0x5a,
    0xe6, 0x59, 0x88, 0x6a, 0x0a, 0x83, 0xe9, 0x82, 0xc8, 0x82, 0xc9, 0x7a,
    0xea, 0x82, 0x4b, 0x93, 0xe9, 0x8a, 0xe9, 0x82, 0xe9, 0x8a, 0x09, 0x8b,
    0x0a, 0x8b, 0xc9, 0x7a, 0xc9, 0x7a, 0xc9, 0x7a, 0xa9, 0x72, 0xc9, 0x72,
    0x27, 0x62, 0xe6, 0x59, 0x27, 0x62, 0xa9, 0x72, 0x0a, 0x83, 0xc9, 0x7a,
    0x06, 0x62, 0x67, 0x72, 0xa8, 0x7a, 0x87, 0x7a, 0x87, 0x72, 0x06, 0x62,
    0x06, 0x62, 0x47, 0x6a, 0x68, 0x72, 0x88, 0x72, 0x47, 0x6a, 0xa8, 0x7a,
    0xe8, 0x82, 0xc8, 0x82, 0xc8, 0x82, 0xc9, 0x82, 0xa8, 0x7a, 0xe9, 0x82,
    0x87, 0x7a, 0x67, 0x72, 0x87, 0x7a, 0x87, 0x7a, 0x66, 0x72, 0x86, 0x7a,
    0xe6, 0x8a, 0x46, 0xa3, 0x07, 0x93, 0x09, 0x8b, 0x2a, 0x93, 0x4b, 0x9b,
    0xe9, 0x82, 0x66, 0x62, 0x67, 0x62, 0x26, 0x5a, 0x67, 0x6a, 0xe9, 0x7a,
    0x08, 0x8b, 0xe5, 0x8a, 0xe4, 0x8a, 0xc5, 0x82, 0x86, 0x7a, 0x85, 0x82,
    0xc5, 0x82, 0x84, 0x7a, 0x24, 0x6a, 0x64, 0x72, 0xe4, 0x59, 0x65, 0x72,
    0x26, 0x62, 0xe6, 0x8a, 0x07, 0x93, 0x25, 0x9b, 0x84, 0x7a, 0xe5, 0x8a,
    0x64, 0x7a, 0x44, 0x6a, 0xe4, 0x51, 0x43, 0x31, 0x25, 0x62, 0xa3, 0x49,
    0x64, 0x7a, 0x43, 0x72, 0x23, 0x62, 0x63, 0x7a, 0xe4, 0x8a, 0x84, 0x72,
    0x05, 0x5a, 0xc5, 0x49, 0xa4, 0x49, 0xc4, 0x8a, 0x44, 0x72, 0xc5, 0x51,
    0xa5, 0x51, 0xc5, 0x49, 0x06, 0x5a, 0x27, 0x5a, 0x47, 0x62, 0xa6, 0x7a,
    0xc6, 0x82, 0xa5, 0x7a, 0xe4, 0x82, 0xe4, 0x8a, 0x45, 0x9b, 0x45, 0x9b,
    0x05, 0x8b, 0x25, 0x6a, 0x64, 0x41, 0x06, 0x5a, 0x68, 0x6a, 0xe6, 0x51,
    0xa4, 0x49, 0xe4, 0x59, 0xe4, 0x61, 0xc6, 0x82, 0x45, 0x6a, 0x04, 0x62,
    0x24, 0x6a, 0xe6, 0x8a, 0x89, 0xab, 0x67, 0xb3, 0x0a, 0xcc, 0xea, 0xbb,
    0x28, 0x9b, 0xe8, 0x8a, 0xe9, 0x8a, 0x46, 0x72, 0x05, 0x6a, 0x66, 0x7a,
    0xe9, 0x82, 0xa8, 0x7a, 0xc8, 0x82, 0xa8, 0x82, 0xe8, 0x92, 0x89, 0xab,
    0x8a, 0xa3, 0x49, 0x9b, 0x68, 0xab, 0xaa, 0xab, 0x28, 0x93, 0xc6, 0x82,
    0x65, 0x7a, 0xe6, 0x8a, 0x28, 0x93, 0x0a, 0x93, 0x09, 0x93, 0x47, 0xa3,
    0x88, 0xb3, 0x0a, 0xc4, 0x0a, 0xc4, 0x89, 0xab, 0x08, 0x93, 0xc7, 0x8a,
    0x28, 0x9b, 0x48, 0xa3, 0x89, 0xab, 0x28, 0x93, 0x29, 0x93, 0x29, 0x93,
    0x6a, 0x9b, 0x2a, 0x8b, 0x0a, 0x83, 0xe9, 0x7a, 0x2a, 0x83, 0x2a, 0x83,
    0xa8, 0x72, 0xa8, 0x72, 0xe9, 0x7a, 0xc9, 0x72, 0xe9, 0x7a, 0xc9, 0x72,
    0x88, 0x6a, 0x67, 0x6a, 0x29, 0x8b, 0xeb, 0xb3, 0xcb, 0xab, 0xcc, 0xab,
    0xe8, 0x7a, 0x29, 0x8b, 0x89, 0x9b, 0x29, 0x8b, 0xe8, 0x82, 0xe8, 0x7a,
    0x46, 0x62, 0x88, 0x6a, 0xea, 0x7a, 0x0a, 0x83, 0xe9, 0x7a, 0x4b, 0x8b,
    0xac, 0x9b, 0x0a, 0x7b, 0xe9, 0x72, 0x88, 0x5a, 0x0a, 0x7b, 0x4b, 0x8b,
    0x4b, 0x8b, 0x6b, 0x8b, 0x8c, 0x93, 0x0a, 0x83, 0x0a, 0x83, 0x2a, 0x83,
    0x0a, 0x83, 0xe9, 0x7a, 0xc9, 0x7a, 0xc9, 0x72, 0x0a, 0x83, 0x0a, 0x83,
    0xc9, 0x7a, 0x0a, 0x83, 0x0a, 0x83, 0x0a, 0x7b, 0x2a, 0x83, 0xa9, 0x7a,
    0x47, 0x6a, 0x47, 0x72, 0x88, 0x72, 0x67, 0x72, 0x68, 0x72, 0xa9, 0x72,
    0x0a, 0x83, 0xe6, 0x59, 0x88, 0x72, 0x67, 0x72, 0x47, 0x6a, 0x67, 0x6a,
    0x47, 0x62, 0xc5, 0x49, 0xc5, 0x51, 0xa8, 0x7a, 0xe9, 0x82, 0xc9, 0x7a,
    0x88, 0x72, 0x09, 0x8b, 0x09, 0x8b, 0x09, 0x8b, 0xe9, 0x82, 0xe9, 0x82,
    0x0a, 0x8b, 0xe9, 0x82, 0xc9, 0x7a, 0xa9, 0x7a, 0xc9, 0x7a, 0xc9, 0x7a,
    0xa9, 0x7a, 0xa9, 0x72, 0xe6, 0x59, 0x88, 0x72, 0xea, 0x7a, 0x2b, 0x83,
    0x88, 0x72, 0x67, 0x6a, 0xc9, 0x7a, 0x2a, 0x8b, 0x0a, 0x8b, 0x2a, 0x83,
    0xa8, 0x7a, 0x26, 0x62, 0x26, 0x62, 0xe9, 0x82, 0x09, 0x8b, 0xc9, 0x82,
    0x06, 0x6a, 0x67, 0x7a, 0x87, 0x7a, 0x25, 0x6a, 0xe4, 0x51, 0x83, 0x49,
    0xa4, 0x51, 0x66, 0x72, 0x45, 0x6a, 0xa4, 0x49, 0x26, 0x62, 0xa8, 0x7a,
    0x46, 0x6a, 0xc6, 0x82, 0xe6, 0x8a, 0xe6, 0x92, 0xc7, 0x82, 0x47, 0x6a,
    0x67, 0x6a, 0x68, 0x6a, 0xa5, 0x49, 0xc5, 0x49, 0xe5, 0x51, 0xc5, 0x49,
    0x26, 0x5a, 0xc6, 0x82, 0xa5, 0x82, 0xc4, 0x82, 0x44, 0x72, 0xe5, 0x8a,
    0xc6, 0x82, 0x06, 0x8b, 0x46, 0x9b, 0x46, 0x9b, 0xc6, 0x82, 0x25, 0x9b,
    0x25, 0x93, 0xe5, 0x8a, 0xc9, 0x7a, 0x07, 0x8b, 0x25, 0x9b, 0x64, 0x72,
    0x64, 0x72, 0xc3, 0x51, 0x04, 0x5a, 0xc3, 0x51, 0x63, 0x49, 0x43, 0x39,
    0xa3, 0x51, 0xc4, 0x59, 0xa3, 0x51, 0xe3, 0x59, 0x23, 0x62, 0x83, 0x7a,
    0xa3, 0x82, 0x63, 0x72, 0x25, 0x62, 0xa5, 0x41, 0xc5, 0x51, 0x23, 0x6a,
    0x04, 0x9b, 0xa4, 0x82, 0xa7, 0x72, 0xc9, 0x7a, 0x88, 0x72, 0xe7, 0x82,
    0x27, 0x5a, 0x46, 0x62, 0x45, 0x62, 0xe5, 0x8a, 0x84, 0x7a, 0x83, 0x7a,
    0xe4, 0x8a, 0x04, 0x93, 0x24, 0x93, 0x26, 0x93, 0x27, 0x5a, 0x27, 0x62,
    0x27, 0x5a, 0x26, 0x6a, 0xa4, 0x49, 0xe4, 0x59, 0x45, 0x6a, 0xe4, 0x51,
    0x05, 0x5a, 0x24, 0x6a, 0x65, 0x72, 0xc6, 0x8a, 0x45, 0x7a, 0x24, 0x72,
    0xe7, 0x92, 0xa8, 0x7a, 0xa8, 0x72, 0xe8, 0x92, 0xe7, 0x9a, 0xc7, 0x92,
    0xa7, 0x82, 0xe7, 0x8a, 0xc7, 0x8a, 0x08, 0x93, 0xe8, 0x92, 0x49, 0xa3,
    0x66, 0x7a, 0xa7, 0x82, 0x67, 0x72, 0x46, 0x72, 0x65, 0x82, 0xc7, 0x8a,
    0x05, 0x62, 0xa4, 0x49, 0xa4, 0x49, 0xe4, 0x59, 0xa5, 0x82, 0x89, 0xa3,
    0x8a, 0xa3, 0x8a, 0xab, 0x0b, 0xbc, 0x2c, 0xbc, 0x2b, 0xc4, 0x2c, 0xc4,
    0xeb, 0xb3, 0x29, 0x93, 0x25, 0x72, 0x69, 0xa3, 0x87, 0x72, 0xc5, 0x49,
    0x06, 0x5a, 0x66, 0x72, 0x86, 0x7a, 0x69, 0xa3, 0x6a, 0x9b, 0xab, 0xab,
    0xcb, 0xab, 0x8a, 0xa3, 0x4a, 0x93, 0x8b, 0x93, 0xe9, 0x7a, 0x6b, 0x8b,
    0x4b, 0x8b, 0x8b, 0x93, 0xab, 0x9b, 0x2a, 0x83, 0xc9, 0x7a, 0xe9, 0x7a,
    0x29, 0x8b, 0x2a, 0x8b, 0xc9, 0x7a, 0xe9, 0x82, 0x2a, 0x83, 0x2a, 0x8b,
    0x68, 0x6a, 0xa8, 0x72, 0x87, 0x6a, 0xa7, 0x72, 0xe8, 0x7a, 0x29, 0x83,
    0xe9, 0x7a, 0x2a, 0x8b, 0xa9, 0x72, 0x06, 0x4a, 0xe5, 0x41, 0x0a, 0x7b,
    0x2a, 0x83, 0x4b, 0x8b, 0x6b, 0x8b, 0x6b, 0x8b, 0x2a, 0x8b, 0xe9, 0x82,
    0x6b, 0x93, 0x8c, 0x9b, 0x8c, 0x9b, 0xcc, 0x9b, 0x6b, 0x93, 0x0a, 0x83,
    0xc9, 0x72, 0x88, 0x6a, 0x88, 0x6a, 0x0a, 0x7b, 0x4b, 0x8b, 0x0a, 0x83,
    0xc9, 0x7a, 0xe9, 0x7a, 0x68, 0x6a, 0x67, 0x72, 0xa8, 0x7a, 0x88, 0x7a,
    0x06, 0x62, 0x27, 0x62, 0x67, 0x6a, 0x43, 0x39, 0xe5, 0x59, 0x47, 0x6a,
    0x67, 0x72, 0x68, 0x6a, 0x48, 0x6a, 0xe6, 0x59, 0xa5, 0x49, 0x87, 0x7a,
    0x46, 0x72, 0x05, 0x6a, 0x26, 0x6a, 0x67, 0x7a, 0xa8, 0x82, 0xe8, 0x8a,
    0xc8, 0x82, 0xc9, 0x82, 0xe9, 0x82, 0xa8, 0x7a, 0xa8, 0x7a, 0xc9, 0x7a,
    0xc9, 0x82, 0xa8, 0x7a, 0x88, 0x72, 0x27, 0x62, 0xa9, 0x72, 0x88, 0x72,
    0xa8, 0x72, 0x68, 0x6a, 0xc9, 0x72, 0x4b, 0x8b, 0x2b, 0x8b, 0x0a, 0x83,
    0x0a, 0x83, 0xc9, 0x7a, 0x06, 0x52, 0xe4, 0x51, 0x45, 0x6a, 0x46, 0x6a,
    0x46, 0x72, 0x87, 0x72, 0x86, 0x7a, 0x46, 0x72, 0x46, 0x72, 0x06, 0x62,
    0x26, 0x62, 0x26, 0x62, 0x67, 0x72, 0xe8, 0x82, 0xc8, 0x82, 0x09, 0x83,
    0x2a, 0x8b, 0x4b, 0x8b, 0x4b, 0x8b, 0x2a, 0x8b, 0x49, 0x9b, 0xc6, 0x8a,
    0x08, 0x8b, 0x06, 0x93, 0x87, 0x72, 0x47, 0x62, 0x68, 0x6a, 0xea, 0x7a,
    0x2b, 0x83, 0x4b, 0x8b, 0xab, 0x9b, 0x87, 0xab, 0x26, 0x9b, 0xe5, 0x8a,
    0xa5, 0x82, 0x06, 0x93, 0xe5, 0x8a, 0x64, 0x72, 0xa5, 0x7a, 0xc5, 0x82,
    0x85, 0x7a, 0xc4, 0x82, 0x04, 0x93, 0x04, 0x93, 0xe6, 0x82, 0x86, 0x7a,
    0xc5, 0x8a, 0x44, 0x72, 0xc3, 0x51, 0xa3, 0x49, 0xc3, 0x51, 0xc3, 0x51,
    0x83, 0x41, 0x63, 0x39, 0x63, 0x41, 0x23, 0x31, 0xa3, 0x49, 0x83, 0x49,
    0xa2, 0x49, 0x83, 0x7a, 0x63, 0x7a, 0x43, 0x6a, 0xc4, 0x82, 0xe5, 0x51,
    0x85, 0x7a, 0x44, 0x6a, 0x45, 0x72, 0x66, 0x72, 0x47, 0x6a, 0xe6, 0x82,
    0xa7, 0x7a, 0xc7, 0x7a, 0x67, 0x62, 0x66, 0x6a, 0xc5, 0x7a, 0x05, 0x8b,
    0x26, 0x93, 0xa4, 0x7a, 0xc3, 0x82, 0x04, 0x93, 0x24, 0x9b, 0x65, 0xa3,
    0x47, 0x62, 0x06, 0x52, 0x27, 0x62, 0x06, 0x5a, 0xc5, 0x49, 0xa4, 0x51,
    0xe4, 0x59, 0xe4, 0x51, 0x83, 0x49, 0x43, 0x39, 0x83, 0x41, 0x83, 0x49,
    0xa3, 0x51, 0x03, 0x62, 0x25, 0x6a, 0x06, 0x5a, 0x84, 0x41, 0x25, 0x6a,
    0x87, 0x82, 0x29, 0x9b, 0xe8, 0x8a, 0x45, 0x6a, 0x85, 0x7a, 0xa6, 0x82,
    0xc8, 0x82, 0x46, 0x72, 0x46, 0x72, 0x26, 0x6a, 0xa5, 0x51, 0x85, 0x49,
    0xa5, 0x49, 0x27, 0x62, 0x85, 0x41, 0x44, 0x39, 0xa5, 0x49, 0xa4, 0x49,
    0x44, 0x6a, 0xe7, 0x92, 0x89, 0xab, 0x49, 0x9b, 0xaa, 0xab, 0x8b, 0x9b,
    0x6a, 0x9b, 0x6b, 0x9b, 0x4a, 0x93, 0x2a, 0x8b, 0xc9, 0x7a, 0xe9, 0x7a,
    0xa9, 0x72, 0x27, 0x5a, 0x27, 0x5a, 0xa7, 0x8a, 0x66, 0x7a, 0xc6, 0x92,
    0x48, 0xa3, 0x49, 0xa3, 0x49, 0xa3, 0x69, 0xab, 0x89, 0xab, 0xcb, 0xb3,
    0xaa, 0xab, 0x29, 0x93, 0x6a, 0x9b, 0x2a, 0x8b, 0xa8, 0x72, 0xe9, 0x7a,
    0xe6, 0x82, 0x28, 0x8b, 0x68, 0x9b, 0x8b, 0x93, 0x0a, 0x7b, 0x2a, 0x83,
    0x4b, 0x8b, 0xc9, 0x7a, 0xe9, 0x7a, 0xe9, 0x72, 0x2a, 0x83, 0xe9, 0x7a,
    0x87, 0x6a, 0x66, 0x62, 0xc7, 0x7a, 0x88, 0x6a, 0xe9, 0x7a, 0x88, 0x62,
    0x09, 0x7b, 0x6b, 0x93, 0x4b, 0x8b, 0x2a, 0x83, 0x4b, 0x8b, 0x2a, 0x83,
    0x8b, 0x9b, 0x8b, 0x93, 0x6b, 0x93, 0x4a, 0x93, 0x49, 0x93, 0x08, 0x8b,
    0xc8, 0x7a, 0x4a, 0x8b, 0x8b, 0x93, 0x4a, 0x83, 0x6b, 0x8b, 0x6b, 0x8b,
    0xc9, 0x7a, 0xa9, 0x72, 0x88, 0x72, 0xe9, 0x7a, 0xa8, 0x72, 0x88, 0x72,
    0x88, 0x72, 0x47, 0x62, 0x06, 0x5a, 0x27, 0x62, 0x27, 0x5a, 0x27, 0x62,
    0x88, 0x72, 0xa8, 0x7a, 0x0a, 0x83, 0x88, 0x6a, 0x27, 0x5a, 0xa5, 0x49,
    0xa5, 0x49, 0x47, 0x6a, 0x06, 0x62, 0x06, 0x62, 0x06, 0x62, 0xa4, 0x59,
    0xa4, 0x59, 0xc4, 0x59, 0x06, 0x6a, 0xe5, 0x69, 0x05, 0x6a, 0xe5, 0x59,
    0xe5, 0x59, 0xe5, 0x61, 0x06, 0x62, 0xe5, 0x59, 0x06, 0x5a, 0xc5, 0x51,
    0xe6, 0x51, 0x67, 0x62, 0x05, 0x4a, 0x05, 0x4a, 0x46, 0x5a, 0xc8, 0x7a,
    0x67, 0x6a, 0x25, 0x5a, 0x86, 0x72, 0x86, 0x72, 0x46, 0x62, 0xe8, 0x82,
    0x86, 0x72, 0xa7, 0x72, 0xc8, 0x7a, 0x87, 0x72, 0x86, 0x72, 0x6a, 0x93,
    0x4a, 0x93, 0x09, 0x8b, 0xe9, 0x82, 0xc9, 0x82, 0x47, 0x6a, 0x09, 0x8b,
    0xe9, 0x7a, 0xa8, 0x72, 0x26, 0x5a, 0x26, 0x62, 0x67, 0x6a, 0xc7, 0x7a,
    0xc7, 0x82, 0xc7, 0x8a, 0x08, 0x93, 0x67, 0x9b, 0x8b, 0x9b, 0xac, 0x9b,
    0x8c, 0x93, 0x8c, 0x9b, 0xac, 0x9b, 0xac, 0x9b, 0x89, 0xa3, 0x46, 0x9b,
    0xa4, 0x82, 0xc5, 0x82, 0x85, 0x72, 0xe5, 0x8a, 0x24, 0x62, 0x03, 0x62,
    0x84, 0x72, 0xa5, 0x7a, 0x03, 0x62, 0x64, 0x72, 0xe4, 0x8a, 0x84, 0x7a,
    0x24, 0x62, 0xa5, 0x82, 0x44, 0x72, 0xe4, 0x61, 0xc3, 0x51, 0x83, 0x41,
    0xa3, 0x49, 0xa3, 0x49, 0x83, 0x39, 0x83, 0x39, 0xc4, 0x49, 0xa3, 0x49,
    0xc3, 0x49, 0xa3, 0x49, 0x24, 0x6a, 0xa4, 0x82, 0x23, 0x62, 0x23, 0x62,
    0xe4, 0x8a, 0x44, 0x72, 0xe7, 0x8a, 0x67, 0x72, 0x26, 0x62, 0x86, 0x7a,
    0x66, 0x72, 0x05, 0x8b, 0x26, 0x62, 0x26, 0x5a, 0x25, 0x5a, 0x85, 0x6a,
    0x84, 0x72, 0x84, 0x72, 0x64, 0x72, 0xe5, 0x8a, 0xc3, 0x8a, 0xe3, 0x8a,
    0x04, 0x93, 0x04, 0x93, 0x06, 0x52, 0xa5, 0x41, 0x64, 0x39, 0x23, 0x31,
    0x03, 0x29, 0x23, 0x31, 0x23, 0x31, 0x84, 0x49, 0xe4, 0x59, 0x63, 0x41,
    0xe4, 0x59, 0x25, 0x62, 0x85, 0x7a, 0xc6, 0x8a, 0x28, 0x9b, 0xa8, 0x7a,
    0x67, 0x72, 0x26, 0x6a, 0x06, 0x5a, 0x68, 0x6a, 0x26, 0x5a, 0x05, 0x5a,
    0x45, 0x6a, 0x85, 0x72, 0xa5, 0x7a, 0x86, 0x72, 0x67, 0x6a, 0x27, 0x5a,
    0x88, 0x6a, 0x47, 0x62, 0x47, 0x62, 0xe6, 0x51, 0x84, 0x41, 0x43, 0x39,
    0x84, 0x49, 0x05, 0x6a, 0x25, 0x72, 0xc7, 0x92, 0xa7, 0x82, 0xe9, 0x7a,
    0x2b, 0x8b, 0x4b, 0x8b, 0x4a, 0x93, 0x28, 0x9b, 0x08, 0x93, 0xca, 0xb3,
    0x8a, 0xa3, 0xcb, 0xab, 0xcb, 0xab, 0x8a, 0x9b, 0x08, 0x8b, 0x28, 0x93,
    0x87, 0x72, 0x08, 0x93, 0x69, 0xa3, 0xaa, 0xb3, 0x49, 0x9b, 0x05, 0x6a,
    0xca, 0xb3, 0xc8, 0x7a, 0x05, 0x62, 0x05, 0x62, 0xe8, 0x82, 0x49, 0x9b,
    0xaa, 0xab, 0x49, 0x9b, 0x67, 0x72, 0x86, 0x7a, 0x85, 0x7a, 0xe6, 0x8a,
    0xa6, 0x72, 0x45, 0x62, 0x88, 0x6a, 0x47, 0x62, 0x47, 0x5a, 0xea, 0x7a,
    0xc9, 0x72, 0x0a, 0x7b, 0xc9, 0x72, 0x67, 0x62, 0x87, 0x62, 0x46, 0x52,
    0xc8, 0x6a, 0x67, 0x62, 0xc9, 0x72, 0x0a, 0x83, 0xe9, 0x7a, 0xe9, 0x7a,
    0x09, 0x83, 0x4a, 0x8b, 0xc8, 0x7a, 0x06, 0x62, 0x67, 0x72, 0x67, 0x72,
    0x88, 0x72, 0x47, 0x62, 0x47, 0x6a, 0x88, 0x72, 0x2a, 0x8b, 0x2a, 0x8b,
    0xe9, 0x7a, 0x0a, 0x83, 0x2a, 0x83, 0x4b, 0x8b, 0x4a, 0x8b, 0x2a, 0x8b,
    0x88, 0x72, 0x06, 0x5a, 0x06, 0x5a, 0xe6, 0x59, 0xc6, 0x51, 0x27, 0x62,
    0x88, 0x6a, 0xca, 0x7a, 0x68, 0x6a, 0x68, 0x6a, 0x88, 0x6a, 0x88, 0x6a,
    0x88, 0x6a, 0x2b, 0x83, 0x0a, 0x83, 0x2a, 0x83, 0x2a, 0x8b, 0x0a, 0x83,
    0x2a, 0x8b, 0xa7, 0x7a, 0x87, 0x7a, 0x47, 0x6a, 0x87, 0x72, 0x47, 0x72,
    0x46, 0x62, 0xa4, 0x41, 0xc5, 0x49, 0x06, 0x5a, 0xa5, 0x51, 0xe5, 0x59,
    0x46, 0x6a, 0x25, 0x6a, 0x66, 0x72, 0x25, 0x62, 0x84, 0x41, 0xa4, 0x41,
    0x46, 0x62, 0x06, 0x8b, 0x27, 0x93, 0x28, 0x93, 0xa7, 0xab, 0x88, 0xa3,
    0x29, 0x8b, 0xc7, 0x82, 0x25, 0x62, 0x26, 0x62, 0x05, 0x5a, 0x66, 0x6a,
    0x65, 0x72, 0x86, 0x7a, 0x06, 0x6a, 0x46, 0x6a, 0xc9, 0x82, 0xc9, 0x82,
    0x26, 0x6a, 0xa4, 0x51, 0x25, 0x5a, 0xe5, 0x51, 0x06, 0x5a, 0x26, 0x62,
    0x26, 0x62, 0xc7, 0x82, 0x27, 0x93, 0xa6, 0x82, 0xe7, 0x8a, 0xe7, 0x8a,
    0x68, 0x9b, 0x49, 0x93, 0xe8, 0x82, 0xe8, 0x8a, 0x27, 0x9b, 0x08, 0x8b,
    0x07, 0x93, 0xc5, 0x82, 0xc5, 0x8a, 0x65, 0x72, 0x85, 0x7a, 0x04, 0x6a,
    0x44, 0x72, 0xa4, 0x82, 0xe5, 0x8a, 0xc5, 0x82, 0xe5, 0x8a, 0xa3, 0x49,
    0xc4, 0x82, 0x04, 0x62, 0xa4, 0x49, 0x44, 0x72, 0x65, 0x7a, 0x44, 0x72,
    0xe3, 0x59, 0x83, 0x41, 0xa3, 0x49, 0xa3, 0x49, 0x83, 0x39, 0x63, 0x41,
    0x83, 0x41, 0x83, 0x41, 0x63, 0x41, 0xe4, 0x61, 0x04, 0x62, 0x24, 0x62,
    0x83, 0x41, 0x03, 0x62, 0xc3, 0x51, 0x65, 0x7a, 0x85, 0x7a, 0x65, 0x72,
    0xa6, 0x7a, 0xc7, 0x7a, 0x46, 0x6a, 0x85, 0x72, 0xe5, 0x51, 0xc4, 0x49,
    0x04, 0x52, 0x44, 0x62, 0x64, 0x6a, 0x43, 0x62, 0x63, 0x72, 0x24, 0x9b,
    0x63, 0x72, 0xe4, 0x92, 0x04, 0x8b, 0xe5, 0x8a, 0x06, 0x52, 0x85, 0x41,
    0x85, 0x41, 0x85, 0x41, 0x64, 0x39, 0x23, 0x31, 0x03, 0x29, 0x03, 0x29,
    0x43, 0x41, 0xa4, 0x59, 0xa4, 0x51, 0x64, 0x41, 0x05, 0x62, 0x46, 0x6a,
    0x67, 0x72, 0x87, 0x7a, 0x67, 0x72, 0x47, 0x6a, 0xc5, 0x51, 0xe5, 0x51,
    0xc4, 0x49, 0xe4, 0x51, 0x84, 0x72, 0x24, 0x62, 0x65, 0x72, 0xa5, 0x7a,
    0x87, 0x72, 0x88, 0x6a, 0xa9, 0x72, 0xa8, 0x72, 0xc8, 0x7a, 0xa8, 0x7a,
    0xa8, 0x7a, 0xc8, 0x82, 0xe9, 0x82, 0xe9, 0x82, 0x09, 0x83, 0x4b, 0x8b,
    0x4b, 0x8b, 0x4b, 0x8b, 0xe9, 0x82, 0x09, 0x83, 0x26, 0x62, 0xe4, 0x51,
    0x04, 0x62, 0xc5, 0x8a, 0x67, 0xab, 0x88, 0xb3, 0xa6, 0x7a, 0x05, 0x5a,
    0xa4, 0x49, 0x04, 0x5a, 0xa5, 0x7a, 0x89, 0xa3, 0x6a, 0x9b, 0x09, 0x8b,
    0xc9, 0x7a, 0x67, 0x6a, 0x09, 0x83, 0x88, 0x72, 0x46, 0x6a, 0x87, 0x7a,
    0x28, 0x9b, 0x88, 0xbb, 0xc7, 0x82, 0x26, 0x62, 0x47, 0x6a, 0xa8, 0x7a,
    0x6a, 0x9b, 0xca, 0xab, 0x28, 0x93, 0x06, 0x8b, 0x65, 0x72, 0x85, 0x7a,
    0x26, 0x62, 0x66, 0x62, 0x25, 0x5a, 0xe7, 0x7a, 0x6a, 0x93, 0x47, 0x5a,
    0x06, 0x4a, 0xe5, 0x41, 0xc5, 0x41, 0x45, 0x62, 0xc7, 0x7a, 0xe7, 0x82,
    0x46, 0x62, 0x88, 0x72, 0x07, 0x8b, 0xa8, 0x7a, 0xe9, 0x7a, 0x4b, 0x8b,
    0xe9, 0x82, 0x06, 0x5a, 0x47, 0x62, 0xa9, 0x72, 0xc9, 0x7a, 0xa8, 0x72,
    0xc8, 0x7a, 0xa8, 0x7a, 0x27, 0x62, 0xa8, 0x7a, 0xa8, 0x7a, 0xa8, 0x7a,
    0x09, 0x83, 0xc9, 0x7a, 0x88, 0x72, 0xa9, 0x72, 0xa9, 0x72, 0xc9, 0x7a,
    0xe9, 0x7a, 0x0a, 0x7b, 0x2b, 0x83, 0xc9, 0x7a, 0x88, 0x6a, 0xa9, 0x6a,
    0x47, 0x62, 0x0a, 0x83, 0x0a, 0x7b, 0x6c, 0x8b, 0xc9, 0x7a, 0xa9, 0x72,
    0x6c, 0x8b, 0x8c, 0x93, 0x4b, 0x93, 0x4b, 0x8b, 0x0a, 0x83, 0x2b, 0x8b,
    0x4b, 0x8b, 0x0a, 0x83, 0xe5, 0x51, 0xa4, 0x41, 0x27, 0x5a, 0xa8, 0x72,
    0xe9, 0x82, 0x29, 0x93, 0xa6, 0x7a, 0x45, 0x72, 0x85, 0x7a, 0x65, 0x7a,
    0xc8, 0x82, 0x69, 0x9b, 0x8a, 0xa3, 0xa8, 0xb3, 0x88, 0xa3, 0x27, 0x8b,
    0x45, 0x9b, 0x66, 0xa3, 0x06, 0x93, 0x65, 0x72, 0xa5, 0x7a, 0x85, 0x7a,
    0xa4, 0x41, 0xa4, 0x51, 0xc5, 0x8a, 0x65, 0x7a, 0x26, 0x72, 0x26, 0x72,
    0x26, 0x6a, 0x26, 0x6a, 0x26, 0x6a, 0x83, 0x49, 0x25, 0x5a, 0xa7, 0x72,
    0x67, 0x6a, 0x26, 0x62, 0x08, 0x8b, 0x28, 0x93, 0x47, 0x9b, 0xc6, 0x82,
    0x85, 0x7a, 0x26, 0x9b, 0xe5, 0x8a, 0x67, 0x9b, 0x66, 0x72, 0xc7, 0x8a,
    0x66, 0xa3, 0x06, 0x93, 0xc6, 0x82, 0x25, 0x93, 0x64, 0x72, 0x85, 0x7a,
    0xe4, 0x59, 0x44, 0x72, 0xa5, 0x82, 0xe3, 0x61, 0xa4, 0x82, 0xe5, 0x8a,
    0xa5, 0x82, 0x05, 0x62, 0x44, 0x72, 0x04, 0x62, 0xc4, 0x51, 0x65, 0x7a,
    0xe4, 0x61, 0x44, 0x72, 0xe3, 0x59, 0xc3, 0x59, 0x83, 0x49, 0x23, 0x6a,
    0x04, 0x62, 0xa4, 0x49, 0xc4, 0x59, 0xe4, 0x59, 0x84, 0x49, 0x45, 0x72,
    0x45, 0x6a, 0xa4, 0x49, 0x03, 0x62, 0x44, 0x72, 0xc4, 0x92, 0x44, 0x6a,
    0x84, 0x72, 0x45, 0x6a, 0xe4, 0x51, 0x27, 0x5a, 0x26, 0x5a, 0x04, 0x5a,
    0x25, 0x5a, 0xe5, 0x51, 0x24, 0x62, 0xe5, 0x8a, 0x23, 0x62, 0xc2, 0x51,
    0x83, 0x7a, 0x43, 0x9b, 0x83, 0x7a, 0xe4, 0x92, 0xe4, 0x8a, 0xa6, 0x7a,
    0x86, 0x72, 0x47, 0x62, 0x07, 0x5a, 0x47, 0x62, 0x06, 0x52, 0xa5, 0x49,
    0x84, 0x41, 0x44, 0x39, 0x84, 0x49, 0x23, 0x31, 0x45, 0x6a, 0xa4, 0x51,
    0x25, 0x6a, 0x26, 0x93, 0x66, 0x6a, 0xe5, 0x59, 0xa4, 0x51, 0x64, 0x41,
    0x44, 0x39, 0x23, 0x31, 0x24, 0x62, 0x64, 0x72, 0x03, 0x5a, 0xa5, 0x7a,
    0x24, 0x6a, 0xa6, 0x7a, 0xc8, 0x7a, 0xc9, 0x7a, 0xc8, 0x7a, 0xe7, 0x8a,
    0x07, 0x93, 0x07, 0x93, 0xe8, 0x82, 0x0a, 0x83, 0xc9, 0x7a, 0x4b, 0x8b,
    0x2a, 0x83, 0x0a, 0x7b, 0xa9, 0x72, 0x27, 0x5a, 0x06, 0x5a, 0x47, 0x62,
    0x26, 0x5a, 0xc5, 0x49, 0xa4, 0x49, 0xc4, 0x59, 0x06, 0x6a, 0xa6, 0x82,
    0x46, 0x62, 0x84, 0x41, 0xe4, 0x51, 0xe4, 0x51, 0xe4, 0x51, 0x86, 0x7a,
    0x6a, 0xa3, 0x2a, 0x93, 0x6a, 0x9b, 0x6a, 0xa3, 0x49, 0xa3, 0x4a, 0x9b,
    0x29, 0x93, 0x8b, 0x9b, 0x6b, 0x9b, 0x8a, 0xa3, 0x6a, 0xa3, 0x29, 0x9b,
    0x29, 0x93, 0x08, 0x93, 0x46, 0x6a, 0x25, 0x62, 0x24, 0x62, 0x85, 0x7a,
    0x88, 0xab, 0x4c, 0xc4, 0x2d, 0xb4, 0x28, 0x93, 0xe6, 0x8a, 0x07, 0x93,
    0x06, 0x93, 0x46, 0x62, 0xc5, 0x41, 0xe6, 0x49, 0xc6, 0x82, 0xa6, 0x7a,
    0x45, 0x6a, 0x86, 0x72, 0x66, 0x72, 0x85, 0x7a, 0x85, 0x72, 0x26, 0x52,
    0xe6, 0x49, 0xc9, 0x72, 0x68, 0x62, 0xa8, 0x72, 0x88, 0x72, 0xe9, 0x7a,
    0x06, 0x52, 0xa5, 0x39, 0x26, 0x52, 0x47, 0x62, 0x68, 0x6a, 0xe9, 0x82,
    0xa8, 0x7a, 0xa8, 0x72, 0xe9, 0x82, 0x26, 0x62, 0x06, 0x5a, 0xc9, 0x7a,
    0x67, 0x62, 0x06, 0x52, 0x26, 0x52, 0x67, 0x62, 0xc9, 0x72, 0x67, 0x62,
    0xe5, 0x49, 0x88, 0x6a, 0xea, 0x7a, 0x2b, 0x8b, 0x4b, 0x8b, 0xea, 0x7a,
    0x47, 0x62, 0x6b, 0x8b, 0x4b, 0x8b, 0x2a, 0x83, 0x2b, 0x8b, 0x4b, 0x8b,
    0x4b, 0x8b, 0x6b, 0x93, 0x4a, 0x93, 0x2a, 0x8b, 0xc6, 0x82, 0xe8, 0x8a,
    0x67, 0x72, 0x67, 0x72, 0x67, 0x7a, 0x46, 0x6a, 0xe4, 0x51, 0xa4, 0x49,
    0xc4, 0x51, 0xc4, 0x51, 0x25, 0x6a, 0xa7, 0x7a, 0x28, 0x93, 0x06, 0x93,
    0x26, 0x93, 0x85, 0x72, 0xc5, 0x82, 0xe5, 0x82, 0xc4, 0x82, 0x25, 0x93,
    0x65, 0xa3, 0x84, 0x72, 0x65, 0x6a, 0x05, 0x5a, 0x05, 0x93, 0x06, 0x9b,
    0x26, 0x72, 0xc5, 0x61, 0x46, 0x72, 0xa7, 0x7a, 0xc8, 0x82, 0x26, 0x62,
    0x66, 0x6a, 0x87, 0x72, 0xc4, 0x49, 0xa4, 0x49, 0x46, 0x62, 0x46, 0x6a,
    0x45, 0x6a, 0x84, 0x82, 0x86, 0x7a, 0x66, 0x7a, 0x05, 0x62, 0xc7, 0x82,
    0x86, 0x7a, 0x46, 0x9b, 0x05, 0x93, 0x85, 0x7a, 0x65, 0x72, 0x05, 0x93,
    0x44, 0x6a, 0x24, 0x6a, 0xc4, 0x51, 0xc4, 0x51, 0xa3, 0x49, 0xc3, 0x51,
    0x44, 0x72, 0x44, 0x6a, 0x45, 0x6a, 0x86, 0x72, 0x85, 0x7a, 0xa5, 0x82,
    0x65, 0x72, 0x44, 0x72, 0xc4, 0x8a, 0x03, 0x62, 0x23, 0x62, 0x03, 0x62,
    0xc3, 0x59, 0x03, 0x6a, 0xa4, 0x7a, 0x65, 0x7a, 0x06, 0x93, 0x84, 0x82,
    0xa4, 0x82, 0x06, 0x93, 0x26, 0x62, 0xc5, 0x51, 0xc4, 0x8a, 0x04, 0x9b,
    0x25, 0x9b, 0x64, 0xa3, 0x44, 0x72, 0x85, 0x7a, 0x45, 0x6a, 0xc5, 0x49,
    0xe6, 0x49, 0x66, 0x6a, 0x24, 0x62, 0x24, 0x5a, 0xa4, 0x7a, 0xc4, 0x8a,
    0xc4, 0x82, 0x83, 0x7a, 0x83, 0x7a, 0xa3, 0x8a, 0x06, 0x93, 0x05, 0x93,
    0x64, 0x72, 0xc5, 0x82, 0x25, 0x93, 0xc8, 0x7a, 0xa8, 0x72, 0xc5, 0x51,
    0x68, 0x6a, 0xa8, 0x6a, 0xc5, 0x82, 0x65, 0x6a, 0x45, 0x6a, 0xe4, 0x51,
    0xc5, 0x82, 0x04, 0x8b, 0x64, 0x72, 0xc4, 0x82, 0xa5, 0x7a, 0xc5, 0x82,
    0x66, 0x72, 0x05, 0x62, 0xa5, 0x49, 0xa4, 0x49, 0x45, 0x62, 0xa5, 0x7a,
    0xc4, 0x82, 0xe4, 0x8a, 0x64, 0x72, 0x65, 0x72, 0x25, 0x93, 0x45, 0x62,
    0xa4, 0x49, 0x04, 0x52, 0x04, 0x5a, 0x66, 0x6a, 0x67, 0x6a, 0x2b, 0x83,
    0x4b, 0x8b, 0x2a, 0x83, 0x47, 0x62, 0x27, 0x62, 0x68, 0x6a, 0x68, 0x6a,
    0x47, 0x62, 0xa7, 0x72, 0x08, 0x83, 0x2a, 0x8b, 0x0a, 0x8b, 0xea, 0x82,
    0xea, 0x82, 0x68, 0x6a, 0xa5, 0x41, 0x43, 0x31, 0x43, 0x39, 0xe5, 0x59,
    0xa3, 0x51, 0x44, 0x72, 0xc7, 0x8a, 0xe8, 0x8a, 0xa8, 0x82, 0x47, 0x72,
    0x26, 0x6a, 0x47, 0x6a, 0xc7, 0x8a, 0xe8, 0x8a, 0xc8, 0x82, 0xe8, 0x82,
    0xe9, 0x82, 0x6a, 0x9b, 0xcb, 0xb3, 0xa7, 0x7a, 0xc4, 0x49, 0xe4, 0x51,
    0xc4, 0x49, 0x04, 0x62, 0xa4, 0x7a, 0x0b, 0xbc, 0x0c, 0xb4, 0x66, 0x72,
    0xe7, 0x8a, 0xc9, 0xbb, 0xa9, 0xb3, 0x4b, 0xcc, 0xeb, 0xbb, 0x49, 0x9b,
    0xc7, 0x8a, 0x66, 0x72, 0x66, 0x72, 0x25, 0x62, 0x04, 0x62, 0x65, 0x72,
    0x85, 0x7a, 0x45, 0x6a, 0x05, 0x52, 0x26, 0x52, 0x26, 0x52, 0x26, 0x52,
    0x25, 0x5a, 0x66, 0x62, 0xc5, 0x41, 0x43, 0x31, 0x64, 0x31, 0x64, 0x39,
    0xe5, 0x51, 0xc8, 0x7a, 0x86, 0x7a, 0x67, 0x6a, 0xc8, 0x7a, 0x47, 0x62,
    0x27, 0x5a, 0x26, 0x52, 0xe5, 0x41, 0x84, 0x39, 0xa5, 0x39, 0xc5, 0x41,
    0x06, 0x4a, 0xc5, 0x41, 0x84, 0x39, 0x26, 0x52, 0x88, 0x6a, 0x06, 0x52,
    0x85, 0x41, 0xc5, 0x49, 0x26, 0x5a, 0x49, 0x8b, 0x88, 0x6a, 0xa8, 0x72,
    0x0a, 0x83, 0x4a, 0x93, 0x8b, 0x9b, 0xab, 0xa3, 0x4a, 0x9b, 0x29, 0x93,
    0xa7, 0x82, 0x06, 0x62, 0x67, 0x6a, 0xe5, 0x61, 0xa4, 0x59, 0xa4, 0x51,
    0xa4, 0x49, 0xe5, 0x51, 0x85, 0x41, 0x84, 0x49, 0x26, 0x6a, 0x05, 0x6a,
    0xa5, 0x82, 0x84, 0x7a, 0x06, 0x93, 0x26, 0x93, 0xa5, 0x7a, 0x44, 0x6a,
    0x64, 0x72, 0xe4, 0x8a, 0x24, 0x9b, 0xa4, 0xb3, 0x46, 0x9b, 0x07, 0x93,
    0x46, 0x9b, 0x45, 0x9b, 0xc6, 0x82, 0x05, 0x6a, 0x06, 0x6a, 0xa8, 0x82,
    0xe8, 0x82, 0x87, 0x7a, 0x25, 0x62, 0x05, 0x5a, 0x05, 0x5a, 0xe5, 0x51,
    0xa4, 0x49, 0xc4, 0x51, 0xe4, 0x61, 0xe5, 0x92, 0xc6, 0x8a, 0x86, 0x82,
    0x45, 0x72, 0x47, 0x9b, 0x45, 0x72, 0xa5, 0x82, 0xa5, 0x82, 0xc4, 0x59,
    0x06, 0x93, 0xe5, 0x8a, 0xc5, 0x8a, 0x24, 0x62, 0xe4, 0x51, 0xc3, 0x51,
    0xa3, 0x49, 0xa3, 0x49, 0xa3, 0x49, 0x04, 0x62, 0x84, 0x7a, 0x64, 0x72,
    0xc5, 0x82, 0xc5, 0x8a, 0xa5, 0x82, 0xe4, 0x8a, 0xe4, 0x92, 0x03, 0x62,
    0x23, 0x6a, 0x64, 0x7a, 0x24, 0x6a, 0xc3, 0x59, 0xc4, 0x82, 0xa5, 0x82,
    0x65, 0x7a, 0x63, 0x72, 0xc4, 0x82, 0xe4, 0x8a, 0x65, 0x72, 0x04, 0x62,
    0x23, 0x6a, 0x64, 0x7a, 0x44, 0x72, 0x83, 0x72, 0x04, 0x93, 0x44, 0x6a,
    0xe5, 0x8a, 0xc6, 0x7a, 0x26, 0x5a, 0x06, 0x5a, 0x65, 0x6a, 0x04, 0x5a,
    0x03, 0x5a, 0x03, 0x62, 0x83, 0x7a, 0x63, 0x7a, 0xc3, 0x8a, 0x63, 0x7a,
    0x64, 0x72, 0x23, 0x6a, 0xa3, 0x82, 0xc3, 0x82, 0x05, 0x5a, 0xe6, 0x51,
    0xe6, 0x59, 0x27, 0x5a, 0xa4, 0x49, 0xa5, 0x41, 0xe4, 0x51, 0x64, 0x6a,
    0xe4, 0x51, 0xe4, 0x82, 0x24, 0x93, 0x84, 0x72, 0x84, 0x7a, 0x05, 0x8b,
    0x25, 0x93, 0x44, 0x9b, 0xe5, 0x82, 0xc7, 0x82, 0x88, 0x72, 0xe8, 0x82,
    0x27, 0x8b, 0xa5, 0x7a, 0x25, 0x93, 0xc4, 0x82, 0x04, 0x8b, 0x64, 0x72,
    0xa4, 0x7a, 0xc5, 0x41, 0x06, 0x4a, 0xa5, 0x39, 0x84, 0x39, 0xa4, 0x41,
    0x66, 0x6a, 0x08, 0x83, 0x0a, 0x83, 0x27, 0x5a, 0xa5, 0x49, 0x44, 0x39,
    0x06, 0x52, 0x88, 0x6a, 0x26, 0x52, 0xe5, 0x49, 0xe5, 0x49, 0x67, 0x62,
    0x87, 0x6a, 0x68, 0x6a, 0x06, 0x5a, 0xe6, 0x51, 0x84, 0x41, 0x23, 0x31,
    0x03, 0x29, 0xa5, 0x51, 0x04, 0x62, 0xc5, 0x92, 0x07, 0x9b, 0xe9, 0x8a,
    0xa8, 0x7a, 0x47, 0x6a, 0x47, 0x62, 0x47, 0x62, 0x46, 0x6a, 0x66, 0x72,
    0x86, 0x82, 0x68, 0xb3, 0x6a, 0xa3, 0x2a, 0x93, 0xa8, 0x7a, 0x26, 0x62,
    0x64, 0x41, 0x63, 0x39, 0x64, 0x41, 0xa4, 0x49, 0xa5, 0x82, 0x48, 0xa3,
    0x67, 0x6a, 0xe5, 0x59, 0xc5, 0x92, 0x4b, 0xcc, 0x2b, 0xcc, 0x0a, 0xc4,
    0x48, 0xa3, 0x68, 0xab, 0x45, 0x72, 0xc4, 0x51, 0x46, 0x72, 0x46, 0x72,
    0x66, 0x7a, 0x45, 0x72, 0x45, 0x6a, 0x85, 0x7a, 0xe5, 0x51, 0x06, 0x5a,
    0xc5, 0x41, 0xc5, 0x41, 0x26, 0x52, 0x66, 0x62, 0x26, 0x52, 0xe5, 0x49,
    0xa5, 0x41, 0x47, 0x5a, 0x86, 0x72, 0x86, 0x7a, 0x65, 0x72, 0x25, 0x62,
    0x25, 0x62, 0x05, 0x52, 0x05, 0x4a, 0x25, 0x52, 0x46, 0x5a, 0x25, 0x5a,
    0xe5, 0x49, 0xa5, 0x39, 0xa5, 0x39, 0xe6, 0x49, 0x26, 0x52, 0x26, 0x4a,
    0x46, 0x5a, 0x88, 0x6a, 0x67, 0x72, 0xa6, 0x82, 0xa8, 0x72, 0x66, 0x72,
    0xa6, 0x7a, 0xe8, 0x82, 0xc7, 0x8a, 0x66, 0x7a, 0x25, 0x72, 0x25, 0x72,
    0xc8, 0x82, 0x46, 0x6a, 0xe5, 0x51, 0xa5, 0x41, 0xa4, 0x41, 0xa4, 0x51,
    0x67, 0x72, 0x84, 0x49, 0x63, 0x41, 0x84, 0x49, 0x03, 0x31, 0x43, 0x41,
    0x84, 0x49, 0xc7, 0x8a, 0x84, 0x7a, 0x44, 0x72, 0xc6, 0x82, 0xc6, 0x82,
    0x64, 0x72, 0x03, 0x5a, 0x44, 0x72, 0x84, 0x7a, 0xe4, 0x82, 0xe4, 0x8a,
    0x44, 0xa3, 0x45, 0x9b, 0x84, 0x7a, 0x64, 0x72, 0xc7, 0x82, 0xa8, 0x7a,
    0xe8, 0x8a, 0x27, 0x93, 0xa6, 0x7a, 0x46, 0x6a, 0x46, 0x6a, 0xc5, 0x51,
    0x06, 0x5a, 0xa8, 0x72, 0x05, 0x62, 0x46, 0x6a, 0xa6, 0x82, 0x85, 0x7a,
    0x65, 0x7a, 0x45, 0x72, 0x65, 0x7a, 0xc6, 0x92, 0x25, 0x6a, 0x65, 0x7a,
    0x04, 0x62, 0xa5, 0x7a, 0xa5, 0x82, 0xc5, 0x82, 0x44, 0x72, 0x04, 0x62,
    0xe4, 0x51, 0x25, 0x6a, 0xa3, 0x51, 0x83, 0x49, 0xe3, 0x59, 0x64, 0x72,
    0x24, 0x6a, 0xa4, 0x7a, 0xa4, 0x82, 0x03, 0x62, 0xc3, 0x59, 0x84, 0x7a,
    0x04, 0x93, 0xa4, 0x82, 0x84, 0x7a, 0x43, 0x6a, 0x44, 0x72, 0x64, 0x72,
    0x03, 0x62, 0x65, 0x72, 0x65, 0x72, 0x64, 0x72, 0xc4, 0x82, 0xc4, 0x82,
    0x24, 0x62, 0x84, 0x7a, 0x23, 0x62, 0x83, 0x82, 0xc3, 0x51, 0xc3, 0x51,
    0x25, 0xa3, 0xa5, 0x82, 0x46, 0x9b, 0xa5, 0x82, 0x25, 0x62, 0x84, 0x41,
    0xa5, 0x7a, 0xe3, 0x59, 0x43, 0x6a, 0x03, 0x62, 0x83, 0x7a, 0x23, 0x6a,
    0xc3, 0x92, 0xc4, 0x8a, 0xa4, 0x8a, 0xc3, 0x82, 0x24, 0x9b, 0xc6, 0x82,
    0x46, 0x62, 0x46, 0x62, 0x27, 0x62, 0xe5, 0x51, 0x05, 0x62, 0xa4, 0x49,
    0xe4, 0x51, 0x25, 0x5a, 0x25, 0x5a, 0x24, 0x62, 0x44, 0x62, 0x44, 0x62,
    0x64, 0x6a, 0x84, 0x72, 0x84, 0x7a, 0x84, 0x72, 0xc5, 0x82, 0xe7, 0x82,
    0x26, 0x62, 0xa6, 0x72, 0xe5, 0x82, 0x05, 0x8b, 0x25, 0x8b, 0xa4, 0x7a,
    0x24, 0x93, 0xc5, 0x82, 0x84, 0x72, 0x84, 0x41, 0x64, 0x31, 0x84, 0x39,
    0x84, 0x39, 0xc4, 0x49, 0xe5, 0x8a, 0xc5, 0x82, 0xe5, 0x59, 0xc5, 0x49,
    0x07, 0x5a, 0x68, 0x62, 0x47, 0x5a, 0xc5, 0x41, 0xa4, 0x39, 0xa4, 0x41,
    0xc5, 0x49, 0x64, 0x39, 0xe4, 0x49, 0x26, 0x5a, 0x06, 0x5a, 0x06, 0x5a,
    0x06, 0x5a, 0x06, 0x5a, 0x06, 0x5a, 0x06, 0x5a, 0x26, 0x62, 0x26, 0x62,
    0x46, 0x62, 0x47, 0x62, 0x4a, 0x9b, 0x8b, 0xa3, 0xab, 0xa3, 0x69, 0xa3,
    0xc6, 0x8a, 0xc7, 0x82, 0x09, 0x8b, 0x2a, 0x8b, 0xa8, 0x72, 0x47, 0x62,
    0x47, 0x62, 0x06, 0x5a, 0x06, 0x5a, 0x06, 0x5a, 0x87, 0x7a, 0xc4, 0x51,
    0xe4, 0x59, 0xa6, 0x8a, 0x29, 0x9b, 0x49, 0xa3, 0xe6, 0x9a, 0xc6, 0x8a,
    0x05, 0x62, 0x67, 0x6a, 0x87, 0x72, 0xa7, 0x8a, 0x45, 0x72, 0x05, 0x6a,
    0xc7, 0x8a, 0xe5, 0x59, 0xe5, 0x61, 0x25, 0x6a, 0x65, 0x7a, 0xc6, 0x8a,
    0xc7, 0x82, 0xc8, 0x82, 0x08, 0x8b, 0x87, 0x72, 0x26, 0x5a, 0x46, 0x62,
    0x25, 0x5a, 0x86, 0x82, 0x67, 0x72, 0x67, 0x6a, 0x05, 0x62, 0xe5, 0x51,
    0x25, 0x62, 0x05, 0x62, 0x25, 0x62, 0xa5, 0x7a, 0x05, 0x52, 0xe5, 0x49,
    0x25, 0x5a, 0x65, 0x62, 0x45, 0x62, 0xa5, 0x7a, 0x26, 0x5a, 0x88, 0x6a,
    0x88, 0x6a, 0x06, 0x52, 0x45, 0x6a, 0x87, 0x6a, 0xa8, 0x72, 0xc5, 0x8a,
    0x86, 0x72, 0x66, 0x7a, 0xc7, 0x8a, 0x87, 0x7a, 0x46, 0x7a, 0x05, 0x6a,
    0x25, 0x72, 0xe5, 0x61, 0x84, 0x49, 0x84, 0x41, 0xa4, 0x41, 0x64, 0x39,
    0x23, 0x31, 0xe5, 0x59, 0x47, 0x72, 0x26, 0x6a, 0x46, 0x6a, 0x06, 0x62,
    0x05, 0x62, 0x84, 0x51, 0x83, 0x51, 0x04, 0x62, 0x84, 0x7a, 0x64, 0x72,
    0x44, 0x6a, 0x65, 0x72, 0xe3, 0x61, 0xc3, 0x59, 0x44, 0x72, 0x64, 0x6a,
    0x24, 0x62, 0x84, 0x72, 0x45, 0x9b, 0x64, 0x72, 0x84, 0x7a, 0xe5, 0x8a,
    0xe6, 0x92, 0x86, 0x72, 0x06, 0x8b, 0x25, 0x93, 0xa5, 0x82, 0x86, 0x7a,
    0x66, 0x72, 0x46, 0x6a, 0xe5, 0x59, 0xc5, 0x51, 0x47, 0x6a, 0xa7, 0x7a,
    0x06, 0x62, 0x64, 0x72, 0x23, 0x39, 0x65, 0x72, 0x45, 0x72, 0xa5, 0x82,
    0x86, 0x82, 0xa6, 0x82, 0xa5, 0x82, 0x64, 0x72, 0x03, 0x62, 0x24, 0x62,
    0x44, 0x6a, 0xc3, 0x51, 0xa3, 0x49, 0xe4, 0x59, 0xa4, 0x51, 0xc4, 0x59,
    0xe5, 0x92, 0x83, 0x7a, 0xe3, 0x59, 0x24, 0x62, 0x63, 0x72, 0x43, 0x6a,
    0xe3, 0x59, 0x64, 0x72, 0x43, 0x72, 0xe3, 0x59, 0xa5, 0x8a, 0xa5, 0x82,
    0x24, 0x72, 0xc3, 0x51, 0x64, 0x72, 0xc4, 0x51, 0xe4, 0x59, 0xe3, 0x59,
    0xc5, 0x7a, 0x64, 0x6a, 0xa2, 0x49, 0xe3, 0x59, 0x04, 0x93, 0x85, 0xab,
    0x85, 0x72, 0xa3, 0x49, 0x84, 0x7a, 0x46, 0x9b, 0x25, 0x93, 0xe4, 0x8a,
    0x85, 0x72, 0xc4, 0x51, 0xe5, 0x8a, 0xa4, 0x7a, 0xa4, 0x82, 0x83, 0x7a,
    0x24, 0x9b, 0xe3, 0x61, 0x23, 0x6a, 0xe5, 0x92, 0xe4, 0x92, 0x04, 0x93,
    0xc4, 0x82, 0x65, 0x6a, 0xe6, 0x82, 0xe7, 0x82, 0x46, 0x62, 0x06, 0x5a,
    0x87, 0x7a, 0xa8, 0x7a, 0x05, 0x5a, 0x25, 0x5a, 0x85, 0x6a, 0x04, 0x5a,
    0x24, 0x5a, 0xc3, 0x49, 0x65, 0x6a, 0xa5, 0x72, 0xe3, 0x51, 0x03, 0x5a,
    0x84, 0x72, 0xa6, 0x7a, 0x27, 0x93, 0x85, 0x6a, 0x44, 0x62, 0xc4, 0x7a,
    0xa4, 0x7a, 0xc4, 0x82, 0xe4, 0x82, 0xc5, 0x82, 0xa4, 0x7a, 0x63, 0x39,
    0x03, 0x29, 0x43, 0x31, 0x04, 0x5a, 0x84, 0x7a, 0x84, 0x7a, 0x25, 0x93,
    0x04, 0x62, 0xc6, 0x51, 0xe6, 0x49, 0xe6, 0x49, 0x85, 0x41, 0x23, 0x31,
    0x23, 0x31, 0xa4, 0x41, 0xa4, 0x41, 0xa4, 0x49, 0x05, 0x62, 0x85, 0x72,
    0x26, 0x62, 0x47, 0x62, 0x88, 0x6a, 0xa9, 0x72, 0xa8, 0x72, 0xc9, 0x72,
    0xc9, 0x7a, 0xa7, 0x7a, 0xc7, 0x7a, 0xa8, 0x7a, 0x87, 0x72, 0x27, 0x62,
    0x67, 0x6a, 0x26, 0x62, 0x47, 0x6a, 0x27, 0x62, 0x27, 0x62, 0x26, 0x62,
    0x26, 0x6a, 0x46, 0x6a, 0x47, 0x6a, 0x88, 0x72, 0xc9, 0x7a, 0x0a, 0x8b,
    0x67, 0x72, 0x65, 0x72, 0xe7, 0x8a, 0x6a, 0x9b, 0x2a, 0x8b, 0xa8, 0x7a,
    0x87, 0x72, 0xc5, 0x51, 0x84, 0x41, 0x88, 0x6a, 0xc9, 0x7a, 0x68, 0x6a,
    0x67, 0x72, 0x26, 0x6a, 0x05, 0x6a, 0x63, 0x49, 0x05, 0x62, 0x07, 0x9b,
    0xc6, 0x8a, 0xe7, 0x92, 0xe9, 0x8a, 0x29, 0x93, 0x49, 0x9b, 0xea, 0xbb,
    0x29, 0x9b, 0xca, 0xb3, 0x6a, 0xa3, 0x69, 0xab, 0x69, 0xa3, 0x49, 0x9b,
    0x07, 0x9b, 0x66, 0x72, 0x26, 0x6a, 0x47, 0x6a, 0x05, 0x62, 0x85, 0x7a,
    0x45, 0x6a, 0xe5, 0x51, 0xa4, 0x41, 0xc5, 0x49, 0x86, 0x6a, 0xc6, 0x7a,
    0xe7, 0x7a, 0xc5, 0x49, 0x66, 0x72, 0x09, 0x8b, 0x86, 0x72, 0x26, 0x62,
    0x47, 0x6a, 0x26, 0x62, 0x66, 0x72, 0x67, 0x72, 0x65, 0x7a, 0x85, 0x7a,
    0x05, 0x62, 0xa8, 0x7a, 0xa8, 0x7a, 0x26, 0x62, 0xe5, 0x51, 0xc5, 0x49,
    0x43, 0x39, 0x02, 0x31, 0x23, 0x39, 0x84, 0x49, 0x84, 0x49, 0xc5, 0x59,
    0xc5, 0x59, 0x06, 0x62, 0x05, 0x6a, 0x26, 0x6a, 0xa7, 0x7a, 0x07, 0x8b,
    0xc5, 0x82, 0x44, 0x6a, 0xe3, 0x59, 0xe3, 0x59, 0x44, 0x72, 0x44, 0x72,
    0x04, 0x62, 0xe4, 0x59, 0x04, 0x5a, 0xc5, 0x7a, 0xe5, 0x82, 0x24, 0x62,
    0x04, 0x5a, 0xc4, 0x82, 0x25, 0x9b, 0x25, 0x93, 0xe5, 0x92, 0xe5, 0x8a,
    0xe5, 0x8a, 0x05, 0x62, 0x26, 0x62, 0x67, 0x72, 0x47, 0x6a, 0x47, 0x6a,
    0x67, 0x6a, 0xe6, 0x59, 0x64, 0x41, 0x24, 0x62, 0x85, 0x7a, 0x85, 0x82,
    0x24, 0x6a, 0xa5, 0x8a, 0x07, 0x93, 0x87, 0x7a, 0xc6, 0x8a, 0x43, 0x72,
    0x03, 0x62, 0x03, 0x62, 0x84, 0x82, 0x24, 0x6a, 0x04, 0x62, 0xc3, 0x49,
    0x83, 0x49, 0xe4, 0x61, 0x24, 0x72, 0x03, 0x62, 0x64, 0x72, 0x03, 0x62,
    0x43, 0x72, 0x43, 0x72, 0x03, 0x62, 0xa4, 0x82, 0x44, 0x6a, 0xe5, 0x8a,
    0x26, 0xa3, 0xc5, 0x8a, 0x64, 0x7a, 0x03, 0x6a, 0xc5, 0x82, 0xa4, 0x51,
    0xc4, 0x51, 0xe4, 0x51, 0xa3, 0x51, 0xc3, 0x51, 0x03, 0x5a, 0x23, 0x62,
    0xc4, 0x8a, 0x45, 0x9b, 0x46, 0x9b, 0xe5, 0x82, 0xa5, 0x7a, 0x85, 0x6a,
    0x64, 0x6a, 0xe4, 0x82, 0x85, 0x72, 0xc5, 0x82, 0x05, 0x8b, 0x23, 0x62,
    0x63, 0x72, 0x85, 0xa3, 0x24, 0x93, 0x85, 0x82, 0x84, 0x7a, 0x46, 0x9b,
    0x25, 0x93, 0x04, 0x93, 0xe4, 0x8a, 0x25, 0x93, 0x65, 0xa3, 0x44, 0x9b,
    0xe6, 0x8a, 0xa6, 0x82, 0x45, 0x6a, 0xe5, 0x59, 0xc4, 0x49, 0xe4, 0x49,
    0xe4, 0x49, 0xa3, 0x49, 0x83, 0x41, 0xa3, 0x49, 0xa3, 0x49, 0xa3, 0x49,
    0xe3, 0x51, 0x44, 0x6a, 0xc5, 0x82, 0x86, 0x72, 0xc6, 0x7a, 0x65, 0x62,
    0x04, 0x5a, 0x44, 0x6a, 0x24, 0x62, 0xe5, 0x82, 0xe5, 0x82, 0x04, 0x8b,
    0xc4, 0x82, 0xc6, 0x82, 0x87, 0x72, 0x47, 0x62, 0x86, 0x6a, 0xc5, 0x7a,
    0xc4, 0x82, 0xe4, 0x82, 0x45, 0x6a, 0x47, 0x62, 0xe6, 0x51, 0xe6, 0x51,
    0xc6, 0x51, 0x84, 0x41, 0x23, 0x31, 0x23, 0x31, 0x44, 0x39, 0xa5, 0x49,
    0x84, 0x49, 0xc4, 0x59, 0x86, 0x7a, 0xa7, 0x7a, 0x88, 0x72, 0x88, 0x72,
    0xc8, 0x82, 0xc8, 0x7a, 0x26, 0x5a, 0xe5, 0x51, 0x04, 0x52, 0x25, 0x62,
    0x86, 0x72, 0x47, 0x62, 0x06, 0x5a, 0xe6, 0x51, 0x27, 0x62, 0xa8, 0x72,
    0xe5, 0x59, 0x06, 0x62, 0x67, 0x72, 0x67, 0x72, 0x09, 0x8b, 0x09, 0x8b,
    0x88, 0x72, 0xc5, 0x51, 0x84, 0x39, 0xa4, 0x41, 0x04, 0x5a, 0xc7, 0x82,
    0x2a, 0x8b, 0x4b, 0x8b, 0x2a, 0x83, 0x0a, 0x83, 0x88, 0x6a, 0x67, 0x6a,
    0xa8, 0x72, 0x46, 0x6a, 0x86, 0x72, 0x66, 0x6a, 0x26, 0x62, 0x87, 0x7a,
    0xc7, 0x8a, 0x66, 0x7a, 0x45, 0x7a, 0x68, 0xa3, 0x8d, 0xd4, 0x6d, 0xcc,
    0x2c, 0xbc, 0xcb, 0xab, 0xeb, 0xbb, 0x0a, 0xc4, 0x29, 0x93, 0xa7, 0x82,
    0xa7, 0x82, 0xe8, 0x8a, 0x86, 0x82, 0x25, 0x6a, 0xa6, 0x8a, 0xa7, 0x82,
    0xe5, 0x61, 0x24, 0x6a, 0x25, 0x6a, 0x45, 0x6a, 0xe5, 0x51, 0xc5, 0x49,
    0xc5, 0x49, 0x27, 0x5a, 0x26, 0x52, 0x47, 0x62, 0xa6, 0x7a, 0x67, 0x72,
    0x46, 0x6a, 0x67, 0x6a, 0x27, 0x62, 0xe6, 0x59, 0x06, 0x62, 0x06, 0x62,
    0xe5, 0x59, 0x65, 0x72, 0x65, 0x7a, 0x86, 0x7a, 0x85, 0x49, 0x64, 0x41,
    0x64, 0x41, 0xa5, 0x51, 0xe5, 0x59, 0x67, 0x72, 0x47, 0x6a, 0xa5, 0x49,
    0x64, 0x41, 0xc5, 0x51, 0xe5, 0x59, 0xa6, 0x7a, 0xe7, 0x92, 0xe8, 0x8a,
    0x67, 0x72, 0x67, 0x6a, 0x85, 0x72, 0x04, 0x62, 0xc3, 0x59, 0xc3, 0x51,
    0x04, 0x62, 0x44, 0x7a, 0xe3, 0x61, 0xe4, 0x59, 0x65, 0x7a, 0xa5, 0x7a,
    0x04, 0x5a, 0xa3, 0x49, 0x04, 0x62, 0xc4, 0x82, 0xe5, 0x8a, 0x85, 0xab,
    0xc6, 0x82, 0x86, 0x72, 0xc5, 0x82, 0x86, 0x7a, 0xe5, 0x59, 0xc5, 0x51,
    0xc5, 0x51, 0x06, 0x5a, 0x27, 0x62, 0xe6, 0x59, 0xa4, 0x51, 0x24, 0x6a,
    0xc4, 0x51, 0x44, 0x72, 0xc5, 0x82, 0x85, 0x7a, 0x84, 0x82, 0x86, 0x7a,
    0x25, 0x6a, 0xa5, 0x82, 0x84, 0x82, 0x44, 0x72, 0x84, 0x7a, 0x24, 0x62,
    0x65, 0x72, 0xa3, 0x49, 0x83, 0x49, 0x84, 0x49, 0xc3, 0x51, 0x84, 0x72,
    0x44, 0x6a, 0x64, 0x72, 0x24, 0x6a, 0xe3, 0x59, 0x83, 0x41, 0xc4, 0x8a,
    0x04, 0x5a, 0xe3, 0x51, 0x64, 0x7a, 0x44, 0x72, 0xa4, 0x82, 0x84, 0x7a,
    0x24, 0x6a, 0x63, 0x41, 0x04, 0x5a, 0xe3, 0x51, 0x62, 0x41, 0xa3, 0x51,
    0xc3, 0x59, 0x03, 0x6a, 0xa4, 0x82, 0x84, 0x82, 0x85, 0xab, 0x24, 0x9b,
    0x84, 0x72, 0x64, 0x6a, 0x44, 0x62, 0x03, 0x52, 0x64, 0x6a, 0xa4, 0x72,
    0xa4, 0x7a, 0xa4, 0x7a, 0x24, 0x93, 0x04, 0x8b, 0xa3, 0x7a, 0x44, 0x6a,
    0x04, 0x93, 0xc6, 0xab, 0x05, 0x93, 0x45, 0x9b, 0xa4, 0x82, 0x44, 0x9b,
    0x64, 0xa3, 0x24, 0x93, 0x05, 0x93, 0xa4, 0x82, 0x85, 0x7a, 0xc4, 0x8a,
    0xa4, 0x82, 0xc3, 0x51, 0x63, 0x41, 0x43, 0x39, 0xa3, 0x49, 0xe4, 0x59,
    0x04, 0x62, 0x25, 0x72, 0x24, 0x72, 0x65, 0x72, 0x46, 0x6a, 0xa6, 0x7a,
    0x85, 0x6a, 0x04, 0x52, 0xe4, 0x51, 0x24, 0x6a, 0x03, 0x5a, 0x03, 0x5a,
    0x84, 0x72, 0xa4, 0x7a, 0xe4, 0x82, 0x47, 0x93, 0x29, 0x8b, 0x47, 0x93,
    0x86, 0x72, 0x44, 0x62, 0xe4, 0x82, 0x04, 0x93, 0x06, 0x93, 0xe7, 0x82,
    0xc7, 0x92, 0xc8, 0x82, 0xc7, 0x8a, 0x88, 0x6a, 0x88, 0x6a, 0x47, 0x62,
    0xa5, 0x49, 0xc6, 0x51, 0x27, 0x62, 0x47, 0x62, 0x45, 0x6a, 0x65, 0x72,
    0x67, 0x72, 0x47, 0x6a, 0x25, 0x62, 0x46, 0x62, 0x26, 0x62, 0xc5, 0x49,
    0xa4, 0x41, 0x04, 0x5a, 0x86, 0x72, 0xa7, 0x7a, 0xc9, 0x72, 0x88, 0x6a,
    0x27, 0x5a, 0x05, 0x5a, 0x65, 0x72, 0x45, 0x72, 0x86, 0x82, 0xc7, 0x8a,
    0xa8, 0x7a, 0xa8, 0x7a, 0x88, 0x6a, 0xc5, 0x49, 0x84, 0x41, 0x43, 0x31,
    0x43, 0x39, 0xe5, 0x59, 0xc9, 0x7a, 0x8b, 0x93, 0x8c, 0x93, 0x6b, 0x93,
    0x09, 0x83, 0x45, 0x62, 0x45, 0x6a, 0x65, 0x72, 0xc6, 0x82, 0xe6, 0x8a,
    0xc7, 0x82, 0xc8, 0x82, 0x08, 0x93, 0x69, 0xa3, 0x29, 0x9b, 0xe8, 0x8a,
    0x68, 0xab, 0x2b, 0xc4, 0xce, 0xd4, 0xce, 0xd4, 0x0c, 0xb4, 0x49, 0x93,
    0x86, 0x82, 0x06, 0x62, 0x88, 0x7a, 0xe9, 0x82, 0xe8, 0x8a, 0x08, 0x93,
    0x07, 0x93, 0xa6, 0x82, 0xc6, 0x8a, 0x86, 0x82, 0x07, 0x9b, 0xe6, 0x9a,
    0xc7, 0x8a, 0x67, 0x72, 0xe6, 0x51, 0xc6, 0x49, 0xe6, 0x51, 0x87, 0x72,
    0xa6, 0x7a, 0x66, 0x72, 0x26, 0x6a, 0x06, 0x62, 0xe6, 0x59, 0xe6, 0x59,
    0x66, 0x72, 0x46, 0x72, 0xc5, 0x51, 0xe5, 0x59, 0xe4, 0x59, 0x85, 0x72,
    0x43, 0x39, 0x64, 0x41, 0xe6, 0x51, 0x47, 0x62, 0x47, 0x6a, 0x67, 0x72,
    0x26, 0x62, 0x06, 0x62, 0x06, 0x62, 0x87, 0x7a, 0x07, 0x9b, 0x47, 0xa3,
    0x67, 0xab, 0xa7, 0xbb, 0x47, 0xa3, 0x67, 0x6a, 0xc5, 0x51, 0xc4, 0x51,
    0xe4, 0x61, 0xc3, 0x59, 0x03, 0x62, 0x44, 0x72, 0x04, 0x6a, 0x04, 0x62,
    0x27, 0x9b, 0x04, 0x62, 0xc3, 0x51, 0xa3, 0x51, 0x84, 0x7a, 0x46, 0xa3,
    0x47, 0x9b, 0x0b, 0xbc, 0x2c, 0xbc, 0xeb, 0xb3, 0x47, 0x9b, 0x69, 0x9b,
    0x6b, 0x93, 0x4b, 0x93, 0x8c, 0x93, 0x8c, 0x93, 0x6b, 0x93, 0x6a, 0x93,
    0x8b, 0x9b, 0x68, 0xa3, 0x67, 0x9b, 0x26, 0x93, 0x26, 0x93, 0x85, 0x7a,
    0x05, 0x93, 0x85, 0x7a, 0xe6, 0x8a, 0x45, 0x72, 0x85, 0x7a, 0x03, 0x62,
    0xe3, 0x59, 0xa3, 0x49, 0x83, 0x49, 0x83, 0x49, 0x83, 0x49, 0xa4, 0x49,
    0x03, 0x62, 0x03, 0x5a, 0xc4, 0x51, 0xe4, 0x61, 0x64, 0x72, 0xe4, 0x59,
    0x63, 0x41, 0x23, 0x6a, 0x04, 0x5a, 0x03, 0x62, 0x04, 0x5a, 0x24, 0x62,
    0x24, 0x6a, 0x04, 0x62, 0xa7, 0xb3, 0x86, 0x7a, 0x25, 0x6a, 0xa3, 0x51,
    0xc3, 0x51, 0x44, 0x7a, 0xa3, 0x51, 0x64, 0x7a, 0xc4, 0x8a, 0x04, 0x62,
    0x43, 0x72, 0x84, 0x7a, 0x64, 0x6a, 0xc4, 0x82, 0x24, 0x5a, 0xe3, 0x51,
    0x84, 0x7a, 0x44, 0x62, 0x64, 0x6a, 0x64, 0x72, 0x83, 0x72, 0x23, 0x62,
    0x43, 0x6a, 0x83, 0x7a, 0x24, 0x93, 0x64, 0x9b, 0x24, 0x93, 0x84, 0x7a,
    0x46, 0x93, 0x03, 0x62, 0xc3, 0x82, 0x24, 0x9b, 0x25, 0x9b, 0x44, 0x6a,
    0x03, 0x62, 0x63, 0x72, 0xc4, 0x51, 0xe4, 0x59, 0x85, 0x7a, 0xc4, 0x51,
    0xc4, 0x59, 0x05, 0x62, 0x45, 0x72, 0xa5, 0x82, 0x65, 0x72, 0x25, 0x5a,
    0x66, 0x6a, 0xe6, 0x82, 0xe4, 0x51, 0x83, 0x41, 0xe4, 0x51, 0xc3, 0x51,
    0x03, 0x5a, 0xe3, 0x59, 0xa4, 0x7a, 0xc3, 0x82, 0xe4, 0x82, 0x85, 0x72,
    0x46, 0x6a, 0x85, 0x72, 0x44, 0x6a, 0x44, 0x6a, 0xa4, 0x82, 0xa6, 0x82,
    0xa8, 0x7a, 0xa7, 0x7a, 0xa6, 0x8a, 0xc6, 0x92, 0x06, 0xa3, 0x07, 0x9b,
    0x29, 0x9b, 0x2a, 0x8b, 0x2b, 0x83, 0x0a, 0x7b, 0x88, 0x6a, 0x47, 0x62,
    0x83, 0x41, 0xe3, 0x59, 0x66, 0x72, 0xe5, 0x51, 0x84, 0x39, 0xa4, 0x41,
    0x84, 0x39, 0xa4, 0x41, 0xa4, 0x41, 0xa4, 0x41, 0xe5, 0x51, 0x45, 0x62,
    0x68, 0x6a, 0xe6, 0x51, 0x84, 0x41, 0x64, 0x39, 0xe5, 0x59, 0x67, 0x6a,
    0x27, 0x62, 0xc8, 0x82, 0xc9, 0x82, 0xa8, 0x72, 0x88, 0x72, 0x84, 0x41,
    0xa4, 0x51, 0xa6, 0x7a, 0x47, 0x6a, 0x2a, 0x8b, 0x2a, 0x8b, 0x2a, 0x8b,
    0x4a, 0x93, 0xe9, 0x7a, 0xa4, 0x41, 0xa4, 0x41, 0x65, 0x6a, 0xa6, 0x7a,
    0x04, 0x5a, 0xc4, 0x51, 0xa6, 0x7a, 0xa8, 0x7a, 0x67, 0x72, 0x08, 0x93,
    0xe7, 0x8a, 0x65, 0x72, 0x65, 0x7a, 0xa5, 0x82, 0x68, 0xa3, 0x6e, 0xbc,
    0x0d, 0xac, 0x4a, 0x93, 0xa7, 0x82, 0xa7, 0x82, 0xc8, 0x82, 0xe9, 0x8a,
    0xc8, 0x8a, 0x26, 0x72, 0x05, 0x62, 0x25, 0x6a, 0x85, 0x82, 0x85, 0x82,
    0xc4, 0x61, 0x45, 0x7a, 0x06, 0xa3, 0x48, 0xa3, 0x08, 0x93, 0xa8, 0x7a,
    0xc8, 0x82, 0x08, 0x8b, 0x86, 0x72, 0x66, 0x72, 0x46, 0x6a, 0x26, 0x62,
    0x05, 0x62, 0xe5, 0x59, 0x45, 0x72, 0x05, 0x62, 0xc5, 0x51, 0xe5, 0x59,
    0xa4, 0x49, 0xe6, 0x51, 0xa5, 0x49, 0xe6, 0x51, 0x06, 0x5a, 0x46, 0x6a,
    0xc7, 0x82, 0xc8, 0x82, 0x27, 0x62, 0x64, 0x41, 0xc5, 0x59, 0xa6, 0x8a,
    0xa6, 0x8a, 0x65, 0x7a, 0x04, 0x6a, 0x04, 0x72, 0x66, 0xb3, 0x07, 0x93,
    0xa7, 0x7a, 0xc7, 0x7a, 0x86, 0x7a, 0xa6, 0x82, 0xe4, 0x61, 0xa3, 0x59,
    0xc3, 0x59, 0xa3, 0x51, 0xe3, 0x59, 0x24, 0x72, 0xe3, 0x59, 0x64, 0x72,
    0xa5, 0x82, 0x86, 0xab, 0x05, 0x93, 0x68, 0xa3, 0x2c, 0xbc, 0x4c, 0xbc,
    0x48, 0x9b, 0x86, 0x72, 0x2a, 0x8b, 0x4a, 0x8b, 0x8c, 0x93, 0x6a, 0x9b,
    0x8b, 0x9b, 0x89, 0x9b, 0x8a, 0x9b, 0x86, 0xa3, 0x66, 0x9b, 0x05, 0x93,
    0x84, 0x7a, 0x44, 0x72, 0x44, 0x72, 0xe4, 0x82, 0xc4, 0x82, 0x44, 0x72,
    0x45, 0x6a, 0xe4, 0x59, 0xc3, 0x51, 0xa3, 0x49, 0x43, 0x39, 0xc3, 0x51,
    0xa3, 0x49, 0x43, 0x41, 0xa3, 0x49, 0xc3, 0x51, 0x03, 0x62, 0xc5, 0x82,
    0x24, 0x62, 0x25, 0x62, 0xc4, 0x51, 0xe4, 0x59, 0x24, 0x6a, 0x63, 0x72,
    0xe4, 0x59, 0x04, 0x62, 0xe3, 0x59, 0x83, 0x49, 0xc8, 0xbb, 0x26, 0x6a,
    0x47, 0xa3, 0x44, 0x72, 0xa3, 0x51, 0x44, 0x72, 0x03, 0x62, 0xc3, 0x8a,
    0x04, 0x93, 0x24, 0x62, 0xa3, 0x51, 0x04, 0x62, 0xe3, 0x59, 0x44, 0x6a,
    0x64, 0x6a, 0x23, 0x62, 0x44, 0x62, 0xe3, 0x51, 0xe3, 0x59, 0x03, 0x5a,
    0x64, 0x6a, 0x64, 0x72, 0xe4, 0x92, 0x43, 0x6a, 0x83, 0x7a, 0xe3, 0x8a,
    0x84, 0xa3, 0x23, 0x93, 0x83, 0x72, 0x43, 0x6a, 0x25, 0x9b, 0xc5, 0x82,
    0xc5, 0x82, 0xc5, 0x8a, 0x44, 0x72, 0xc5, 0x82, 0xc4, 0x51, 0x25, 0x6a,
    0x47, 0xa3, 0xe6, 0x92, 0x85, 0x82, 0x24, 0x72, 0x85, 0x82, 0x65, 0xa3,
    0xa4, 0x7a, 0x24, 0x5a, 0x24, 0x5a, 0x85, 0x6a, 0x24, 0x5a, 0xe4, 0x59,
    0xa3, 0x49, 0xa3, 0x51, 0x03, 0x62, 0x03, 0x62, 0x03, 0x62, 0xc4, 0x82,
    0x24, 0x93, 0x44, 0x6a, 0x63, 0x41, 0xc5, 0x82, 0x44, 0x6a, 0x44, 0x72,
    0xa4, 0x82, 0xe6, 0x8a, 0x86, 0x7a, 0x26, 0x6a, 0x66, 0x7a, 0xa6, 0x8a,
    0x85, 0x8a, 0x65, 0x7a, 0x27, 0x9b, 0xc9, 0x7a, 0x68, 0x6a, 0xe6, 0x51,
    0x85, 0x41, 0x64, 0x39, 0x64, 0x39, 0x84, 0x49, 0x05, 0x5a, 0xe4, 0x49,
    0xc5, 0x41, 0x84, 0x39, 0x43, 0x31, 0x43, 0x31, 0x84, 0x39, 0x84, 0x39,
    0xa5, 0x41, 0xe6, 0x51, 0x06, 0x5a, 0x07, 0x5a, 0x47, 0x62, 0x47, 0x62,
    0x47, 0x62, 0x47, 0x62, 0x88, 0x6a, 0x47, 0x62, 0x26, 0x62, 0xa5, 0x7a,
    0x85, 0x72, 0x87, 0x72, 0xc6, 0x82, 0x06, 0x8b, 0xe7, 0x8a, 0xc8, 0x7a,
    0xc8, 0x7a, 0x87, 0x7a, 0x67, 0x72, 0x06, 0x5a, 0x64, 0x39, 0x64, 0x39,
    0x64, 0x39, 0x84, 0x39, 0xa4, 0x41, 0xa4, 0x49, 0x24, 0x6a, 0x88, 0xb3,
    0x29, 0x9b, 0x45, 0x6a, 0xc4, 0x51, 0x05, 0x62, 0x05, 0x62, 0x45, 0x72,
    0x65, 0x7a, 0xe7, 0x92, 0x6d, 0xc4, 0xcf, 0xcc, 0x6d, 0xc4, 0xca, 0xbb,
    0x48, 0xab, 0xa9, 0xbb, 0x68, 0xab, 0xc4, 0x59, 0xc4, 0x51, 0xc4, 0x59,
    0xe3, 0x69, 0xc5, 0x9a, 0xa7, 0x82, 0xc6, 0x92, 0x06, 0xa3, 0xc6, 0x92,
    0xa6, 0x8a, 0x68, 0xab, 0x29, 0x93, 0x67, 0x72, 0xe5, 0x59, 0x05, 0x62,
    0xe5, 0x59, 0x26, 0x6a, 0x45, 0x72, 0x86, 0x7a, 0xc4, 0x59, 0xa5, 0x51,
    0x25, 0x6a, 0x45, 0x72, 0x46, 0x6a, 0x67, 0x72, 0xa8, 0x7a, 0x2a, 0x8b,
    0xc8, 0x7a, 0x65, 0x72, 0xc6, 0x8a, 0x46, 0x72, 0x46, 0x72, 0xa7, 0x82,
    0xe7, 0x8a, 0x87, 0x7a, 0xa8, 0x7a, 0x09, 0x8b, 0x6a, 0x9b, 0x6a, 0x9b,
    0xcb, 0xab, 0xab, 0xab, 0x2d, 0xbc, 0x0c, 0xb4, 0x0c, 0xb4, 0x08, 0x93,
    0x6a, 0x9b, 0xc7, 0x82, 0x87, 0x7a, 0x65, 0x72, 0xe3, 0x59, 0xe4, 0x59,
    0xe4, 0x61, 0x45, 0x72, 0xc5, 0x82, 0x04, 0x93, 0x45, 0xa3, 0xa8, 0xab,
    0x45, 0x9b, 0x66, 0x9b, 0x27, 0x93, 0x46, 0x6a, 0xe6, 0x59, 0x26, 0x62,
    0x67, 0x72, 0xc6, 0x8a, 0x27, 0x93, 0x26, 0x93, 0xc6, 0x82, 0xa4, 0x7a,
    0xa4, 0x7a, 0x25, 0x93, 0xa4, 0x82, 0x44, 0x6a, 0x04, 0x62, 0xa4, 0x82,
    0xe4, 0x92, 0xa4, 0x82, 0x45, 0x72, 0x25, 0x6a, 0x24, 0x6a, 0x45, 0x72,
    0xe4, 0x59, 0x83, 0x41, 0xc4, 0x51, 0xa4, 0x49, 0x63, 0x39, 0xa3, 0x49,
    0x24, 0x6a, 0xa3, 0x49, 0x24, 0x6a, 0x04, 0x62, 0x25, 0x62, 0xc4, 0x51,
    0x44, 0x72, 0xc3, 0x51, 0xa4, 0x51, 0x24, 0x6a, 0x23, 0x6a, 0x83, 0x49,
    0xe6, 0x9a, 0xc5, 0x51, 0xa6, 0x82, 0x44, 0x72, 0xc3, 0x51, 0x84, 0x7a,
    0xe5, 0x8a, 0xe4, 0x59, 0x63, 0x72, 0x64, 0x72, 0xe5, 0x8a, 0x05, 0x8b,
    0x04, 0x62, 0x83, 0x41, 0x83, 0x39, 0xc3, 0x49, 0x03, 0x5a, 0xe3, 0x51,
    0xe4, 0x51, 0xc3, 0x49, 0xe3, 0x51, 0x63, 0x72, 0x63, 0x7a, 0xe3, 0x59,
    0x83, 0x7a, 0x23, 0x93, 0xe3, 0x92, 0xc3, 0x82, 0xe3, 0x92, 0x24, 0x9b,
    0x25, 0x9b, 0x84, 0x7a, 0x24, 0x62, 0x24, 0x6a, 0xc4, 0x8a, 0x24, 0x93,
    0xc5, 0x8a, 0x07, 0x8b, 0x25, 0x72, 0x65, 0x72, 0xc6, 0x82, 0xa5, 0x82,
    0x06, 0x93, 0x45, 0xa3, 0xa5, 0x7a, 0xa5, 0x7a, 0x44, 0x62, 0x04, 0x5a,
    0xa3, 0x49, 0xe4, 0x59, 0x04, 0x62, 0xe3, 0x59, 0x03, 0x5a, 0x85, 0x7a,
    0x64, 0x6a, 0xa4, 0x7a, 0xa5, 0x7a, 0x07, 0x8b, 0xe8, 0x82, 0x46, 0x9b,
    0x25, 0x9b, 0x44, 0x72, 0xa4, 0x82, 0xc5, 0x8a, 0x45, 0x72, 0x25, 0x6a,
    0x06, 0xa3, 0x45, 0x7a, 0x65, 0x82, 0xa6, 0x8a, 0xa6, 0x8a, 0x07, 0x93,
    0x68, 0x6a, 0x47, 0x62, 0x06, 0x52, 0x07, 0x5a, 0x88, 0x6a, 0x47, 0x62,
    0xc4, 0x49, 0x63, 0x39, 0x43, 0x31, 0x84, 0x39, 0xa4, 0x41, 0xa5, 0x41,
    0x64, 0x31, 0xa5, 0x41, 0x06, 0x52, 0x88, 0x6a, 0x0a, 0x83, 0x4a, 0x8b,
    0x2a, 0x83, 0x0a, 0x83, 0xe9, 0x7a, 0x0a, 0x83, 0x0a, 0x83, 0xe9, 0x82,
    0xc7, 0x82, 0x85, 0x72, 0xa5, 0x7a, 0xe4, 0x51, 0xc4, 0x49, 0x24, 0x62,
    0x65, 0x72, 0x85, 0x7a, 0x66, 0x6a, 0x84, 0x49, 0xc5, 0x51, 0x06, 0x5a,
    0x64, 0x39, 0x23, 0x29, 0x03, 0x29, 0x23, 0x29, 0x43, 0x31, 0xa4, 0x41,
    0xa4, 0x51, 0x66, 0x7a, 0xe8, 0x92, 0xa7, 0x82, 0xa4, 0x49, 0x84, 0x49,
    0xe5, 0x59, 0x84, 0x51, 0x25, 0x72, 0xa5, 0x8a, 0x4b, 0xcc, 0x0f, 0xdd,
    0xef, 0xd4, 0xce, 0xd4, 0x0c, 0xbc, 0x6a, 0xa3, 0xe8, 0x8a, 0x87, 0x72,
    0x87, 0x7a, 0x67, 0x7a, 0xe7, 0x92, 0xe8, 0xcb, 0xc8, 0xc3, 0xe9, 0xc3,
    0xe9, 0xcb, 0xc9, 0xbb, 0x0a, 0xc4, 0xa8, 0xbb, 0xc7, 0x8a, 0xa8, 0x7a,
    0x06, 0x62, 0x26, 0x6a, 0x46, 0x72, 0x46, 0x72, 0x86, 0x7a, 0x86, 0x82,
    0x46, 0x72, 0xa5, 0x51, 0x66, 0x7a, 0x06, 0x62, 0xe8, 0x8a, 0x09, 0x8b,
    0xa8, 0x82, 0x08, 0x93, 0x07, 0x93, 0xe6, 0x8a, 0x28, 0x93, 0x8b, 0xa3,
    0x6a, 0xa3, 0xcb, 0xb3, 0x8a, 0xa3, 0x29, 0x93, 0x8b, 0xa3, 0x29, 0x93,
    0x26, 0x6a, 0x67, 0x72, 0xa8, 0x82, 0x2a, 0x93, 0x29, 0x93, 0x49, 0x9b,
    0x89, 0xa3, 0xa5, 0x7a, 0xa6, 0x82, 0x85, 0x82, 0xc3, 0x59, 0xe4, 0x61,
    0x04, 0x62, 0x24, 0x62, 0xe4, 0x61, 0xa5, 0x7a, 0xa5, 0x7a, 0xa4, 0x82,
    0x04, 0x93, 0x26, 0x9b, 0x05, 0x93, 0xc5, 0x82, 0xe6, 0x8a, 0x65, 0x72,
    0x85, 0x49, 0xe5, 0x59, 0xc6, 0x8a, 0xc5, 0x8a, 0x84, 0x7a, 0x85, 0x72,
    0xc5, 0x82, 0x44, 0x6a, 0x83, 0x49, 0x84, 0x72, 0x24, 0x6a, 0xa5, 0x7a,
    0xa5, 0x82, 0xa4, 0x82, 0x64, 0x72, 0xc5, 0x82, 0x66, 0x72, 0x46, 0x6a,
    0x47, 0x6a, 0xe5, 0x59, 0x05, 0x62, 0xa4, 0x51, 0xa3, 0x49, 0xa4, 0x49,
    0x83, 0x41, 0x83, 0x41, 0x43, 0x39, 0xa4, 0x49, 0x24, 0x6a, 0xc3, 0x51,
    0xc4, 0x51, 0x45, 0x6a, 0x44, 0x72, 0x44, 0x6a, 0x25, 0x6a, 0x05, 0x62,
    0x03, 0x62, 0xa4, 0x49, 0xa5, 0x82, 0x24, 0x6a, 0xa4, 0x49, 0x83, 0x41,
    0xc3, 0x51, 0x23, 0x62, 0x06, 0x93, 0x83, 0x41, 0x44, 0x6a, 0xe5, 0x8a,
    0x84, 0x72, 0xc5, 0x82, 0x24, 0x62, 0x83, 0x39, 0x62, 0x39, 0xe3, 0x59,
    0x03, 0x5a, 0x24, 0x6a, 0x62, 0x39, 0x82, 0x41, 0xa3, 0x49, 0x63, 0x7a,
    0x83, 0x82, 0x23, 0x6a, 0x83, 0x7a, 0x83, 0x7a, 0x04, 0x93, 0x03, 0x93,
    0x63, 0xa3, 0x43, 0x9b, 0x84, 0x7a, 0x04, 0x93, 0x23, 0x6a, 0xc4, 0x82,
    0xe3, 0x8a, 0xa4, 0x82, 0x85, 0xab, 0x66, 0xa3, 0x45, 0x72, 0x04, 0x5a,
    0x44, 0x62, 0x04, 0x62, 0xc5, 0x82, 0xa4, 0x82, 0xe3, 0x59, 0x24, 0x62,
    0x85, 0x7a, 0xe6, 0x8a, 0xe4, 0x51, 0xc4, 0x51, 0xc4, 0x51, 0xa3, 0x49,
    0x63, 0x41, 0x03, 0x62, 0x64, 0x72, 0x84, 0x7a, 0x85, 0x7a, 0xe7, 0x82,
    0xa7, 0x7a, 0x86, 0x72, 0x85, 0x7a, 0xc4, 0x8a, 0x43, 0x9b, 0xc5, 0x8a,
    0xc6, 0x8a, 0x47, 0xa3, 0x87, 0xb3, 0x65, 0x82, 0x83, 0x51, 0xc4, 0x59,
    0x25, 0x72, 0xc9, 0xbb, 0xaa, 0xab, 0x2a, 0x93, 0xe9, 0x82, 0x0a, 0x7b,
    0x0b, 0x7b, 0xa9, 0x6a, 0x84, 0x39, 0x43, 0x31, 0x84, 0x41, 0xa5, 0x41,
    0x64, 0x31, 0x85, 0x39, 0x84, 0x39, 0x85, 0x39, 0x84, 0x39, 0xa4, 0x41,
    0xa5, 0x49, 0x26, 0x62, 0x46, 0x62, 0x26, 0x62, 0xc5, 0x51, 0xc5, 0x51,
    0x88, 0x6a, 0xe9, 0x82, 0x67, 0x6a, 0xc4, 0x49, 0xc4, 0x49, 0xe4, 0x51,
    0xe4, 0x51, 0x45, 0x6a, 0xe4, 0x59, 0x05, 0x62, 0xe5, 0x49, 0x27, 0x62,
    0x07, 0x52, 0xa5, 0x49, 0x23, 0x31, 0x03, 0x29, 0x23, 0x31, 0x03, 0x29,
    0x63, 0x39, 0xe4, 0x61, 0x66, 0x72, 0x46, 0x6a, 0x67, 0x72, 0x46, 0x6a,
    0xc5, 0x51, 0xc5, 0x51, 0x06, 0x62, 0x84, 0x49, 0xe4, 0x69, 0x66, 0xbb,
    0x87, 0xb3, 0x69, 0xa3, 0x0d, 0xb4, 0x6e, 0xbc, 0x6e, 0xbc, 0xaf, 0xc4,
    0x6e, 0xbc, 0xeb, 0xb3, 0x0c, 0xbc, 0x2c, 0xc4, 0x2c, 0xc4, 0x2c, 0xbc,
    0x89, 0xab, 0xc7, 0x8a, 0xc7, 0x8a, 0x48, 0xa3, 0xc7, 0x8a, 0x28, 0x9b,
    0x8a, 0xab, 0x69, 0xa3, 0x89, 0xab, 0x28, 0x9b, 0x25, 0x6a, 0xe5, 0x61,
    0x84, 0x49, 0xa5, 0x51, 0xa5, 0x49, 0xe5, 0x51, 0xe6, 0x59, 0xc5, 0x51,
    0x46, 0x6a, 0xc8, 0x82, 0x4a, 0x93, 0xec, 0xab, 0x4d, 0xc4, 0x2b, 0xc4,
    0x6c, 0xcc, 0xed, 0xdc, 0xad, 0xd4, 0x4c, 0xc4, 0x2b, 0xc4, 0x4c, 0xc4,
    0xeb, 0xb3, 0x4a, 0x9b, 0xe9, 0x82, 0xa8, 0x7a, 0x08, 0x8b, 0xa7, 0x82,
    0x46, 0x6a, 0xc7, 0x82, 0xa6, 0x82, 0x24, 0x62, 0x25, 0x6a, 0x65, 0x72,
    0x24, 0x6a, 0x25, 0x6a, 0x04, 0x62, 0x04, 0x62, 0x65, 0x7a, 0x64, 0x72,
    0x44, 0x6a, 0x24, 0x6a, 0xc4, 0x8a, 0xa5, 0x82, 0xc5, 0x82, 0xe5, 0x8a,
    0x64, 0x72, 0xa5, 0x82, 0x26, 0x62, 0xe5, 0x59, 0xc6, 0x82, 0x64, 0x72,
    0x84, 0x7a, 0xa3, 0x49, 0x64, 0x72, 0xa4, 0x82, 0x84, 0x7a, 0x64, 0x72,
    0xe3, 0x59, 0x44, 0x6a, 0xe5, 0x8a, 0xa4, 0x82, 0xa4, 0x8a, 0x44, 0x72,
    0x06, 0x93, 0x67, 0x72, 0xc8, 0x82, 0x08, 0x8b, 0xa7, 0x7a, 0x25, 0x6a,
    0xe5, 0x59, 0x43, 0x39, 0x43, 0x39, 0xa4, 0x49, 0x63, 0x41, 0xe4, 0x59,
    0xc4, 0x51, 0x83, 0x49, 0x63, 0x39, 0xe4, 0x59, 0x04, 0x62, 0xe5, 0x59,
    0xe5, 0x51, 0xc4, 0x51, 0x25, 0x62, 0x05, 0x5a, 0x43, 0x6a, 0x44, 0x72,
    0x83, 0x41, 0xc3, 0x49, 0xe3, 0x51, 0xe4, 0x59, 0x04, 0x5a, 0x83, 0x39,
    0xc3, 0x41, 0x44, 0x62, 0x64, 0x72, 0x03, 0x62, 0x03, 0x5a, 0x83, 0x39,
    0x83, 0x41, 0x83, 0x41, 0x03, 0x62, 0xa3, 0x51, 0x62, 0x41, 0xc3, 0x51,
    0x23, 0x6a, 0xe3, 0x61, 0x43, 0x7a, 0x63, 0x7a, 0x83, 0x7a, 0x43, 0x6a,
    0xc3, 0x8a, 0x23, 0x9b, 0xe3, 0x8a, 0x83, 0x7a, 0x43, 0x6a, 0xe3, 0x8a,
    0x83, 0x7a, 0x83, 0x7a, 0x04, 0x8b, 0x05, 0x8b, 0x04, 0x93, 0x06, 0x9b,
    0x46, 0xa3, 0xa5, 0x7a, 0x04, 0x62, 0x65, 0x72, 0xa5, 0x82, 0xc4, 0x8a,
    0xe4, 0x92, 0x44, 0x6a, 0x85, 0x7a, 0x64, 0x72, 0xc3, 0x49, 0xa3, 0x49,
    0x24, 0x62, 0x03, 0x62, 0x03, 0x5a, 0x64, 0x72, 0x44, 0x6a, 0xa5, 0x7a,
    0x8a, 0xa3, 0xa6, 0x82, 0x46, 0x9b, 0xe8, 0xb3, 0xe7, 0x8a, 0x05, 0x93,
    0x45, 0x9b, 0x86, 0x7a, 0x05, 0x62, 0xc5, 0x92, 0x85, 0x8a, 0x46, 0xab,
    0xa6, 0x8a, 0xa4, 0x51, 0x84, 0x51, 0xa5, 0x92, 0xc7, 0x8a, 0x2a, 0x8b,
    0x2a, 0x8b, 0x8c, 0x93, 0x2b, 0x83, 0x0a, 0x83, 0x88, 0x6a, 0xa5, 0x49,
    0x64, 0x39, 0x44, 0x31, 0x23, 0x29, 0x03, 0x29, 0x24, 0x31, 0x44, 0x31,
    0xa4, 0x49, 0x46, 0x6a, 0x26, 0x62, 0x46, 0x6a, 0x46, 0x6a, 0x67, 0x72,
    0x47, 0x62, 0xe6, 0x51, 0x68, 0x6a, 0x87, 0x72, 0x46, 0x62, 0x84, 0x41,
    0xc4, 0x51, 0xc4, 0x51, 0xe4, 0x51, 0xc4, 0x51, 0xa4, 0x49, 0xc4, 0x51,
    0xc4, 0x51, 0x06, 0x5a, 0x27, 0x5a, 0x67, 0x72, 0xe6, 0x51, 0xe6, 0x51,
    0x06, 0x62, 0x87, 0x7a, 0x46, 0x72, 0xc8, 0x82, 0xe8, 0x8a, 0xa8, 0x82,
    0xc8, 0x8a, 0xa8, 0x7a, 0xa8, 0x72, 0xa8, 0x7a, 0xc8, 0x8a, 0x08, 0x93,
    0xc8, 0x82, 0xc6, 0x92, 0xa7, 0xc3, 0xc8, 0xc3, 0x0a, 0xc4, 0x0f, 0xdd,
    0x2f, 0xdd, 0xcf, 0xd4, 0xef, 0xd4, 0xef, 0xd4, 0x6d, 0xc4, 0x4c, 0xcc,
    0x0b, 0xbc, 0xeb, 0xb3, 0xc7, 0x8a, 0x66, 0x7a, 0xe8, 0x92, 0x6b, 0x9b,
    0x2a, 0x83, 0x29, 0x8b, 0x29, 0x93, 0xe8, 0x82, 0xe9, 0x82, 0xa8, 0x7a,
    0x06, 0x62, 0x84, 0x49, 0x43, 0x39, 0x64, 0x41, 0xa5, 0x49, 0xc5, 0x49,
    0x47, 0x6a, 0xe9, 0x82, 0x4a, 0x93, 0xab, 0xa3, 0x6a, 0x9b, 0x4a, 0x93,
    0x09, 0x8b, 0x29, 0x93, 0x87, 0xa3, 0xea, 0xab, 0xab, 0x9b, 0x8b, 0x9b,
    0xcc, 0xa3, 0x6d, 0xc4, 0x2b, 0xbc, 0x8d, 0xcc, 0xce, 0xd4, 0x2c, 0xbc,
    0x0c, 0xb4, 0xcb, 0xab, 0x4a, 0x93, 0x6a, 0x9b, 0x29, 0x8b, 0x86, 0x72,
    0x65, 0x6a, 0x45, 0x72, 0xc3, 0x59, 0xc3, 0x51, 0xe4, 0x59, 0xc4, 0x61,
    0x64, 0x72, 0x44, 0x72, 0xa4, 0x82, 0x64, 0x7a, 0x25, 0x93, 0xc4, 0x8a,
    0x84, 0x7a, 0x84, 0x72, 0xe4, 0x8a, 0x26, 0x93, 0xe8, 0x8a, 0xe8, 0x8a,
    0x06, 0x93, 0x84, 0x7a, 0xe5, 0x82, 0xa3, 0x41, 0x03, 0x62, 0xc4, 0x8a,
    0xc4, 0x8a, 0xa4, 0x7a, 0xa4, 0x82, 0xe3, 0x59, 0xa4, 0x82, 0xc4, 0x82,
    0xe5, 0x8a, 0x44, 0x6a, 0x84, 0x7a, 0x65, 0x72, 0x87, 0x7a, 0x85, 0x72,
    0x85, 0x7a, 0x44, 0x72, 0xa4, 0x49, 0x45, 0x62, 0x84, 0x49, 0x64, 0x41,
    0xa4, 0x49, 0x83, 0x41, 0xa3, 0x49, 0xa4, 0x49, 0x83, 0x41, 0xc4, 0x59,
    0xc5, 0x51, 0xa5, 0x49, 0x63, 0x39, 0xa4, 0x41, 0x06, 0x5a, 0x46, 0x6a,
    0xe3, 0x59, 0xc3, 0x59, 0xc3, 0x51, 0x04, 0x5a, 0x44, 0x6a, 0xa3, 0x41,
    0x63, 0x39, 0x43, 0x6a, 0xc3, 0x49, 0x64, 0x72, 0xc3, 0x49, 0xc3, 0x49,
    0xc3, 0x51, 0xa3, 0x49, 0x42, 0x39, 0xa3, 0x49, 0x63, 0x72, 0x43, 0x6a,
    0x83, 0x7a, 0x43, 0x6a, 0xe3, 0x61, 0x03, 0x6a, 0x23, 0x6a, 0x44, 0x72,
    0x64, 0x72, 0xe3, 0x59, 0xc4, 0x8a, 0x63, 0x7a, 0x83, 0x7a, 0xa3, 0x82,
    0xa3, 0x7a, 0xc3, 0x82, 0xa3, 0x82, 0x23, 0x6a, 0x04, 0x93, 0xa4, 0x7a,
    0x03, 0x5a, 0x85, 0x72, 0x64, 0x72, 0x45, 0x9b, 0x24, 0x9b, 0x65, 0x72,
    0x65, 0x72, 0x04, 0x93, 0x04, 0x8b, 0xe3, 0x59, 0xe4, 0x59, 0xa5, 0x7a,
    0xe3, 0x59, 0xe4, 0x59, 0xe4, 0x59, 0xe3, 0x59, 0xe3, 0x51, 0x24, 0x62,
    0x24, 0x6a, 0x06, 0x93, 0x44, 0x6a, 0x05, 0x8b, 0x86, 0xab, 0x88, 0xa3,
    0x87, 0xab, 0xa6, 0xab, 0x86, 0xa3, 0x29, 0x8b, 0xc8, 0x7a, 0x05, 0x93,
    0xa7, 0x82, 0x29, 0x93, 0x0a, 0x8b, 0x68, 0x6a, 0x06, 0x5a, 0x06, 0x5a,
    0x27, 0x6a, 0x68, 0x6a, 0xc9, 0x72, 0xc9, 0x72, 0x27, 0x5a, 0x07, 0x5a,
    0x85, 0x41, 0x64, 0x39, 0x23, 0x31, 0x03, 0x29, 0x23, 0x31, 0x44, 0x31,
    0x44, 0x31, 0xc5, 0x49, 0x26, 0x62, 0xe5, 0x51, 0xe6, 0x51, 0xe6, 0x51,
    0x06, 0x5a, 0x05, 0x62, 0x87, 0x72, 0xa9, 0x72, 0xa9, 0x72, 0x67, 0x6a,
    0xc4, 0x51, 0xa4, 0x49, 0xa4, 0x49, 0x43, 0x39, 0xa4, 0x49, 0xe4, 0x59,
    0x25, 0x6a, 0x44, 0x72, 0x66, 0x72, 0x67, 0x6a, 0xe8, 0x8a, 0xc7, 0x8a,
    0xa6, 0x82, 0xc7, 0x8a, 0xe8, 0x82, 0x67, 0x6a, 0x67, 0x72, 0x47, 0x6a,
    0x26, 0x62, 0x06, 0x62, 0x66, 0x72, 0xa7, 0x82, 0x6a, 0xa3, 0x8a, 0xab,
    0xaa, 0xb3, 0xaa, 0xb3, 0xeb, 0xbb, 0xcb, 0xb3, 0xca, 0xb3, 0x0b, 0xc4,
    0x0a, 0xbc, 0xcd, 0xdc, 0x0f, 0xdd, 0x2f, 0xdd, 0x2f, 0xdd, 0x50, 0xe5,
    0xef, 0xd4, 0x0b, 0xbc, 0x4c, 0xc4, 0xc7, 0x8a, 0x66, 0x7a, 0xa7, 0x82,
    0xe8, 0x8a, 0xe9, 0x82, 0xa8, 0x72, 0x67, 0x6a, 0x06, 0x5a, 0xe6, 0x59,
    0xe6, 0x51, 0xa5, 0x49, 0xc5, 0x51, 0xe5, 0x59, 0x06, 0x62, 0x26, 0x62,
    0x67, 0x6a, 0x09, 0x8b, 0x4a, 0x93, 0x8b, 0x9b, 0x8b, 0xa3, 0x29, 0x93,
    0xc8, 0x82, 0xc8, 0x82, 0x49, 0x9b, 0x69, 0x9b, 0xe6, 0x82, 0x46, 0x9b,
    0xeb, 0xab, 0xec, 0xab, 0x4e, 0xbc, 0xaf, 0xcc, 0x6d, 0xc4, 0x4c, 0xc4,
    0xe9, 0xbb, 0x4b, 0xc4, 0x8c, 0xc4, 0x0a, 0xb4, 0x0b, 0xb4, 0x0c, 0xb4,
    0xcb, 0xa3, 0x49, 0x93, 0x66, 0x6a, 0xc7, 0x82, 0x66, 0x6a, 0xc3, 0x51,
    0xe3, 0x59, 0x05, 0x62, 0xc4, 0x59, 0x44, 0x72, 0x84, 0x7a, 0x64, 0x72,
    0xe4, 0x8a, 0xa4, 0x7a, 0x44, 0x6a, 0x64, 0x72, 0xa4, 0x7a, 0xa5, 0x7a,
    0x65, 0x6a, 0x66, 0x72, 0x04, 0x5a, 0x64, 0x6a, 0x84, 0x72, 0x44, 0x6a,
    0xe4, 0x59, 0x44, 0x72, 0x23, 0x6a, 0x03, 0x62, 0x84, 0x7a, 0x23, 0x62,
    0xe3, 0x51, 0x85, 0x72, 0x24, 0x62, 0x04, 0x5a, 0x03, 0x62, 0xa4, 0x82,
    0x65, 0x72, 0x24, 0x62, 0x04, 0x5a, 0x24, 0x6a, 0xc4, 0x51, 0xc3, 0x49,
    0xa4, 0x49, 0x64, 0x41, 0x43, 0x39, 0x83, 0x41, 0x63, 0x39, 0x63, 0x41,
    0x83, 0x41, 0x84, 0x41, 0xa4, 0x51, 0xe6, 0x51, 0xa3, 0x51, 0x84, 0x41,
    0x64, 0x41, 0xa4, 0x49, 0x06, 0x93, 0x04, 0x62, 0x25, 0x6a, 0xc4, 0x49,
    0xc3, 0x51, 0x83, 0x41, 0xc3, 0x51, 0xa4, 0x82, 0xc3, 0x51, 0x82, 0x49,
    0xa3, 0x49, 0x83, 0x41, 0x82, 0x41, 0x03, 0x62, 0xc3, 0x59, 0xe3, 0x61,
    0xc2, 0x59, 0xc2, 0x59, 0x03, 0x62, 0x23, 0x6a, 0x03, 0x6a, 0x64, 0x72,
    0x43, 0x72, 0x04, 0x62, 0x64, 0x7a, 0xe4, 0x59, 0xa5, 0x82, 0x43, 0x72,
    0x63, 0x72, 0xc3, 0x82, 0x04, 0x93, 0x64, 0xa3, 0x24, 0x9b, 0x03, 0x9b,
    0x04, 0x93, 0x63, 0x6a, 0x24, 0x5a, 0x03, 0x5a, 0x23, 0x62, 0xe3, 0x92,
    0x64, 0xa3, 0x85, 0x7a, 0x04, 0x62, 0x65, 0xa3, 0xa4, 0x7a, 0x04, 0x5a,
    0xa4, 0x49, 0x44, 0x6a, 0xc3, 0x51, 0x23, 0x62, 0xa3, 0x51, 0x05, 0x6a,
    0x04, 0x62, 0x44, 0x6a, 0x65, 0x7a, 0x65, 0x7a, 0x44, 0x6a, 0x47, 0x9b,
    0x25, 0x9b, 0x86, 0x82, 0x87, 0xa3, 0x85, 0xab, 0x06, 0xbc, 0x6c, 0xcc,
    0x88, 0xab, 0x66, 0xa3, 0xe8, 0x82, 0xe9, 0x7a, 0x4b, 0x83, 0x4b, 0x83,
    0x4b, 0x83, 0x4b, 0x83, 0x4b, 0x83, 0x68, 0x62, 0xe6, 0x51, 0xa5, 0x49,
    0x07, 0x52, 0x27, 0x52, 0x27, 0x5a, 0x07, 0x52, 0xe6, 0x49, 0xe7, 0x51,
    0xc6, 0x49, 0xa6, 0x49, 0x07, 0x52, 0x27, 0x62, 0xe5, 0x51, 0xa5, 0x49,
    0x85, 0x41, 0xc6, 0x51, 0xe6, 0x59, 0xe5, 0x51, 0x46, 0x6a, 0x88, 0x72,
    0x67, 0x62, 0xc5, 0x49, 0x83, 0x41, 0xa4, 0x49, 0x84, 0x49, 0x23, 0x31,
    0xa4, 0x51, 0x45, 0x7a, 0x04, 0x6a, 0x04, 0x6a, 0xa6, 0x8a, 0xc7, 0x82,
    0xe5, 0x59, 0x05, 0x62, 0x66, 0x72, 0xa6, 0x8a, 0xa7, 0x82, 0x05, 0x62,
    0xe5, 0x61, 0x05, 0x62, 0x06, 0x62, 0x26, 0x6a, 0x46, 0x72, 0x86, 0x7a,
    0x69, 0xab, 0x49, 0xa3, 0x89, 0xab, 0x8a, 0xab, 0xab, 0xab, 0x29, 0x9b,
    0x8a, 0xab, 0x2c, 0xbc, 0x0f, 0xdd, 0x50, 0xe5, 0xee, 0xd4, 0x0f, 0xdd,
    0xce, 0xcc, 0x8d, 0xcc, 0xca, 0xab, 0xe7, 0x8a, 0x68, 0x9b, 0xc6, 0x82,
    0xe7, 0x8a, 0x65, 0x72, 0xc6, 0x82, 0xe7, 0x82, 0x26, 0x62, 0x26, 0x62,
    0xc9, 0x7a, 0xe6, 0x51, 0xe6, 0x51, 0x27, 0x62, 0x88, 0x72, 0x67, 0x6a,
    0xa8, 0x7a, 0x6a, 0x9b, 0x6a, 0x9b, 0x8b, 0xa3, 0xec, 0xab, 0xab, 0xa3,
    0x4a, 0x93, 0xe8, 0x8a, 0x09, 0x93, 0x8b, 0xa3, 0xec, 0xab, 0xcc, 0xab,
    0x65, 0x72, 0x27, 0x93, 0xa9, 0xa3, 0x69, 0x9b, 0x4a, 0x93, 0x6a, 0x9b,
    0x48, 0x93, 0x49, 0x93, 0x26, 0x93, 0x28, 0x93, 0x8a, 0xa3, 0xa9, 0xa3,
    0xe6, 0x82, 0x88, 0x9b, 0x0c, 0xb4, 0x8a, 0x9b, 0xe8, 0x82, 0xe8, 0x82,
    0x45, 0x6a, 0x04, 0x62, 0x44, 0x6a, 0xe5, 0x59, 0xa4, 0x51, 0x45, 0x6a,
    0xe3, 0x59, 0x64, 0x72, 0x45, 0x72, 0x84, 0x7a, 0x44, 0x6a, 0xa4, 0x7a,
    0x64, 0x72, 0xc5, 0x82, 0x44, 0x6a, 0x44, 0x6a, 0xc3, 0x49, 0x24, 0x5a,
    0x64, 0x6a, 0x25, 0x93, 0x44, 0x6a, 0xc3, 0x59, 0x64, 0x72, 0xa3, 0x49,
    0x24, 0x6a, 0x43, 0x72, 0xa3, 0x49, 0x85, 0x72, 0x04, 0x5a, 0xa3, 0x49,
    0xc3, 0x49, 0x23, 0x6a, 0x84, 0x7a, 0x44, 0x6a, 0x04, 0x5a, 0x24, 0x62,
    0x04, 0x62, 0x83, 0x41, 0xe4, 0x59, 0xa4, 0x49, 0x64, 0x39, 0x84, 0x41,
    0x84, 0x49, 0x83, 0x41, 0xc4, 0x51, 0xe5, 0x51, 0xa4, 0x49, 0x06, 0x5a,
    0xe5, 0x51, 0xc5, 0x51, 0x84, 0x41, 0x63, 0x41, 0xa6, 0x82, 0xe4, 0x61,
    0xc4, 0x51, 0xc4, 0x51, 0x83, 0x41, 0xa3, 0x49, 0x03, 0x62, 0xc3, 0x51,
    0x62, 0x39, 0xc3, 0x51, 0x24, 0x62, 0x44, 0x62, 0x83, 0x41, 0x82, 0x49,
    0x64, 0x7a, 0x03, 0x62, 0x43, 0x6a, 0x44, 0x72, 0xe3, 0x61, 0xe5, 0x92,
    0x63, 0x7a, 0xe3, 0x59, 0xe4, 0x8a, 0x44, 0x72, 0xe5, 0x92, 0x44, 0x6a,
    0x24, 0x6a, 0x64, 0x72, 0x43, 0x72, 0x23, 0x62, 0xa3, 0x82, 0xc4, 0x82,
    0x86, 0xa3, 0xe5, 0x8a, 0x43, 0x72, 0xa2, 0x51, 0xe5, 0x8a, 0xa3, 0x49,
    0xc3, 0x51, 0x43, 0x72, 0xe4, 0x92, 0x24, 0x6a, 0xc3, 0x59, 0x43, 0x72,
    0xc3, 0x82, 0x26, 0x93, 0x05, 0x62, 0x85, 0x7a, 0x24, 0x6a, 0x44, 0x6a,
    0x05, 0x62, 0x66, 0x7a, 0x45, 0x72, 0x85, 0x7a, 0x05, 0x62, 0x65, 0x72,
    0xc3, 0x59, 0x84, 0x7a, 0x64, 0x72, 0xa4, 0x82, 0x04, 0x93, 0xc3, 0x8a,
    0x45, 0x9b, 0xc9, 0xb3, 0x88, 0xa3, 0xc7, 0xb3, 0xe7, 0xb3, 0x89, 0xa3,
    0x8b, 0x93, 0x09, 0x8b, 0xc9, 0x7a, 0x2a, 0x83, 0x09, 0x8b, 0x8b, 0x93,
    0x2b, 0x83, 0xa9, 0x72, 0x68, 0x62, 0x27, 0x5a, 0x47, 0x5a, 0xe6, 0x51,
    0xc6, 0x49, 0x27, 0x5a, 0x48, 0x62, 0x68, 0x6a, 0x88, 0x6a, 0x68, 0x6a,
    0xc5, 0x49, 0x64, 0x41, 0x85, 0x41, 0xa5, 0x49, 0xe5, 0x51, 0x25, 0x6a,
    0x86, 0x82, 0xa8, 0x72, 0x88, 0x6a, 0x47, 0x6a, 0xe5, 0x59, 0x84, 0x49,
    0x43, 0x39, 0x23, 0x39, 0xa4, 0x51, 0x25, 0x72, 0x05, 0x62, 0x06, 0x62,
    0x06, 0x62, 0xa5, 0x49, 0xa5, 0x49, 0xa5, 0x49, 0xa4, 0x49, 0xc5, 0x51,
    0x66, 0x72, 0xe8, 0x8a, 0x05, 0x6a, 0x05, 0x6a, 0x87, 0x7a, 0x05, 0x6a,
    0xe5, 0x61, 0x66, 0x7a, 0x08, 0x93, 0xe5, 0x61, 0x86, 0x7a, 0xe9, 0x82,
    0xe9, 0x82, 0x4a, 0x93, 0xec, 0xa3, 0x4e, 0xb4, 0x2e, 0xb4, 0x4e, 0xb4,
    0x6e, 0xb4, 0x2e, 0xb4, 0x8a, 0x93, 0xc7, 0x7a, 0xe8, 0x7a, 0xe8, 0x7a,
    0x86, 0x72, 0x45, 0x6a, 0xe7, 0x8a, 0xa6, 0x7a, 0xc7, 0x82, 0xa6, 0x82,
    0xc7, 0x82, 0x67, 0x72, 0x4a, 0x93, 0x29, 0x8b, 0xa8, 0x7a, 0x47, 0x6a,
    0x06, 0x5a, 0xa8, 0x7a, 0x49, 0x9b, 0x29, 0x9b, 0x49, 0x9b, 0xe8, 0x92,
    0xc8, 0x8a, 0xe8, 0x92, 0xc7, 0x8a, 0x29, 0x93, 0xac, 0xa3, 0xec, 0xab,
    0xab, 0xa3, 0x4a, 0x9b, 0x86, 0x72, 0xe7, 0x82, 0x07, 0x8b, 0x08, 0x93,
    0x6a, 0x9b, 0x8a, 0xa3, 0x67, 0x9b, 0x28, 0x93, 0x06, 0x8b, 0xc6, 0x82,
    0xa6, 0x7a, 0x49, 0x93, 0x86, 0x72, 0x65, 0x6a, 0x6a, 0x93, 0x27, 0x93,
    0x4a, 0x93, 0x09, 0x83, 0x66, 0x72, 0x25, 0x62, 0x24, 0x6a, 0xe4, 0x59,
    0xe5, 0x59, 0x25, 0x62, 0x24, 0x62, 0x44, 0x6a, 0x04, 0x62, 0x04, 0x5a,
    0xe3, 0x59, 0x64, 0x72, 0x04, 0x5a, 0xa3, 0x49, 0xc3, 0x51, 0x83, 0x49,
    0xc5, 0x82, 0x44, 0x62, 0xe3, 0x51, 0x44, 0x6a, 0xc3, 0x51, 0x25, 0x62,
    0xc7, 0x7a, 0xc4, 0x51, 0xa5, 0x7a, 0x44, 0x6a, 0xa5, 0x82, 0x24, 0x6a,
    0x44, 0x6a, 0xa3, 0x49, 0xc3, 0x51, 0xe3, 0x59, 0xe3, 0x59, 0xe3, 0x59,
    0xc3, 0x49, 0x04, 0x62, 0xe3, 0x59, 0xe4, 0x59, 0xe4, 0x59, 0x83, 0x41,
    0x63, 0x39, 0x44, 0x39, 0x43, 0x39, 0x22, 0x31, 0x04, 0x5a, 0xa4, 0x49,
    0x06, 0x52, 0xc5, 0x51, 0x45, 0x6a, 0x45, 0x72, 0x25, 0x6a, 0xe5, 0x59,
    0xa4, 0x82, 0xe4, 0x59, 0x63, 0x39, 0x83, 0x41, 0xe4, 0x59, 0xc4, 0x51,
    0xc3, 0x59, 0x82, 0x49, 0x63, 0x41, 0xa3, 0x49, 0xe3, 0x51, 0xe3, 0x59,
    0x42, 0x39, 0x23, 0x62, 0x43, 0x72, 0xe4, 0x59, 0xa3, 0x51, 0x44, 0x72,
    0xe3, 0x61, 0x44, 0x72, 0x64, 0x72, 0xa3, 0x49, 0xe3, 0x59, 0x44, 0x72,
    0xa4, 0x7a, 0x63, 0x72, 0x83, 0x7a, 0xe4, 0x8a, 0xc4, 0x82, 0x03, 0x62,
    0x43, 0x72, 0xe4, 0x8a, 0xc4, 0x82, 0x84, 0x7a, 0x23, 0x6a, 0xe3, 0x59,
    0x45, 0xa3, 0x23, 0x62, 0x23, 0x6a, 0xc3, 0x59, 0x23, 0x6a, 0x43, 0x72,
    0xe4, 0x92, 0xc5, 0x82, 0x84, 0x7a, 0x88, 0xab, 0x28, 0x93, 0xc6, 0x8a,
    0x24, 0x72, 0x65, 0x72, 0x46, 0x72, 0xa6, 0x82, 0x66, 0x7a, 0xc6, 0x8a,
    0x85, 0x82, 0x85, 0x7a, 0x05, 0x93, 0x04, 0x62, 0x44, 0x6a, 0xa4, 0x82,
    0xa3, 0x82, 0x04, 0x93, 0x66, 0xa3, 0xe5, 0x8a, 0x84, 0x7a, 0xc4, 0x82,
    0x04, 0x93, 0xe4, 0x8a, 0x05, 0x93, 0xe4, 0x8a, 0xa4, 0x82, 0xa6, 0x7a,
    0xc7, 0x82, 0xa6, 0x7a, 0xe8, 0x8a, 0x29, 0x8b, 0x6a, 0x93, 0xe9, 0x82,
    0xa8, 0x7a, 0x89, 0x72, 0x48, 0x6a, 0x88, 0x72, 0xc9, 0x7a, 0x2a, 0x8b,
    0x4a, 0x93, 0xe9, 0x8a, 0x67, 0x72, 0x84, 0x49, 0xe5, 0x59, 0xe5, 0x59,
    0xe5, 0x59, 0x25, 0x6a, 0xa6, 0x82, 0x67, 0x72, 0x47, 0x6a, 0x26, 0x6a,
    0xc5, 0x59, 0xc5, 0x51, 0x26, 0x62, 0x67, 0x72, 0xe9, 0x82, 0xc9, 0x82,
    0xe9, 0x82, 0xc9, 0x7a, 0xc9, 0x7a, 0xc9, 0x7a, 0xe9, 0x82, 0x09, 0x83,
    0xe9, 0x82, 0xc8, 0x82, 0xc8, 0x82, 0xc8, 0x8a, 0xa4, 0x51, 0x63, 0x49,
    0x05, 0x6a, 0xe8, 0x8a, 0x05, 0x5a, 0xc4, 0x61, 0xa7, 0x8a, 0x67, 0x72,
    0x86, 0x7a, 0x49, 0x9b, 0xcc, 0xa3, 0x0d, 0xac, 0x6f, 0xb4, 0x6f, 0xb4,
    0x8f, 0xbc, 0xaf, 0xbc, 0xab, 0x9b, 0x09, 0x83, 0x45, 0x6a, 0x04, 0x5a,
    0x05, 0x5a, 0x46, 0x62, 0xc4, 0x51, 0x45, 0x6a, 0x45, 0x6a, 0x45, 0x6a,
    0x25, 0x62, 0x45, 0x6a, 0xa7, 0x7a, 0xe9, 0x82, 0x87, 0x7a, 0x47, 0x6a,
    0x06, 0x5a, 0x27, 0x62, 0xe9, 0x82, 0xe9, 0x8a, 0x09, 0x93, 0x4a, 0x9b,
    0x29, 0x93, 0xa7, 0x8a, 0x87, 0x82, 0xc7, 0x8a, 0xab, 0xa3, 0xab, 0xa3,
    0x4a, 0x9b, 0x09, 0x93, 0xa7, 0x8a, 0xe8, 0x92, 0x66, 0x72, 0xa6, 0x7a,
    0xc6, 0x7a, 0x28, 0x93, 0x49, 0x9b, 0x66, 0xa3, 0x25, 0x93, 0x46, 0x93,
    0xc5, 0x82, 0xe6, 0x82, 0x27, 0x93, 0xe7, 0x82, 0xa6, 0x7a, 0x24, 0x62,
    0x85, 0x72, 0xa4, 0x7a, 0xe7, 0x82, 0x08, 0x83, 0xe8, 0x82, 0xa6, 0x7a,
    0x27, 0x93, 0x84, 0x72, 0x45, 0x6a, 0xe4, 0x59, 0x04, 0x5a, 0xe4, 0x59,
    0xa3, 0x49, 0xa3, 0x49, 0x24, 0x62, 0x44, 0x6a, 0xc3, 0x51, 0x83, 0x41,
    0x23, 0x6a, 0x24, 0x62, 0xa5, 0x72, 0xc4, 0x49, 0x63, 0x39, 0xa3, 0x49,
    0xe4, 0x59, 0x25, 0x62, 0xe5, 0x59, 0x04, 0x5a, 0x24, 0x62, 0x64, 0x72,
    0x04, 0x62, 0xa3, 0x51, 0x04, 0x62, 0x04, 0x62, 0xc3, 0x59, 0xa3, 0x51,
    0x63, 0x39, 0xa3, 0x49, 0x83, 0x41, 0xc4, 0x49, 0xa3, 0x49, 0x84, 0x7a,
    0x24, 0x6a, 0x62, 0x39, 0xc4, 0x51, 0x84, 0x49, 0x64, 0x39, 0xa4, 0x49,
    0xc4, 0x51, 0xa5, 0x49, 0xa5, 0x41, 0xc4, 0x51, 0xe4, 0x59, 0x05, 0x62,
    0x26, 0x62, 0x46, 0x6a, 0x43, 0x6a, 0x24, 0x6a, 0x03, 0x62, 0x03, 0x62,
    0xc3, 0x49, 0x63, 0x41, 0x83, 0x41, 0xc3, 0x51, 0xc3, 0x59, 0x24, 0x62,
    0xc3, 0x51, 0xc3, 0x51, 0xe3, 0x59, 0x84, 0x7a, 0x84, 0x7a, 0xc4, 0x59,
    0xc4, 0x59, 0x83, 0x49, 0x24, 0x62, 0x04, 0x6a, 0xe3, 0x61, 0x64, 0x72,
    0x84, 0x7a, 0x84, 0x51, 0x04, 0x62, 0x44, 0x6a, 0x04, 0x93, 0x83, 0x82,
    0xe3, 0x61, 0x43, 0x6a, 0xc4, 0x8a, 0x83, 0x7a, 0xc3, 0x82, 0xe2, 0x59,
    0xc3, 0x51, 0xa5, 0x7a, 0xa4, 0x82, 0x43, 0x72, 0xa3, 0x82, 0xa3, 0x7a,
    0xe3, 0x59, 0x43, 0x6a, 0xa4, 0x7a, 0x84, 0x7a, 0x26, 0x93, 0x47, 0x9b,
    0x04, 0x62, 0x04, 0x6a, 0x04, 0x6a, 0xe4, 0x59, 0x27, 0x9b, 0x07, 0x9b,
    0xc6, 0x92, 0x65, 0x7a, 0x65, 0x7a, 0xa5, 0x82, 0xe6, 0x92, 0xa3, 0x49,
    0x64, 0x72, 0xe5, 0x8a, 0x07, 0x93, 0x06, 0x8b, 0xe6, 0x8a, 0x67, 0x9b,
    0xa4, 0x7a, 0x86, 0xab, 0x87, 0xab, 0x84, 0x7a, 0x24, 0x6a, 0x64, 0x7a,
    0x64, 0x82, 0x24, 0x72, 0x64, 0x72, 0x86, 0x7a, 0xa7, 0x82, 0x08, 0x93,
    0xeb, 0xbb, 0x69, 0xa3, 0x68, 0xab, 0x8a, 0xab, 0xca, 0xb3, 0x89, 0xab,
    0xe8, 0x8a, 0xe8, 0x8a, 0xc8, 0x82, 0xc7, 0x8a, 0xe7, 0x92, 0x09, 0x8b,
    0x2a, 0x8b, 0x0a, 0x8b, 0x2a, 0x8b, 0x2a, 0x8b, 0x2a, 0x93, 0x2a, 0x8b,
    0xe9, 0x82, 0x09, 0x83, 0xe9, 0x82, 0x0a, 0x83, 0x6b, 0x93, 0x0a, 0x8b,
    0x6b, 0x93, 0xac, 0x9b, 0x0a, 0x8b, 0x2a, 0x93, 0xcc, 0xa3, 0x0d, 0xb4,
    0xcc, 0xa3, 0x2a, 0x8b, 0x09, 0x8b, 0xc8, 0x82, 0x26, 0x72, 0x26, 0x6a,
    0x46, 0x72, 0x46, 0x72, 0x25, 0x72, 0x05, 0x6a, 0xe8, 0x8a, 0xe8, 0x8a,
    0x87, 0x72, 0x2a, 0x8b, 0xed, 0xab, 0x6e, 0xb4, 0x4e, 0xb4, 0x6f, 0xb4,
    0x2e, 0xac, 0x0d, 0xac, 0x4e, 0xb4, 0x2d, 0xac, 0xc7, 0x7a, 0x45, 0x62,
    0xe4, 0x59, 0xa4, 0x49, 0x25, 0x62, 0xe5, 0x51, 0xa4, 0x49, 0xe4, 0x51,
    0x05, 0x5a, 0xe4, 0x59, 0xa4, 0x51, 0xe4, 0x59, 0x45, 0x6a, 0x65, 0x72,
    0xe5, 0x59, 0x84, 0x49, 0x65, 0x6a, 0x67, 0x72, 0x08, 0x8b, 0x28, 0x93,
    0x49, 0x9b, 0xc7, 0x82, 0x66, 0x7a, 0xe8, 0x8a, 0x4a, 0x93, 0x8b, 0xa3,
    0x6a, 0x9b, 0x49, 0x9b, 0xe8, 0x92, 0xa7, 0x8a, 0xa7, 0x8a, 0x08, 0x93,
    0xe8, 0x8a, 0x85, 0x72, 0x65, 0x72, 0x27, 0x93, 0x89, 0xa3, 0x06, 0x8b,
    0xe5, 0x82, 0xe5, 0x82, 0x65, 0x6a, 0x24, 0x5a, 0xa6, 0x72, 0x04, 0x5a,
    0xc3, 0x51, 0x24, 0x62, 0x64, 0x6a, 0xa5, 0x7a, 0x65, 0x72, 0x07, 0x8b,
    0x49, 0x93, 0x65, 0x6a, 0x65, 0x6a, 0x65, 0x6a, 0x45, 0x6a, 0xc4, 0x51,
    0xc4, 0x51, 0xa3, 0x49, 0x83, 0x49, 0xa3, 0x49, 0xa3, 0x49, 0xe4, 0x51,
    0x42, 0x39, 0x83, 0x41, 0x24, 0x62, 0xe4, 0x51, 0xa3, 0x49, 0x04, 0x5a,
    0xc4, 0x49, 0xe4, 0x59, 0xc3, 0x51, 0x04, 0x5a, 0xe4, 0x51, 0x24, 0x62,
    0xa3, 0x49, 0x24, 0x6a, 0x83, 0x49, 0xa3, 0x51, 0x44, 0x6a, 0x44, 0x72,
    0x64, 0x7a, 0xc4, 0x51, 0xa4, 0x49, 0xc4, 0x49, 0xc4, 0x49, 0x83, 0x41,
    0xc3, 0x51, 0x23, 0x6a, 0x83, 0x49, 0xa3, 0x49, 0x24, 0x62, 0x04, 0x62,
    0x85, 0x41, 0xa4, 0x49, 0xe5, 0x51, 0xc6, 0x49, 0x84, 0x41, 0xa4, 0x49,
    0xa4, 0x49, 0xe5, 0x51, 0xe5, 0x59, 0x05, 0x5a, 0x04, 0x62, 0x05, 0x9b,
    0x64, 0x7a, 0x03, 0x62, 0x83, 0x41, 0x83, 0x41, 0x63, 0x39, 0x63, 0x41,
    0xc3, 0x59, 0xc3, 0x51, 0xe3, 0x59, 0xa3, 0x49, 0x64, 0x7a, 0xe3, 0x59,
    0x83, 0x7a, 0x44, 0x72, 0x04, 0x62, 0x44, 0x6a, 0xe3, 0x59, 0x04, 0x62,
    0xc3, 0x51, 0x03, 0x5a, 0x44, 0x7a, 0x84, 0x51, 0x23, 0x72, 0x23, 0x6a,
    0x43, 0x72, 0xe3, 0x92, 0xa3, 0x51, 0x43, 0x6a, 0x23, 0x6a, 0x83, 0x7a,
    0x43, 0x6a, 0x03, 0x62, 0xe3, 0x59, 0x44, 0x6a, 0x83, 0x49, 0xa2, 0x49,
    0x24, 0x93, 0x44, 0x6a, 0xe4, 0x51, 0x44, 0x6a, 0x44, 0x6a, 0x84, 0x7a,
    0x64, 0x7a, 0xa8, 0xb3, 0xc6, 0x92, 0x03, 0x62, 0x85, 0x7a, 0x25, 0x62,
    0x64, 0x7a, 0x03, 0x62, 0xa5, 0x8a, 0x64, 0x72, 0x65, 0x7a, 0x45, 0x72,
    0xe4, 0x61, 0x04, 0x62, 0x44, 0x72, 0xc5, 0x82, 0xa5, 0x7a, 0x64, 0x72,
    0x64, 0x72, 0xe4, 0x8a, 0x84, 0x7a, 0x86, 0xa3, 0x29, 0xc4, 0xa8, 0xbb,
    0xe9, 0xc3, 0x48, 0xa3, 0xe7, 0x92, 0x65, 0x82, 0x86, 0x82, 0x87, 0x82,
    0xa7, 0x8a, 0x86, 0x82, 0xa7, 0x82, 0xa7, 0x82, 0xe8, 0x92, 0xc8, 0x8a,
    0xc8, 0x8a, 0x88, 0xab, 0xa9, 0xbb, 0x68, 0xb3, 0xa9, 0xb3, 0xa9, 0xb3,
    0x8a, 0xa3, 0x6a, 0xa3, 0x6a, 0x9b, 0x6a, 0x9b, 0x6b, 0x9b, 0x8b, 0x9b,
    0x6a, 0x9b, 0x2a, 0x93, 0x4a, 0x93, 0x2a, 0x93, 0x29, 0x93, 0x8a, 0xa3,
    0x6a, 0x9b, 0x6a, 0xa3, 0x8b, 0xa3, 0x09, 0x8b, 0xc9, 0x82, 0x4b, 0x93,
    0x8c, 0x93, 0x8c, 0x93, 0x6b, 0x8b, 0x0a, 0x83, 0xc9, 0x82, 0xc8, 0x82,
    0xe9, 0x8a, 0xc8, 0x82, 0xe9, 0x82, 0xe9, 0x8a, 0xa8, 0x82, 0xc8, 0x82,
    0x09, 0x8b, 0xab, 0xa3, 0xec, 0xa3, 0xcc, 0xa3, 0x4e, 0xb4, 0x6f, 0xbc,
    0x6f, 0xbc, 0x4e, 0xb4, 0x6f, 0xb4, 0x6f, 0xb4, 0x2e, 0xb4, 0xc8, 0x7a,
    0xe4, 0x51, 0xa3, 0x49, 0xc4, 0x51, 0x05, 0x5a, 0xa4, 0x49, 0xa4, 0x41,
    0x84, 0x41, 0x63, 0x39, 0xc5, 0x51, 0xa4, 0x49, 0x05, 0x62, 0x66, 0x72,
    0x45, 0x6a, 0xa5, 0x82, 0xe7, 0x82, 0xa7, 0x7a, 0xa6, 0x7a, 0x66, 0x72,
    0xa6, 0x7a, 0x45, 0x6a, 0x48, 0x9b, 0x85, 0x72, 0xc7, 0x82, 0x66, 0x72,
    0x09, 0x93, 0x08, 0x93, 0xe6, 0x8a, 0x85, 0x7a, 0x85, 0x8a, 0x86, 0x82,
    0xe8, 0x92, 0x08, 0x93, 0xe8, 0x8a, 0x45, 0x6a, 0x24, 0x62, 0xe6, 0x8a,
    0xa5, 0x7a, 0x44, 0x62, 0x24, 0x5a, 0x65, 0x6a, 0xe4, 0x49, 0xa3, 0x41,
    0x04, 0x52, 0x04, 0x5a, 0x04, 0x5a, 0x04, 0x5a, 0x24, 0x62, 0xa6, 0x7a,
    0xa6, 0x7a, 0x65, 0x72, 0x65, 0x6a, 0xe7, 0x82, 0x04, 0x5a, 0x25, 0x62,
    0x05, 0x5a, 0x46, 0x6a, 0xe4, 0x59, 0x04, 0x5a, 0xe4, 0x51, 0xa3, 0x41,
    0xc3, 0x51, 0xa3, 0x51, 0xa4, 0x7a, 0xe4, 0x59, 0xe4, 0x51, 0xa4, 0x49,
    0xc3, 0x51, 0x24, 0x62, 0xc3, 0x49, 0x04, 0x5a, 0x24, 0x62, 0xe4, 0x59,
    0xc4, 0x49, 0xc4, 0x51, 0xa4, 0x49, 0xc4, 0x51, 0x63, 0x41, 0x83, 0x49,
    0xe4, 0x51, 0x64, 0x72, 0x44, 0x6a, 0xe4, 0x59, 0x84, 0x41, 0xa4, 0x49,
    0x05, 0x5a, 0xc5, 0x51, 0x04, 0x62, 0x03, 0x62, 0x64, 0x6a, 0xc3, 0x51,
    0xe3, 0x51, 0xa3, 0x49, 0x85, 0x41, 0x44, 0x31, 0x65, 0x39, 0xc6, 0x49,
    0x06, 0x5a, 0xa4, 0x41, 0x84, 0x41, 0xc5, 0x51, 0x05, 0x6a, 0xc5, 0x51,
    0x64, 0x72, 0xa4, 0x82, 0x64, 0x7a, 0x24, 0x6a, 0xa3, 0x49, 0x63, 0x39,
    0xc4, 0x49, 0xa3, 0x49, 0xe3, 0x59, 0xc3, 0x59, 0x24, 0x72, 0x04, 0x62,
    0xa3, 0x51, 0xa3, 0x51, 0x43, 0x72, 0x85, 0xab, 0x84, 0x7a, 0x44, 0x6a,
    0x03, 0x5a, 0xe4, 0x59, 0xa3, 0x51, 0x03, 0x6a, 0x23, 0x6a, 0x04, 0x62,
    0xa4, 0x82, 0x42, 0x6a, 0xa3, 0x82, 0xa3, 0x8a, 0xc3, 0x59, 0x84, 0x7a,
    0xa3, 0x82, 0xa3, 0x8a, 0xe3, 0x59, 0x83, 0x49, 0xe3, 0x51, 0xa3, 0x49,
    0xe3, 0x51, 0xc3, 0x51, 0xe3, 0x59, 0xe3, 0x51, 0xe4, 0x51, 0x44, 0x72,
    0xe3, 0x59, 0xa4, 0x7a, 0x66, 0xa3, 0xa8, 0xb3, 0xc5, 0x8a, 0x43, 0x72,
    0x05, 0x62, 0xa6, 0x7a, 0x85, 0x7a, 0x44, 0x6a, 0x24, 0x62, 0x24, 0x6a,
    0x85, 0x7a, 0x25, 0x6a, 0x85, 0x82, 0xe7, 0x9a, 0x07, 0x93, 0xa5, 0x82,
    0xe5, 0x8a, 0x44, 0x6a, 0x84, 0x7a, 0x64, 0x72, 0x84, 0x7a, 0x25, 0x9b,
    0x25, 0x9b, 0x08, 0xc4, 0x2a, 0xc4, 0x6b, 0xd4, 0x4a, 0xcc, 0x09, 0xc4,
    0x48, 0xa3, 0xa6, 0x8a, 0x86, 0x8a, 0xa7, 0x8a, 0xa7, 0x92, 0xa7, 0x8a,
    0x86, 0x82, 0x66, 0x7a, 0x65, 0x7a, 0x85, 0x8a, 0x44, 0x7a, 0xa5, 0x8a,
    0xc6, 0x92, 0x67, 0xab, 0x88, 0xb3, 0x89, 0xb3, 0xc9, 0xc3, 0x4b, 0xcc,
    0x8c, 0xd4, 0x4c, 0xc4, 0x4c, 0xcc, 0xeb, 0xbb, 0x0c, 0xbc, 0xec, 0xb3,
    0x4a, 0x93, 0x4b, 0x93, 0xc9, 0x7a, 0x0a, 0x8b, 0xc9, 0x7a, 0xac, 0x9b,
    0xac, 0x9b, 0x8c, 0x93, 0x4b, 0x8b, 0x4b, 0x8b, 0x4b, 0x8b, 0x2a, 0x8b,
    0x2a, 0x93, 0x09, 0x8b, 0x09, 0x8b, 0x09, 0x8b, 0x4a, 0x93, 0x4a, 0x93,
    0x8b, 0xa3, 0xab, 0x9b, 0xab, 0xa3, 0xcc, 0xa3, 0x0d, 0xac, 0x6e, 0xbc,
    0x8f, 0xbc, 0xcf, 0xc4, 0x8f, 0xbc, 0x2d, 0xb4, 0x2e, 0xb4, 0x0d, 0xac,
    0x0d, 0xac, 0xe8, 0x82, 0x05, 0x62, 0xc4, 0x51, 0x83, 0x41, 0x84, 0x41,
    0x84, 0x49, 0x23, 0x39, 0x84, 0x41, 0xa4, 0x49, 0xa5, 0x51, 0x84, 0x49,
    0xc4, 0x59, 0x25, 0x62, 0x86, 0x7a, 0x85, 0x7a, 0xa6, 0x82, 0x87, 0x7a,
    0x86, 0x7a, 0xe4, 0x59, 0x04, 0x5a, 0xe4, 0x51, 0x65, 0x72, 0x65, 0x6a,
    0x65, 0x62, 0x25, 0x5a, 0xa7, 0x7a, 0x86, 0x7a, 0x46, 0x9b, 0xe6, 0x8a,
    0x05, 0x8b, 0x47, 0x9b, 0xa7, 0x8a, 0x86, 0x8a, 0xc7, 0x8a, 0x04, 0x62,
    0x25, 0x62, 0x45, 0x6a, 0x65, 0x6a, 0x04, 0x5a, 0xe4, 0x49, 0x45, 0x5a,
    0xa3, 0x41, 0x83, 0x39, 0xe4, 0x49, 0xe4, 0x51, 0x85, 0x7a, 0x45, 0x6a,
    0x84, 0x72, 0x84, 0x72, 0x64, 0x72, 0xa5, 0x82, 0x44, 0x6a, 0x84, 0x72,
    0x66, 0x72, 0x25, 0x62, 0x05, 0x5a, 0x25, 0x62, 0x24, 0x62, 0xc4, 0x51,
    0xe5, 0x59, 0xa3, 0x49, 0xa4, 0x51, 0xa4, 0x51, 0x44, 0x72, 0xa3, 0x49,
    0xa3, 0x41, 0xe4, 0x51, 0x65, 0x72, 0xa3, 0x49, 0x42, 0x31, 0x04, 0x5a,
    0x44, 0x72, 0x05, 0x5a, 0x83, 0x41, 0xc4, 0x51, 0x43, 0x39, 0x84, 0x49,
    0xa4, 0x51, 0x25, 0x6a, 0x44, 0x6a, 0x44, 0x6a, 0x64, 0x6a, 0xe3, 0x51,
    0x24, 0x62, 0x84, 0x41, 0xa4, 0x49, 0x25, 0x62, 0x25, 0x62, 0xe4, 0x59,
    0x44, 0x6a, 0xc4, 0x51, 0x83, 0x39, 0xc4, 0x49, 0xc5, 0x51, 0x64, 0x41,
    0xa6, 0x41, 0x84, 0x41, 0x26, 0x5a, 0xc5, 0x49, 0x84, 0x41, 0xa5, 0x49,
    0xe5, 0x59, 0xa5, 0x49, 0x04, 0x5a, 0xe3, 0x51, 0xc3, 0x49, 0x83, 0x41,
    0xa3, 0x49, 0xc4, 0x51, 0xc5, 0x7a, 0x04, 0x62, 0xa3, 0x51, 0xe4, 0x59,
    0xe4, 0x59, 0xe3, 0x59, 0x03, 0x62, 0xa5, 0x82, 0xa4, 0x8a, 0x64, 0x7a,
    0x03, 0x62, 0x03, 0x62, 0x44, 0x6a, 0xa5, 0x82, 0x04, 0x62, 0xe4, 0x61,
    0x03, 0x62, 0xc3, 0x59, 0x24, 0x6a, 0xa3, 0x51, 0x24, 0x6a, 0xc5, 0x8a,
    0x23, 0x6a, 0x43, 0x9b, 0x83, 0x82, 0xc3, 0x59, 0x62, 0x41, 0x82, 0x41,
    0xe3, 0x59, 0xc3, 0x51, 0x24, 0x6a, 0xc3, 0x49, 0xc3, 0x51, 0x03, 0x5a,
    0x24, 0x62, 0xe3, 0x59, 0x44, 0x6a, 0xc4, 0x82, 0x06, 0x93, 0x06, 0x93,
    0xc5, 0x82, 0x04, 0x93, 0xc5, 0x59, 0xa4, 0x82, 0x24, 0x6a, 0x65, 0x72,
    0xa4, 0x51, 0x24, 0x6a, 0x24, 0x6a, 0xa6, 0x8a, 0x47, 0xa3, 0x8c, 0xd4,
    0xea, 0xbb, 0x65, 0x72, 0xc6, 0x82, 0xe6, 0x8a, 0x44, 0x72, 0x03, 0x62,
    0x47, 0x9b, 0x06, 0x93, 0x05, 0x9b, 0xe8, 0xbb, 0x6a, 0xd4, 0x29, 0xcc,
    0x29, 0xcc, 0x08, 0xcc, 0x6a, 0xd4, 0x8a, 0xd4, 0x27, 0xa3, 0xc7, 0x92,
    0xe8, 0x92, 0xc7, 0x8a, 0x87, 0x82, 0x46, 0x7a, 0x04, 0x6a, 0xa4, 0x61,
    0x25, 0x72, 0x04, 0x72, 0x85, 0x8a, 0xa5, 0x92, 0xc5, 0x9a, 0x47, 0xab,
    0x88, 0xb3, 0xc9, 0xbb, 0x6b, 0xd4, 0x2b, 0xc4, 0x0b, 0xbc, 0xcb, 0xab,
    0xcb, 0xb3, 0xac, 0xa3, 0x6b, 0x93, 0x6b, 0x93, 0x6b, 0x93, 0x4b, 0x93,
    0x6b, 0x93, 0x4a, 0x93, 0x0a, 0x8b, 0xe9, 0x82, 0x2a, 0x8b, 0x2a, 0x93,
    0x09, 0x8b, 0x29, 0x8b, 0x09, 0x8b, 0xe9, 0x82, 0x09, 0x8b, 0x4a, 0x93,
    0x6a, 0x9b, 0x8b, 0xa3, 0xcc, 0xab, 0x2d, 0xb4, 0x4e, 0xb4, 0x4e, 0xb4,
    0x2d, 0xb4, 0x6e, 0xb4, 0x8e, 0xbc, 0x6e, 0xbc, 0x6e, 0xbc, 0x6e, 0xbc,
    0x2d, 0xb4, 0xac, 0xa3, 0x4a, 0x93, 0x4a, 0x93, 0x09, 0x93, 0xa8, 0x82,
    0xc4, 0x51, 0x43, 0x39, 0x02, 0x31, 0x03, 0x31, 0x43, 0x39, 0xa5, 0x49,
    0x03, 0x31, 0x43, 0x41, 0x64, 0x41, 0x63, 0x41, 0xe4, 0x59, 0x65, 0x7a,
    0x45, 0x6a, 0x45, 0x6a, 0x25, 0x62, 0xc4, 0x49, 0xa4, 0x41, 0x63, 0x39,
    0x63, 0x39, 0x05, 0x8b, 0x04, 0x5a, 0xc4, 0x49, 0xc4, 0x51, 0x04, 0x62,
    0x46, 0x9b, 0xa5, 0x7a, 0x85, 0x7a, 0xc5, 0x8a, 0x25, 0x7a, 0x65, 0x7a,
    0xc7, 0x8a, 0x24, 0x6a, 0xa4, 0x49, 0xc6, 0x8a, 0x45, 0x6a, 0xe4, 0x51,
    0x83, 0x41, 0x45, 0x62, 0xc4, 0x51, 0x83, 0x41, 0xa3, 0x49, 0xe4, 0x59,
    0xe4, 0x51, 0xa4, 0x49, 0xe4, 0x59, 0xc3, 0x51, 0xc3, 0x51, 0x44, 0x6a,
    0xe4, 0x59, 0x65, 0x72, 0x86, 0x72, 0xc7, 0x7a, 0x25, 0x62, 0x46, 0x72,
    0x45, 0x6a, 0x04, 0x62, 0xc5, 0x51, 0x84, 0x49, 0xa5, 0x51, 0x05, 0x5a,
    0x44, 0x6a, 0x83, 0x49, 0x83, 0x41, 0x24, 0x62, 0xc4, 0x51, 0x62, 0x41,
    0x63, 0x39, 0x83, 0x41, 0xe3, 0x59, 0x83, 0x41, 0xa4, 0x41, 0xc5, 0x51,
    0x84, 0x41, 0x64, 0x39, 0x23, 0x39, 0x84, 0x49, 0x04, 0x62, 0x64, 0x72,
    0x24, 0x5a, 0x24, 0x62, 0x43, 0x6a, 0xe4, 0x51, 0x03, 0x5a, 0xe4, 0x8a,
    0x46, 0x62, 0xe5, 0x51, 0xc4, 0x51, 0x83, 0x41, 0xc4, 0x49, 0xa5, 0x41,
    0xa5, 0x41, 0xc6, 0x41, 0xa6, 0x41, 0x64, 0x41, 0xc5, 0x49, 0x05, 0x62,
    0x85, 0x41, 0xa4, 0x49, 0xe5, 0x59, 0xa5, 0x49, 0xc3, 0x51, 0x83, 0x41,
    0x63, 0x31, 0x43, 0x31, 0xa3, 0x41, 0xe4, 0x51, 0x04, 0x5a, 0xe4, 0x59,
    0xa4, 0x49, 0x05, 0x5a, 0xe3, 0x51, 0xe3, 0x59, 0x84, 0x7a, 0x24, 0x72,
    0x05, 0x9b, 0xa4, 0x8a, 0x63, 0x7a, 0x23, 0x6a, 0x64, 0x7a, 0x24, 0x6a,
    0x25, 0x6a, 0xa4, 0x51, 0xa4, 0x8a, 0xc3, 0x59, 0xe4, 0x61, 0xc3, 0x59,
    0xe4, 0x92, 0x04, 0x6a, 0x43, 0x72, 0x83, 0x7a, 0xa3, 0x59, 0x84, 0x82,
    0x83, 0x7a, 0xe4, 0x8a, 0x03, 0x62, 0x24, 0x6a, 0x85, 0x7a, 0xc3, 0x59,
    0xe3, 0x59, 0x03, 0x62, 0xe3, 0x59, 0x04, 0x6a, 0x44, 0x72, 0x44, 0x6a,
    0xa6, 0x82, 0x04, 0x6a, 0x23, 0x6a, 0x43, 0x72, 0x26, 0x6a, 0x64, 0x72,
    0x03, 0x5a, 0xc3, 0x51, 0xe4, 0x59, 0x04, 0x62, 0xc5, 0x8a, 0xa7, 0xb3,
    0xa7, 0xb3, 0x09, 0xc4, 0xa7, 0xb3, 0x85, 0x82, 0x65, 0x7a, 0xe4, 0x61,
    0xe3, 0x61, 0xe5, 0x8a, 0xe5, 0x8a, 0xa7, 0xab, 0x4a, 0xc4, 0x2a, 0xc4,
    0x8b, 0xd4, 0x4a, 0xcc, 0x29, 0xc4, 0x09, 0xc4, 0x6a, 0xd4, 0xcb, 0xdc,
    0x2c, 0xe5, 0x09, 0xc4, 0x65, 0x82, 0x45, 0x82, 0x28, 0x9b, 0xca, 0xb3,
    0xc7, 0x8a, 0x86, 0x8a, 0x45, 0x7a, 0x25, 0x7a, 0x44, 0x7a, 0x65, 0x8a,
    0x04, 0x72, 0x24, 0x72, 0xe6, 0x92, 0x69, 0x9b, 0x6a, 0x93, 0x2a, 0x93,
    0x8a, 0xa3, 0xcc, 0xab, 0xab, 0xa3, 0x6b, 0x9b, 0x2a, 0x8b, 0x8b, 0x9b,
    0x2a, 0x8b, 0xac, 0x9b, 0x6b, 0x93, 0x6b, 0x93, 0x09, 0x8b, 0x2a, 0x93,
    0x4b, 0x93, 0x2a, 0x93, 0x29, 0x93, 0x09, 0x8b, 0x09, 0x8b, 0x6a, 0x93,
    0x6b, 0x9b, 0x6a, 0x9b, 0xcc, 0xab, 0x0c, 0xb4, 0xcc, 0xab, 0xcc, 0xab,
    0xec, 0xb3, 0x6e, 0xbc, 0x8e, 0xbc, 0x6e, 0xbc, 0x4d, 0xbc, 0x0d, 0xb4,
    0x0c, 0xb4, 0x2d, 0xb4, 0xec, 0xab, 0x6a, 0x9b, 0x09, 0x8b, 0xa7, 0x82,
    0x46, 0x72, 0xe5, 0x61, 0xc4, 0x59, 0x05, 0x6a, 0x05, 0x6a, 0xc5, 0x59,
    0xe5, 0x59, 0x64, 0x41, 0xe2, 0x28, 0xe2, 0x28, 0xe2, 0x28, 0x83, 0x49,
    0x25, 0x6a, 0x25, 0x62, 0xc4, 0x51, 0xc4, 0x51, 0xa3, 0x49, 0x83, 0x41,
    0x83, 0x41, 0xa4, 0x49, 0xa3, 0x41, 0x23, 0x62, 0xa3, 0x49, 0x63, 0x39,
    0xe4, 0x59, 0x25, 0x93, 0xa4, 0x7a, 0xc3, 0x51, 0x44, 0x6a, 0x05, 0x93,
    0xc6, 0x8a, 0xa7, 0x8a, 0xc7, 0x8a, 0xe6, 0x92, 0xa5, 0x7a, 0x45, 0x6a,
    0x45, 0x6a, 0xe4, 0x59, 0x04, 0x5a, 0xa6, 0x82, 0xc3, 0x51, 0xa3, 0x41,
    0xe4, 0x59, 0x65, 0x72, 0x83, 0x41, 0x83, 0x41, 0x63, 0x41, 0x63, 0x41,
    0x24, 0x6a, 0x44, 0x62, 0xe4, 0x59, 0x25, 0x5a, 0x04, 0x5a, 0xc4, 0x51,
    0x05, 0x5a, 0xe5, 0x59, 0x06, 0x62, 0x05, 0x5a, 0x84, 0x49, 0xc5, 0x49,
    0xe5, 0x59, 0xc5, 0x49, 0x25, 0x62, 0xe4, 0x59, 0xc4, 0x51, 0x83, 0x41,
    0x43, 0x39, 0x42, 0x39, 0xe4, 0x59, 0xa3, 0x49, 0xc4, 0x51, 0xa3, 0x49,
    0x63, 0x39, 0xa4, 0x49, 0xc5, 0x49, 0x23, 0x31, 0x43, 0x39, 0x63, 0x41,
    0x05, 0x5a, 0x45, 0x62, 0x04, 0x5a, 0xe4, 0x51, 0xe3, 0x51, 0xa3, 0x49,
    0x83, 0x7a, 0x64, 0x72, 0xe4, 0x51, 0x47, 0x5a, 0xa3, 0x49, 0x83, 0x49,
    0xc4, 0x51, 0x84, 0x41, 0x64, 0x39, 0xe7, 0x41, 0x64, 0x39, 0x85, 0x39,
    0xc6, 0x49, 0x04, 0x5a, 0xa4, 0x49, 0x84, 0x41, 0xe5, 0x59, 0xe5, 0x51,
    0x43, 0x31, 0x22, 0x31, 0x43, 0x31, 0x63, 0x39, 0xa4, 0x41, 0xa3, 0x41,
    0xc4, 0x49, 0xe4, 0x51, 0xe4, 0x51, 0xa4, 0x49, 0xa3, 0x51, 0x03, 0x62,
    0xa3, 0x49, 0x03, 0x62, 0xa4, 0x8a, 0x43, 0x7a, 0xa3, 0x82, 0xa4, 0x82,
    0xa5, 0x8a, 0xe4, 0x61, 0xa4, 0x49, 0xa3, 0x51, 0x24, 0xa3, 0x84, 0x82,
    0x45, 0x72, 0xa3, 0x51, 0x24, 0x6a, 0x43, 0x72, 0x04, 0x93, 0x43, 0x6a,
    0x64, 0x7a, 0x03, 0x93, 0x64, 0xa3, 0x62, 0xab, 0x63, 0xab, 0x04, 0x6a,
    0xe4, 0x61, 0xa4, 0x82, 0xc4, 0x8a, 0xc2, 0x59, 0x24, 0x6a, 0x85, 0x82,
    0x65, 0x7a, 0x06, 0x93, 0x86, 0x82, 0xe4, 0x61, 0x23, 0x6a, 0x64, 0x72,
    0xc4, 0x59, 0xc2, 0x51, 0xc3, 0x51, 0xc4, 0x51, 0x04, 0x62, 0x24, 0x6a,
    0x44, 0x72, 0xa4, 0x82, 0x66, 0xab, 0xa8, 0xbb, 0xa7, 0xb3, 0x45, 0x7a,
    0x27, 0x9b, 0x24, 0x6a, 0x44, 0x72, 0xc5, 0x82, 0x05, 0x93, 0xc4, 0x8a,
    0xe5, 0x92, 0x26, 0x9b, 0x25, 0x9b, 0xa7, 0xb3, 0x29, 0xcc, 0xe9, 0xbb,
    0xe9, 0xc3, 0x8a, 0xd4, 0xeb, 0xe4, 0xaa, 0xdc, 0x6a, 0xd4, 0x89, 0xab,
    0xe8, 0x92, 0x08, 0x93, 0x69, 0xa3, 0xaa, 0xab, 0x08, 0x9b, 0x66, 0x82,
    0x83, 0x51, 0xc4, 0x61, 0x64, 0x82, 0xc5, 0x9a, 0x26, 0xa3, 0x89, 0xab,
    0x8a, 0xa3, 0x6a, 0x9b, 0x29, 0x93, 0x6a, 0x9b, 0x8a, 0xa3, 0x8b, 0x9b,
    0x6b, 0x9b, 0x4a, 0x93, 0x6b, 0x93, 0x0d, 0xac, 0xed, 0xa3, 0xab, 0x9b,
    0x4a, 0x93, 0x4b, 0x93, 0x6b, 0x93, 0x4a, 0x93, 0x09, 0x8b, 0xe9, 0x8a,
    0x2a, 0x93, 0x2a, 0x93, 0x09, 0x93, 0xe8, 0x8a, 0x29, 0x93, 0xab, 0xa3,
    0xec, 0xab, 0x8e, 0xc4, 0x8e, 0xc4, 0x8e, 0xc4, 0xaf, 0xc4, 0x8e, 0xc4,
    0x2d, 0xb4, 0x6e, 0xbc, 0x6e, 0xbc, 0x2d, 0xb4, 0x0d, 0xac, 0xcc, 0xa3,
    0x6b, 0x93, 0xc8, 0x7a, 0x67, 0x72, 0xa8, 0x7a, 0xc9, 0x7a, 0xe9, 0x82,
    0xc8, 0x82, 0x87, 0x72, 0x67, 0x6a, 0x06, 0x62, 0x06, 0x5a, 0xa5, 0x49,
    0xa5, 0x49, 0x25, 0x6a, 0x86, 0x82, 0x05, 0x62, 0x83, 0x49, 0x63, 0x41,
    0x63, 0x41, 0x63, 0x39, 0xc4, 0x51, 0xa5, 0x82, 0xc3, 0x49, 0x64, 0x72,
    0x24, 0x62, 0xe4, 0x51, 0x63, 0x41, 0xe5, 0x8a, 0x64, 0x72, 0xa3, 0x49,
    0xa5, 0x7a, 0x45, 0x9b, 0x67, 0x9b, 0xe8, 0x8a, 0x08, 0x93, 0xe6, 0x8a,
    0x64, 0x72, 0x04, 0x5a, 0x05, 0x5a, 0x04, 0x5a, 0x64, 0x6a, 0xc5, 0x8a,
    0x04, 0x5a, 0xe4, 0x51, 0xe4, 0x51, 0x25, 0x5a, 0x04, 0x5a, 0xc4, 0x59,
    0xc4, 0x59, 0x05, 0x62, 0xe4, 0x61, 0x85, 0x7a, 0x05, 0x5a, 0x83, 0x49,
    0x24, 0x62, 0xc4, 0x51, 0x25, 0x62, 0xa5, 0x49, 0x06, 0x62, 0xa3, 0x51,
    0xc4, 0x51, 0x04, 0x5a, 0xe4, 0x51, 0xc4, 0x49, 0xc5, 0x49, 0x86, 0x6a,
    0xa5, 0x72, 0xa4, 0x49, 0x63, 0x39, 0xe3, 0x59, 0x23, 0x31, 0xa4, 0x49,
    0x04, 0x5a, 0x83, 0x49, 0x43, 0x39, 0x84, 0x41, 0xc5, 0x49, 0x84, 0x41,
    0x84, 0x41, 0xa4, 0x49, 0xc4, 0x49, 0x04, 0x5a, 0xe4, 0x51, 0xc4, 0x49,
    0xe4, 0x51, 0x04, 0x5a, 0xe3, 0x51, 0xe4, 0x51, 0xe4, 0x49, 0x84, 0x41,
    0x26, 0x5a, 0x84, 0x82, 0x04, 0x6a, 0xa3, 0x51, 0xa5, 0x41, 0xa5, 0x41,
    0x64, 0x39, 0x64, 0x39, 0xc6, 0x41, 0x84, 0x41, 0x83, 0x41, 0x84, 0x41,
    0xa4, 0x49, 0x04, 0x5a, 0x63, 0x31, 0x22, 0x31, 0x63, 0x39, 0xa3, 0x41,
    0x83, 0x41, 0xc3, 0x51, 0xa3, 0x49, 0xa3, 0x49, 0xa3, 0x49, 0x42, 0x39,
    0x83, 0x41, 0xa3, 0x49, 0xe3, 0x59, 0x43, 0x6a, 0x23, 0x6a, 0x03, 0x62,
    0xe3, 0x92, 0x84, 0x82, 0x24, 0x6a, 0x04, 0x6a, 0xc4, 0x59, 0xe3, 0x8a,
    0x42, 0x7a, 0x64, 0x82, 0x66, 0x72, 0x63, 0x41, 0x64, 0x7a, 0xe3, 0x59,
    0xe4, 0x8a, 0xc4, 0x82, 0x04, 0x8b, 0x23, 0x9b, 0x03, 0x93, 0xa3, 0x82,
    0x03, 0x93, 0xe4, 0x61, 0xc4, 0x59, 0xc3, 0x59, 0x84, 0x7a, 0xa4, 0x82,
    0x05, 0x93, 0x47, 0x9b, 0xa4, 0x82, 0xa7, 0xb3, 0xe7, 0x8a, 0x46, 0x72,
    0x84, 0x7a, 0x44, 0x6a, 0x23, 0x6a, 0x82, 0x49, 0x83, 0x49, 0xc4, 0x51,
    0xe4, 0x59, 0x04, 0x62, 0x85, 0x7a, 0x23, 0x6a, 0x66, 0xa3, 0x67, 0xab,
    0x26, 0xa3, 0x45, 0x7a, 0xe6, 0x92, 0xa4, 0x82, 0x26, 0x9b, 0xc5, 0x8a,
    0x05, 0x93, 0x87, 0xab, 0x26, 0x9b, 0xc5, 0x8a, 0xe5, 0x8a, 0xc8, 0xb3,
    0x8b, 0xd4, 0xe9, 0xbb, 0x0a, 0xc4, 0x6a, 0xd4, 0x8a, 0xdc, 0x8a, 0xdc,
    0xec, 0xe4, 0xcb, 0xe4, 0x28, 0xa3, 0x26, 0x7a, 0x66, 0x82, 0xa7, 0x8a,
    0x07, 0x9b, 0x68, 0xab, 0xa6, 0x8a, 0xe4, 0x69, 0x85, 0x8a, 0x66, 0xbb,
    0x08, 0xcc, 0x4b, 0xcc, 0xab, 0xab, 0xab, 0xab, 0xaa, 0xb3, 0xaa, 0xab,
    0xeb, 0xb3, 0xab, 0xab, 0x8a, 0xa3, 0xab, 0xa3, 0xab, 0x9b, 0x6a, 0x93,
    0x4a, 0x93, 0x6b, 0x93, 0x8b, 0x9b, 0x4a, 0x93, 0xa8, 0x7a, 0x09, 0x8b,
    0x4a, 0x9b, 0x2a, 0x93, 0x4a, 0x93, 0x2a, 0x93, 0x4a, 0x9b, 0x8b, 0xa3,
    0x8b, 0xa3, 0x8b, 0xa3, 0xec, 0xb3, 0x8d, 0xc4, 0x8d, 0xc4, 0x0c, 0xb4,
    0x4d, 0xbc, 0xcf, 0xcc, 0xf0, 0xcc, 0xaf, 0xc4, 0x4e, 0xb4, 0x4e, 0xb4,
    0x4e, 0xac, 0x0d, 0xac, 0x6b, 0x93, 0x8b, 0x93, 0x6b, 0x93, 0x2a, 0x83,
    0x2a, 0x8b, 0x2a, 0x8b, 0x0a, 0x83, 0xe9, 0x7a, 0x0a, 0x83, 0xc9, 0x7a,
    0xe9, 0x82, 0xc9, 0x7a, 0xa8, 0x72, 0xc9, 0x7a, 0x67, 0x72, 0xa4, 0x49,
    0xa3, 0x49, 0xc3, 0x59, 0xa4, 0x59, 0xc4, 0x59, 0x83, 0x49, 0x64, 0x7a,
    0x83, 0x49, 0x84, 0x7a, 0x05, 0x8b, 0xc5, 0x82, 0x22, 0x31, 0x24, 0x6a,
    0x85, 0x7a, 0x05, 0x62, 0x45, 0x6a, 0x45, 0x6a, 0x45, 0x72, 0xa7, 0x8a,
    0xa7, 0x8a, 0xa5, 0x8a, 0x44, 0x6a, 0x45, 0x62, 0x65, 0x6a, 0xe4, 0x59,
    0x85, 0x72, 0x24, 0x5a, 0xe4, 0x49, 0xe4, 0x49, 0x83, 0x39, 0x63, 0x39,
    0xe4, 0x49, 0xa3, 0x41, 0xe4, 0x59, 0xe4, 0x59, 0x04, 0x62, 0x05, 0x62,
    0x06, 0x62, 0x05, 0x62, 0xa6, 0x72, 0xc4, 0x51, 0xa4, 0x41, 0x84, 0x39,
    0xe5, 0x51, 0xe4, 0x59, 0xe4, 0x51, 0xe4, 0x49, 0xe4, 0x51, 0xc4, 0x49,
    0x46, 0x5a, 0x86, 0x62, 0x04, 0x52, 0x05, 0x52, 0xe5, 0x82, 0x43, 0x6a,
    0x22, 0x31, 0x42, 0x39, 0x83, 0x41, 0xc4, 0x51, 0x84, 0x41, 0x63, 0x41,
    0x06, 0x62, 0x06, 0x52, 0xc5, 0x51, 0x63, 0x41, 0xe4, 0x51, 0x04, 0x52,
    0x83, 0x41, 0xe5, 0x51, 0xe4, 0x49, 0xe4, 0x49, 0xc4, 0x49, 0xc4, 0x49,
    0xc4, 0x41, 0xa5, 0x41, 0xe6, 0x51, 0xa4, 0x51, 0xa3, 0x51, 0xa4, 0x49,
    0xe7, 0x49, 0xa4, 0x51, 0x83, 0x41, 0x44, 0x31, 0x65, 0x39, 0xa5, 0x41,
    0x84, 0x39, 0x23, 0x31, 0x43, 0x39, 0xe4, 0x51, 0x63, 0x39, 0x42, 0x39,
    0x62, 0x39, 0x63, 0x41, 0xa3, 0x49, 0x24, 0x62, 0xa3, 0x49, 0xc3, 0x59,
    0x64, 0x7a, 0xe3, 0x61, 0x42, 0x39, 0x62, 0x39, 0xe3, 0x51, 0x43, 0x6a,
    0x03, 0x5a, 0xc6, 0x8a, 0x23, 0x72, 0x03, 0x62, 0x24, 0x6a, 0x24, 0x62,
    0x84, 0x7a, 0x23, 0x9b, 0x23, 0x72, 0x65, 0x7a, 0xe5, 0x61, 0xc4, 0x59,
    0x44, 0x72, 0x64, 0x72, 0xe5, 0x82, 0xc4, 0x82, 0x63, 0x72, 0x03, 0x62,
    0x62, 0x72, 0x83, 0xa3, 0x84, 0xa3, 0xa5, 0x8a, 0xe4, 0x61, 0x43, 0x41,
    0x24, 0x6a, 0x64, 0x72, 0x24, 0x6a, 0x03, 0x6a, 0x64, 0x72, 0x65, 0xa3,
    0xe7, 0x92, 0x86, 0x7a, 0x63, 0x7a, 0x44, 0x6a, 0x65, 0x72, 0xc4, 0x51,
    0xe5, 0x61, 0xe4, 0x59, 0xe3, 0x59, 0xc3, 0x59, 0x43, 0x72, 0x05, 0x93,
    0x45, 0xa3, 0xe5, 0x92, 0xc9, 0xb3, 0x45, 0x72, 0x05, 0x93, 0xc4, 0x8a,
    0xe6, 0x8a, 0x06, 0x93, 0x66, 0xa3, 0xe9, 0xb3, 0xc4, 0x8a, 0xa4, 0x82,
    0xa8, 0xab, 0x0a, 0xc4, 0x2a, 0xcc, 0x4a, 0xcc, 0x87, 0xb3, 0x8b, 0xd4,
    0xab, 0xdc, 0xec, 0xe4, 0xab, 0xdc, 0xeb, 0xe4, 0xab, 0xdc, 0x89, 0xab,
    0xe8, 0x92, 0xa7, 0x8a, 0x66, 0x7a, 0xc7, 0x92, 0xea, 0xc3, 0xaa, 0xb3,
    0x68, 0xb3, 0x27, 0xab, 0xe6, 0x9a, 0xa7, 0xbb, 0x09, 0xc4, 0xc9, 0xb3,
    0x06, 0x9b, 0x47, 0xa3, 0xc8, 0xbb, 0xc9, 0xb3, 0xc9, 0xb3, 0xaa, 0xab,
    0x8a, 0x9b, 0xab, 0x9b, 0x6b, 0x9b, 0xe9, 0x82, 0xe9, 0x82, 0xe9, 0x82,
    0x2a, 0x8b, 0x4a, 0x93, 0x29, 0x93, 0x6a, 0x9b, 0x4a, 0x9b, 0x49, 0x9b,
    0x8a, 0xa3, 0xab, 0xab, 0xab, 0xab, 0xab, 0xab, 0x0c, 0xbc, 0x8d, 0xcc,
    0x0f, 0xd5, 0x10, 0xd5, 0xae, 0xc4, 0x4e, 0xb4, 0x4e, 0xb4, 0x4e, 0xb4,
    0x2e, 0xac, 0x2d, 0xac, 0x4e, 0xb4, 0x2e, 0xac, 0xcc, 0xa3, 0x8b, 0x9b,
    0xac, 0x9b, 0xac, 0x9b, 0x2a, 0x8b, 0x0a, 0x8b, 0x2a, 0x8b, 0x6a, 0x9b,
    0xab, 0xab, 0x0d, 0xac, 0xcb, 0xab, 0x8b, 0xa3, 0x4a, 0x93, 0x2a, 0x8b,
    0xa8, 0x7a, 0x46, 0x6a, 0xc4, 0x59, 0xa6, 0x8a, 0xe4, 0x61, 0x83, 0x51,
    0xc4, 0x59, 0x64, 0x72, 0x44, 0x6a, 0x04, 0x5a, 0x44, 0x6a, 0x05, 0x9b,
    0x24, 0x6a, 0xc3, 0x51, 0xa5, 0x82, 0xc6, 0x8a, 0x44, 0x6a, 0x24, 0x6a,
    0x85, 0x7a, 0xc7, 0x8a, 0xe7, 0x92, 0x26, 0x9b, 0x85, 0x72, 0x24, 0x5a,
    0x45, 0x62, 0xe4, 0x59, 0x45, 0x6a, 0xe4, 0x49, 0x84, 0x39, 0xa4, 0x41,
    0xa4, 0x41, 0x63, 0x39, 0xe4, 0x49, 0x83, 0x41, 0x83, 0x41, 0x24, 0x62,
    0x25, 0x62, 0xa4, 0x51, 0xe5, 0x59, 0x46, 0x72, 0xc3, 0x51, 0xa3, 0x41,
    0xc4, 0x49, 0xc4, 0x49, 0x25, 0x5a, 0x05, 0x5a, 0xe4, 0x49, 0xc3, 0x49,
    0xa4, 0x41, 0xa4, 0x41, 0x45, 0x5a, 0x24, 0x52, 0x83, 0x41, 0x04, 0x5a,
    0x23, 0x62, 0xc3, 0x51, 0xe3, 0x59, 0x03, 0x5a, 0x22, 0x31, 0x63, 0x39,
    0xa4, 0x51, 0x83, 0x49, 0x26, 0x6a, 0x23, 0x39, 0xa5, 0x49, 0xc5, 0x49,
    0xe4, 0x51, 0x45, 0x5a, 0xa4, 0x49, 0x43, 0x39, 0x84, 0x41, 0x43, 0x39,
    0xa4, 0x49, 0xe4, 0x49, 0x06, 0x52, 0xa5, 0x49, 0x64, 0x39, 0xe6, 0x49,
    0xa3, 0x49, 0x07, 0x4a, 0x64, 0x31, 0x43, 0x39, 0xa4, 0x51, 0x64, 0x39,
    0x24, 0x31, 0xc6, 0x41, 0xa4, 0x41, 0x64, 0x39, 0xa4, 0x49, 0xc4, 0x51,
    0x44, 0x6a, 0xe4, 0x59, 0x03, 0x62, 0xa3, 0x49, 0xc3, 0x51, 0x63, 0x41,
    0x83, 0x41, 0x83, 0x49, 0x83, 0x51, 0xa3, 0x49, 0xc3, 0x51, 0x63, 0x7a,
    0x03, 0x62, 0xe3, 0x51, 0xa3, 0x49, 0xc3, 0x51, 0x45, 0x72, 0xa3, 0x49,
    0x64, 0x72, 0x63, 0x72, 0xc3, 0x8a, 0xc3, 0x8a, 0x64, 0x7a, 0x05, 0x62,
    0xc4, 0x51, 0xc3, 0x51, 0x04, 0x62, 0x64, 0x6a, 0xe3, 0x51, 0x24, 0x62,
    0x23, 0x62, 0x63, 0x72, 0xc3, 0x82, 0x82, 0x7a, 0xe3, 0x59, 0xa4, 0x51,
    0xc4, 0x61, 0x24, 0x62, 0x24, 0x62, 0xc3, 0x51, 0x03, 0x62, 0x03, 0x62,
    0x64, 0x72, 0x04, 0x93, 0x24, 0x93, 0xc4, 0x59, 0x83, 0x82, 0xe5, 0x51,
    0xa4, 0x51, 0xa4, 0x51, 0xa3, 0x51, 0x03, 0x62, 0xc4, 0x82, 0x84, 0x7a,
    0xc5, 0x8a, 0x05, 0x9b, 0x24, 0x9b, 0xe4, 0x8a, 0x45, 0x72, 0x05, 0x9b,
    0xa4, 0x82, 0x64, 0x7a, 0xc5, 0x82, 0x67, 0x9b, 0x26, 0x93, 0xc5, 0x82,
    0x46, 0x9b, 0xa7, 0xb3, 0x4b, 0xcc, 0xe9, 0xbb, 0x88, 0xa3, 0x86, 0xab,
    0x07, 0xc4, 0xcc, 0xe4, 0xec, 0xe4, 0xec, 0xdc, 0x6a, 0xcc, 0xab, 0xdc,
    0x2c, 0xe5, 0xcb, 0xdc, 0x88, 0xb3, 0x86, 0x8a, 0x25, 0x7a, 0x25, 0x7a,
    0xa6, 0x8a, 0x48, 0xab, 0xc9, 0xbb, 0x07, 0x9b, 0x27, 0xa3, 0x06, 0xa3,
    0xc6, 0x92, 0xc6, 0x92, 0x25, 0x72, 0x85, 0x82, 0x47, 0xa3, 0x27, 0xa3,
    0x67, 0xab, 0x69, 0xa3, 0xab, 0xab, 0xcc, 0xab, 0x6a, 0x9b, 0x2a, 0x8b,
    0x2a, 0x8b, 0x6a, 0x9b, 0x8b, 0xa3, 0xcb, 0xab, 0xab, 0xab, 0x8a, 0xa3,
    0xab, 0xab, 0xab, 0xab, 0x6a, 0xa3, 0x8a, 0xa3, 0xaa, 0xab, 0x0b, 0xbc,
    0x6d, 0xc4, 0x2d, 0xbc, 0x8e, 0xc4, 0x6e, 0xbc, 0x6f, 0xb4, 0x8f, 0xbc,
    0x8f, 0xbc, 0x8f, 0xbc, 0xd0, 0xc4, 0xaf, 0xbc, 0x8f, 0xbc, 0x4e, 0xb4,
    0xcc, 0xa3, 0xcc, 0xa3, 0xac, 0xa3, 0xcc, 0xa3, 0xec, 0xa3, 0xcc, 0xa3,
    0xab, 0x9b, 0x07, 0x93, 0x08, 0x93, 0x4a, 0x93, 0x29, 0x93, 0xe9, 0x82,
    0xe8, 0x82, 0xa8, 0x7a, 0xc8, 0x82, 0xc8, 0x8a, 0x46, 0x72, 0x45, 0x72,
    0xc4, 0x59, 0xe4, 0x61, 0x85, 0x82, 0x64, 0x72, 0x24, 0x6a, 0x24, 0x62,
    0x24, 0x6a, 0x64, 0x7a, 0xa5, 0x7a, 0x04, 0x62, 0xa5, 0x7a, 0xe5, 0x8a,
    0x85, 0x7a, 0xe4, 0x59, 0xe5, 0x82, 0x26, 0x93, 0xa5, 0x82, 0x85, 0x72,
    0x45, 0x62, 0xe4, 0x51, 0xe4, 0x51, 0xe4, 0x59, 0x05, 0x5a, 0x63, 0x39,
    0x84, 0x39, 0x84, 0x41, 0x84, 0x41, 0x84, 0x41, 0xc4, 0x49, 0xa3, 0x51,
    0x63, 0x41, 0x84, 0x49, 0xc5, 0x49, 0x24, 0x6a, 0xa4, 0x49, 0x26, 0x62,
    0x83, 0x49, 0xa3, 0x49, 0x84, 0x41, 0x85, 0x49, 0x05, 0x5a, 0xe4, 0x49,
    0xa4, 0x41, 0x84, 0x41, 0x63, 0x39, 0xa4, 0x49, 0xe4, 0x51, 0xa3, 0x41,
    0xa4, 0x49, 0x25, 0x5a, 0xa3, 0x41, 0x24, 0x5a, 0x04, 0x5a, 0x24, 0x62,
    0x43, 0x39, 0x22, 0x31, 0x02, 0x29, 0x23, 0x39, 0xa4, 0x49, 0x63, 0x41,
    0x43, 0x39, 0xa5, 0x49, 0xc5, 0x49, 0xe4, 0x51, 0x83, 0x41, 0x43, 0x39,
    0x84, 0x41, 0x84, 0x41, 0xe5, 0x51, 0xc4, 0x49, 0xa5, 0x49, 0x63, 0x41,
    0xa4, 0x51, 0xe7, 0x49, 0x84, 0x39, 0xe7, 0x49, 0x43, 0x31, 0x23, 0x31,
    0x43, 0x31, 0x64, 0x39, 0x65, 0x39, 0x85, 0x39, 0x23, 0x31, 0x63, 0x39,
    0xa4, 0x41, 0x63, 0x39, 0x65, 0x72, 0xa3, 0x49, 0x64, 0x7a, 0xe4, 0x51,
    0xa3, 0x49, 0x83, 0x49, 0x83, 0x41, 0xc3, 0x59, 0xa3, 0x51, 0x62, 0x41,
    0xe3, 0x51, 0x43, 0x72, 0x04, 0x93, 0xe3, 0x51, 0x83, 0x41, 0xe3, 0x51,
    0xa3, 0x51, 0x24, 0x6a, 0x63, 0x72, 0x24, 0x62, 0x43, 0x72, 0x83, 0x82,
    0xa5, 0x8a, 0xc5, 0x59, 0xc5, 0x51, 0x45, 0x7a, 0x44, 0x7a, 0x44, 0x72,
    0xa3, 0x51, 0x64, 0x7a, 0x63, 0x7a, 0xa4, 0x82, 0x25, 0x9b, 0xe3, 0x92,
    0xc5, 0x8a, 0xc4, 0x59, 0x84, 0x51, 0x44, 0x72, 0x44, 0x72, 0xe3, 0x61,
    0x43, 0x72, 0x63, 0x7a, 0xa3, 0x82, 0xe3, 0x8a, 0xa4, 0x7a, 0x44, 0x6a,
    0x64, 0x72, 0x26, 0x62, 0xc4, 0x59, 0xe4, 0x61, 0xc3, 0x59, 0x43, 0x6a,
    0x83, 0x7a, 0x44, 0xa3, 0x84, 0x7a, 0xa3, 0x82, 0x83, 0x7a, 0xa5, 0x82,
    0xa5, 0x8a, 0x24, 0x72, 0x04, 0x6a, 0x84, 0x7a, 0xe4, 0x8a, 0xe5, 0x8a,
    0xc5, 0x82, 0x84, 0x72, 0x45, 0x9b, 0x08, 0xbc, 0x48, 0xa3, 0x08, 0x93,
    0xc6, 0x8a, 0x65, 0xa3, 0xc8, 0xbb, 0x88, 0xbb, 0x09, 0xc4, 0x8b, 0xdc,
    0x6a, 0xd4, 0x6b, 0xd4, 0x6a, 0xd4, 0x6a, 0xd4, 0x29, 0xcc, 0xab, 0xdc,
    0x09, 0xcc, 0x88, 0xb3, 0xe7, 0x9a, 0x66, 0x82, 0xa6, 0x8a, 0x25, 0x72,
    0x65, 0x82, 0x85, 0x82, 0x45, 0x7a, 0x85, 0x8a, 0x24, 0x72, 0x86, 0x82,
    0x24, 0x72, 0x85, 0x8a, 0xe6, 0x9a, 0x26, 0xa3, 0x47, 0xab, 0x4c, 0xcc,
    0x4c, 0xcc, 0xeb, 0xbb, 0x4c, 0xc4, 0xcb, 0xb3, 0xab, 0xab, 0xeb, 0xbb,
    0x6a, 0xa3, 0x4a, 0x9b, 0x49, 0x9b, 0x6a, 0x9b, 0x6a, 0x9b, 0x8a, 0xab,
    0x4a, 0xa3, 0xcb, 0xb3, 0xeb, 0xb3, 0xeb, 0xb3, 0xcf, 0xcc, 0xf0, 0xcc,
    0xcf, 0xc4, 0x8f, 0xbc, 0xaf, 0xc4, 0xaf, 0xbc, 0x6e, 0xbc, 0xaf, 0xbc,
    0xaf, 0xc4, 0x8e, 0xbc, 0x2d, 0xb4, 0x2d, 0xb4, 0x4d, 0xbc, 0x6d, 0xc4,
    0x2d, 0xb4, 0xec, 0xab, 0x08, 0x93, 0xa6, 0x82, 0x86, 0x7a, 0x29, 0x9b,
    0x27, 0xa3, 0x49, 0xa3, 0x6a, 0xab, 0x6a, 0xa3, 0x09, 0x9b, 0x49, 0xa3,
    0x69, 0xab, 0x49, 0xa3, 0x69, 0xab, 0x89, 0xb3, 0x88, 0xbb, 0x27, 0xa3,
    0x85, 0x7a, 0x04, 0x62, 0x44, 0x6a, 0x24, 0x6a, 0xa5, 0x82, 0xa5, 0x82,
    0x84, 0x7a, 0x05, 0x93, 0x85, 0x7a, 0xa5, 0x82, 0x25, 0x8b, 0xc5, 0x82,
    0x06, 0x8b, 0x24, 0x62, 0x04, 0x52, 0xa3, 0x41, 0xc4, 0x49, 0x45, 0x62,
    0xa4, 0x41, 0x63, 0x39, 0x63, 0x39, 0x84, 0x49, 0x43, 0x39, 0x63, 0x39,
    0x83, 0x49, 0x45, 0x72, 0xa4, 0x49, 0x43, 0x39, 0x84, 0x41, 0x05, 0x62,
    0xc4, 0x51, 0x63, 0x41, 0xc4, 0x59, 0x84, 0x41, 0xc4, 0x49, 0x84, 0x41,
    0x05, 0x52, 0x05, 0x4a, 0x84, 0x41, 0xa4, 0x41, 0x63, 0x39, 0xc4, 0x49,
    0xc4, 0x49, 0x43, 0x39, 0x84, 0x49, 0xa4, 0x49, 0x84, 0x49, 0x04, 0x5a,
    0x65, 0x62, 0x45, 0x62, 0x23, 0x31, 0xe2, 0x28, 0x02, 0x29, 0x43, 0x39,
    0x43, 0x39, 0x05, 0x5a, 0x63, 0x39, 0x23, 0x31, 0xa5, 0x49, 0xa5, 0x41,
    0x84, 0x41, 0x83, 0x41, 0x63, 0x39, 0x84, 0x41, 0xa4, 0x49, 0xa4, 0x41,
    0x84, 0x41, 0xa4, 0x49, 0x43, 0x39, 0x64, 0x41, 0x29, 0x52, 0x85, 0x39,
    0x23, 0x29, 0x43, 0x31, 0x23, 0x29, 0x43, 0x31, 0x44, 0x31, 0x85, 0x39,
    0x23, 0x29, 0x63, 0x31, 0xc5, 0x41, 0x43, 0x31, 0x04, 0x62, 0xc4, 0x8a,
    0x24, 0x6a, 0x24, 0x6a, 0x04, 0x5a, 0x44, 0x6a, 0xa3, 0x49, 0xa3, 0x49,
    0x63, 0x41, 0x24, 0x62, 0xa3, 0x41, 0xc3, 0x51, 0xe3, 0x51, 0x83, 0x39,
    0xa3, 0x41, 0xe3, 0x51, 0x83, 0x49, 0xa2, 0x49, 0xe2, 0x59, 0x24, 0x6a,
    0x05, 0x8b, 0x83, 0x7a, 0xe4, 0x59, 0xc4, 0x51, 0x05, 0x62, 0x63, 0x41,
    0x24, 0x72, 0x05, 0x93, 0x03, 0x6a, 0xa4, 0x82, 0xe2, 0x69, 0x23, 0x6a,
    0x02, 0x6a, 0x23, 0x72, 0xc4, 0x8a, 0xc4, 0x59, 0xc4, 0x59, 0xe4, 0x61,
    0xe4, 0x61, 0xe3, 0x59, 0x44, 0x72, 0x23, 0x72, 0x43, 0x72, 0x43, 0x6a,
    0x64, 0x72, 0x84, 0x72, 0x84, 0x72, 0xa6, 0x82, 0x85, 0x7a, 0x24, 0x6a,
    0x44, 0x72, 0x24, 0x93, 0xe4, 0x8a, 0x84, 0x7a, 0xa4, 0x82, 0x43, 0x72,
    0x24, 0x62, 0x66, 0x72, 0xa4, 0x82, 0xe4, 0x92, 0x26, 0x9b, 0x84, 0x7a,
    0xe4, 0x8a, 0x25, 0x93, 0x24, 0x6a, 0x84, 0x7a, 0xe5, 0x8a, 0x84, 0x7a,
    0xe5, 0x8a, 0xc4, 0x82, 0x25, 0x93, 0xa7, 0xb3, 0x2a, 0xc4, 0x0a, 0xc4,
    0xa9, 0xbb, 0x4a, 0xcc, 0xec, 0xe4, 0x29, 0xcc, 0x29, 0xcc, 0xab, 0xdc,
    0xcb, 0xdc, 0xeb, 0xe4, 0xcb, 0xe4, 0xab, 0xdc, 0xa9, 0xbb, 0x28, 0xa3,
    0x86, 0x8a, 0x04, 0x72, 0xa3, 0x61, 0xa4, 0x61, 0xe4, 0x69, 0x04, 0x72,
    0xa6, 0x8a, 0x45, 0x82, 0xc3, 0x69, 0xc3, 0x69, 0x65, 0x82, 0x64, 0x8a,
    0x26, 0xa3, 0x88, 0xb3, 0x2b, 0xcc, 0x0b, 0xc4, 0x4c, 0xc4, 0x4c, 0xc4,
    0x2c, 0xc4, 0xcb, 0xb3, 0xeb, 0xb3, 0xab, 0xab, 0xcb, 0xb3, 0x8a, 0xab,
    0x29, 0x9b, 0x08, 0x9b, 0x29, 0x9b, 0xaa, 0xab, 0xaa, 0xab, 0x8d, 0xcc,
    0xee, 0xd4, 0x6d, 0xbc, 0x8e, 0xc4, 0xaf, 0xc4, 0xf0, 0xcc, 0x10, 0xcd,
    0xcf, 0xc4, 0x8e, 0xc4, 0x8e, 0xc4, 0xef, 0xd4, 0x8e, 0xc4, 0xae, 0xcc,
    0xae, 0xcc, 0x6d, 0xc4, 0xec, 0xab, 0x8b, 0xa3, 0x8a, 0xa3, 0xca, 0xb3,
    0x8a, 0xab, 0x48, 0xa3, 0x06, 0xa3, 0xe7, 0x9a, 0xc7, 0x92, 0xe8, 0x9a,
    0xe8, 0x92, 0xc8, 0x92, 0x08, 0x9b, 0x08, 0x9b, 0x49, 0xa3, 0x49, 0xa3,
    0x28, 0x9b, 0xa6, 0x82, 0xe4, 0x61, 0x62, 0x41, 0xe4, 0x61, 0x85, 0x7a,
    0x24, 0x6a, 0x65, 0x72, 0x64, 0x72, 0x84, 0x7a, 0x24, 0x6a, 0x45, 0x72,
    0x64, 0x72, 0x44, 0x6a, 0x64, 0x72, 0x24, 0x5a, 0x04, 0x52, 0xc4, 0x49,
    0x83, 0x39, 0xa4, 0x49, 0x63, 0x39, 0x63, 0x39, 0x63, 0x39, 0xc5, 0x59,
    0x63, 0x39, 0xa4, 0x41, 0xc4, 0x59, 0x43, 0x41, 0x83, 0x49, 0x83, 0x49,
    0xa4, 0x49, 0x25, 0x6a, 0x04, 0x62, 0xa4, 0x49, 0xa4, 0x49, 0x84, 0x41,
    0x64, 0x41, 0xa4, 0x41, 0xc4, 0x41, 0xa4, 0x41, 0x84, 0x41, 0x64, 0x39,
    0xe4, 0x49, 0xc4, 0x41, 0xa4, 0x41, 0x84, 0x41, 0x63, 0x41, 0xa4, 0x49,
    0x84, 0x41, 0xe4, 0x51, 0xc4, 0x49, 0xc5, 0x49, 0xc6, 0x49, 0x44, 0x31,
    0x02, 0x29, 0x23, 0x31, 0x23, 0x31, 0x84, 0x41, 0x03, 0x29, 0x03, 0x29,
    0x23, 0x31, 0x85, 0x41, 0x64, 0x39, 0x43, 0x39, 0x23, 0x39, 0x83, 0x41,
    0xa5, 0x41, 0x84, 0x41, 0xa4, 0x41, 0xa4, 0x49, 0x43, 0x39, 0xc3, 0x59,
    0xe6, 0x49, 0xa5, 0x41, 0x04, 0x62, 0x23, 0x31, 0x23, 0x31, 0x43, 0x31,
    0x84, 0x39, 0x23, 0x29, 0x44, 0x31, 0x64, 0x31, 0x03, 0x29, 0x03, 0x31,
    0x64, 0x72, 0x84, 0x7a, 0xa4, 0x8a, 0x84, 0x7a, 0xe3, 0x59, 0x65, 0x7a,
    0xc4, 0x59, 0xa3, 0x49, 0x83, 0x41, 0xe3, 0x59, 0xe4, 0x59, 0x83, 0x41,
    0xa3, 0x49, 0xe3, 0x51, 0x83, 0x39, 0x83, 0x41, 0xc3, 0x51, 0xc3, 0x51,
    0xe2, 0x59, 0xe5, 0x8a, 0x04, 0x93, 0xc5, 0x8a, 0xc3, 0x59, 0x25, 0x93,
    0xa4, 0x82, 0x23, 0x6a, 0x44, 0x72, 0x64, 0x72, 0xe5, 0x92, 0x23, 0x6a,
    0xa3, 0x82, 0x83, 0x82, 0x23, 0x6a, 0x23, 0x72, 0x44, 0x7a, 0x04, 0x62,
    0xa4, 0x59, 0x83, 0x51, 0xc4, 0x61, 0x03, 0x62, 0x64, 0x7a, 0x64, 0x7a,
    0x43, 0x72, 0x04, 0x62, 0xe5, 0x8a, 0x84, 0x7a, 0x44, 0x6a, 0x65, 0xa3,
    0x04, 0x62, 0xa4, 0x51, 0x64, 0x72, 0xc2, 0x51, 0x64, 0x72, 0x44, 0x72,
    0xe4, 0x61, 0x44, 0x72, 0x64, 0x72, 0x85, 0xab, 0xc4, 0x8a, 0xe5, 0x92,
    0x25, 0xa3, 0xa4, 0x8a, 0x83, 0x7a, 0x43, 0x6a, 0x03, 0x62, 0xc4, 0x82,
    0x25, 0x9b, 0x65, 0x7a, 0x44, 0x72, 0xa4, 0x82, 0xe4, 0x92, 0x26, 0x9b,
    0x86, 0x8a, 0xa6, 0x8a, 0x86, 0x82, 0x08, 0x9b, 0xc9, 0xbb, 0xcb, 0xe4,
    0xe8, 0xc3, 0x8a, 0xdc, 0x8a, 0xd4, 0x6b, 0xd4, 0xec, 0xe4, 0x6a, 0xd4,
    0x09, 0xc4, 0x88, 0xb3, 0xc6, 0x9a, 0xa6, 0x92, 0x85, 0x82, 0x43, 0x49,
    0x43, 0x49, 0xa3, 0x59, 0x63, 0x51, 0x44, 0x82, 0x44, 0x82, 0x03, 0x7a,
    0xa5, 0x92, 0xa5, 0x92, 0xe6, 0x9a, 0x47, 0xab, 0xea, 0xc3, 0x2a, 0xcc,
    0xea, 0xbb, 0xaa, 0xb3, 0x6a, 0xab, 0x49, 0xa3, 0xcb, 0xb3, 0x6a, 0xa3,
    0x29, 0x9b, 0x49, 0xa3, 0x29, 0x9b, 0xe8, 0x92, 0x69, 0xab, 0xaa, 0xb3,
    0x6c, 0xcc, 0x0b, 0xbc, 0xee, 0xdc, 0xee, 0xd4, 0xef, 0xd4, 0x70, 0xe5,
    0x91, 0xe5, 0x70, 0xe5, 0x70, 0xe5, 0x70, 0xe5, 0x30, 0xdd, 0x10, 0xd5,
    0x0f, 0xd5, 0xae, 0xc4, 0x0c, 0xb4, 0xcb, 0xa3, 0x2d, 0xbc, 0x0b, 0xbc,
    0x0a, 0xc4, 0xc9, 0xbb, 0x68, 0xab, 0xa6, 0x92, 0x07, 0xa3, 0xe7, 0x9a,
    0xc7, 0x92, 0xa6, 0x92, 0xa6, 0x92, 0xc7, 0x92, 0xe8, 0x92, 0xe8, 0x92,
    0xe8, 0x92, 0xe8, 0x92, 0xc8, 0x8a, 0x45, 0x7a, 0x24, 0x6a, 0xc3, 0x51,
    0xc3, 0x59, 0x25, 0x6a, 0x85, 0x7a, 0x24, 0x6a, 0x24, 0x6a, 0x44, 0x72,
    0x04, 0x62, 0x45, 0x72, 0xa3, 0x51, 0x04, 0x62, 0xc3, 0x49, 0xe4, 0x49,
    0xa4, 0x49, 0xa4, 0x49, 0x63, 0x39, 0xa4, 0x49, 0xe5, 0x59, 0x63, 0x39,
    0x43, 0x31, 0x85, 0x41, 0x64, 0x39, 0x84, 0x49, 0x83, 0x49, 0x63, 0x41,
    0xa4, 0x51, 0xa3, 0x51, 0x63, 0x41, 0x63, 0x41, 0xa3, 0x51, 0xe4, 0x51,
    0xa4, 0x41, 0xa5, 0x41, 0x84, 0x41, 0x64, 0x39, 0xa4, 0x41, 0x84, 0x39,
    0x23, 0x31, 0x23, 0x31, 0x23, 0x29, 0x03, 0x29, 0x43, 0x31, 0x44, 0x39,
    0x63, 0x39, 0x84, 0x41, 0x83, 0x41, 0xe4, 0x51, 0xa4, 0x41, 0xc5, 0x51,
    0xa5, 0x41, 0xe6, 0x51, 0xe7, 0x51, 0xe6, 0x49, 0xc6, 0x41, 0x64, 0x39,
    0x44, 0x31, 0x23, 0x31, 0x23, 0x31, 0x03, 0x29, 0x84, 0x41, 0x43, 0x39,
    0x84, 0x41, 0x63, 0x39, 0xa4, 0x41, 0x43, 0x31, 0x84, 0x41, 0x06, 0x52,
    0x84, 0x49, 0xc4, 0x51, 0x44, 0x39, 0xe6, 0x49, 0xc3, 0x59, 0x83, 0x49,
    0x23, 0x31, 0x63, 0x39, 0x64, 0x31, 0x64, 0x31, 0x65, 0x31, 0x24, 0x29,
    0x03, 0x29, 0x43, 0x41, 0x44, 0x72, 0x65, 0x72, 0x24, 0x62, 0xc3, 0x51,
    0x64, 0x7a, 0x44, 0x72, 0x83, 0x49, 0x24, 0x72, 0xc3, 0x51, 0xe3, 0x59,
    0x62, 0x39, 0x63, 0x39, 0x04, 0x5a, 0xc3, 0x51, 0xa3, 0x49, 0xc3, 0x49,
    0xc3, 0x51, 0x82, 0x41, 0x82, 0x41, 0xa3, 0x51, 0x44, 0x72, 0xc3, 0x51,
    0xc3, 0x59, 0x63, 0x72, 0xe3, 0x8a, 0x42, 0x72, 0xe3, 0x61, 0x23, 0x6a,
    0x65, 0xa3, 0x63, 0x7a, 0xe3, 0x61, 0x23, 0x72, 0x43, 0x7a, 0xe4, 0x92,
    0xc4, 0x8a, 0x24, 0x6a, 0xe3, 0x61, 0x44, 0x72, 0x63, 0x49, 0x24, 0x6a,
    0xe3, 0x59, 0xc3, 0x51, 0x24, 0x6a, 0x85, 0x7a, 0x24, 0x62, 0x04, 0x5a,
    0xa4, 0x7a, 0x24, 0x6a, 0x24, 0x6a, 0x44, 0x72, 0x44, 0x6a, 0xe3, 0x59,
    0x25, 0x9b, 0xc5, 0x8a, 0x05, 0x62, 0x45, 0x72, 0x64, 0x7a, 0x45, 0x9b,
    0x46, 0xa3, 0x65, 0x7a, 0xa4, 0x82, 0x25, 0xa3, 0x05, 0x93, 0x64, 0x7a,
    0xa4, 0x7a, 0x24, 0x93, 0x65, 0xa3, 0xc5, 0x82, 0x03, 0x62, 0xa4, 0x8a,
    0xa5, 0x8a, 0x07, 0x93, 0xa7, 0x82, 0xc7, 0x92, 0xa7, 0x8a, 0xa7, 0x8a,
    0x87, 0xb3, 0x49, 0xd4, 0xc8, 0xc3, 0x67, 0xb3, 0xab, 0xdc, 0x48, 0xa3,
    0x68, 0xab, 0xc9, 0xbb, 0xab, 0xdc, 0x8b, 0xdc, 0x6a, 0xd4, 0x27, 0xa3,
    0x04, 0x72, 0x05, 0x72, 0xe4, 0x69, 0xa4, 0x59, 0x22, 0x41, 0xe3, 0x71,
    0xe3, 0x79, 0x04, 0x7a, 0x03, 0x7a, 0x43, 0x8a, 0x06, 0xa3, 0xa8, 0xbb,
    0x48, 0xab, 0x88, 0xb3, 0xe9, 0xc3, 0x0a, 0xc4, 0x69, 0xab, 0x28, 0xa3,
    0xa9, 0xb3, 0x69, 0xab, 0x69, 0xab, 0x89, 0xb3, 0x28, 0xa3, 0x08, 0x9b,
    0xa7, 0x8a, 0x68, 0xab, 0x2a, 0xcc, 0x4b, 0xcc, 0x0b, 0xbc, 0xad, 0xd4,
    0x0f, 0xdd, 0x70, 0xe5, 0x2f, 0xe5, 0x50, 0xe5, 0x70, 0xe5, 0x70, 0xe5,
    0x70, 0xe5, 0x0f, 0xd5, 0xce, 0xd4, 0xee, 0xd4, 0xef, 0xd4, 0x4c, 0xc4,
    0x8c, 0xd4, 0x0a, 0xc4, 0x08, 0x9b, 0xa6, 0x8a, 0x27, 0xa3, 0x68, 0xab,
    0xe7, 0x9a, 0xa6, 0x92, 0x28, 0xa3, 0xe7, 0x9a, 0xc7, 0x92, 0xe8, 0x92,
    0x08, 0x9b, 0xe8, 0x92, 0xa7, 0x8a, 0xa7, 0x8a, 0x86, 0x82, 0x65, 0x82,
    0x65, 0x82, 0xa5, 0x82, 0x65, 0x7a, 0x24, 0x6a, 0xc4, 0x59, 0x45, 0x72,
    0x24, 0x6a, 0x24, 0x6a, 0x44, 0x72, 0x04, 0x5a, 0xc3, 0x51, 0x04, 0x62,
    0xc4, 0x49, 0xa4, 0x41, 0xc4, 0x49, 0x83, 0x41, 0x63, 0x39, 0x84, 0x49,
    0xa4, 0x49, 0x84, 0x41, 0x22, 0x31, 0x64, 0x39, 0xa5, 0x41, 0x23, 0x39,
    0x02, 0x31, 0x23, 0x39, 0x23, 0x39, 0xc4, 0x59, 0x83, 0x41, 0xa4, 0x49,
    0x24, 0x5a, 0xc4, 0x49, 0x84, 0x39, 0xe5, 0x49, 0xc4, 0x41, 0xe5, 0x49,
    0xa5, 0x41, 0x64, 0x39, 0x43, 0x31, 0x44, 0x39, 0x43, 0x31, 0x43, 0x31,
    0x23, 0x31, 0x64, 0x39, 0xc4, 0x49, 0xa4, 0x41, 0x63, 0x39, 0x83, 0x41,
    0x83, 0x41, 0x83, 0x41, 0x84, 0x41, 0xe5, 0x49, 0xc6, 0x41, 0x85, 0x41,
    0x85, 0x39, 0xa5, 0x41, 0xe7, 0x49, 0xe7, 0x49, 0x85, 0x39, 0x23, 0x31,
    0x03, 0x29, 0x84, 0x41, 0xa5, 0x49, 0x63, 0x39, 0x43, 0x39, 0xc5, 0x49,
    0x24, 0x31, 0x85, 0x41, 0x65, 0x39, 0x84, 0x41, 0x23, 0x31, 0xe7, 0x49,
    0x23, 0x31, 0xe3, 0x61, 0xa3, 0x51, 0x84, 0x39, 0x63, 0x31, 0x64, 0x31,
    0x44, 0x31, 0x44, 0x31, 0x64, 0x39, 0x85, 0x41, 0x24, 0x62, 0xc4, 0x49,
    0x04, 0x62, 0xc3, 0x59, 0x64, 0x72, 0x04, 0x5a, 0xa3, 0x41, 0xe3, 0x59,
    0x24, 0x6a, 0x43, 0x7a, 0xa3, 0x51, 0x83, 0x41, 0x83, 0x41, 0xa3, 0x49,
    0x83, 0x49, 0xa3, 0x49, 0x04, 0x5a, 0xc3, 0x51, 0x83, 0x41, 0xa3, 0x49,
    0xe3, 0x59, 0x64, 0x72, 0x23, 0x62, 0x83, 0x7a, 0x83, 0x72, 0x82, 0x72,
    0x82, 0x72, 0x23, 0x6a, 0x03, 0x6a, 0x03, 0x6a, 0x83, 0x7a, 0xa3, 0x82,
    0x03, 0x93, 0xc3, 0x8a, 0xc4, 0x82, 0xe3, 0x51, 0xe4, 0x8a, 0x43, 0x72,
    0x63, 0x49, 0xa4, 0x51, 0xa3, 0x49, 0xc2, 0x51, 0xa5, 0x82, 0xe5, 0x59,
    0xc5, 0x51, 0xe4, 0x59, 0x64, 0x72, 0x04, 0x62, 0x84, 0x72, 0x04, 0x8b,
    0x03, 0x62, 0xe4, 0x8a, 0xe5, 0x8a, 0x04, 0x62, 0x24, 0x6a, 0xa5, 0x8a,
    0xc4, 0x8a, 0x24, 0x9b, 0xa6, 0xb3, 0xc6, 0x8a, 0x24, 0x6a, 0x44, 0x72,
    0x24, 0x6a, 0x84, 0x7a, 0x05, 0x93, 0xe4, 0x8a, 0xe4, 0x8a, 0xa5, 0x82,
    0xe6, 0x92, 0xc9, 0xbb, 0x28, 0x9b, 0xc8, 0x8a, 0x07, 0x9b, 0xc7, 0xbb,
    0xc9, 0xbb, 0x27, 0xa3, 0xa7, 0xbb, 0x29, 0xcc, 0xc9, 0xbb, 0x89, 0xb3,
    0x89, 0xab, 0xea, 0xbb, 0x2a, 0xcc, 0x2a, 0xcc, 0xa9, 0xbb, 0x0a, 0xc4,
    0x4a, 0xd4, 0x8a, 0xdc, 0xa8, 0xb3, 0x45, 0x82, 0x45, 0x7a, 0x05, 0x72,
    0xe4, 0x69, 0xc3, 0x69, 0x82, 0x59, 0xe3, 0x71, 0x84, 0x92, 0xc4, 0xa2,
    0x46, 0xbb, 0xe8, 0xc3, 0x4a, 0xcc, 0x48, 0xab, 0xa6, 0x8a, 0xc6, 0x9a,
    0x2b, 0xcc, 0xca, 0xbb, 0xca, 0xbb, 0xea, 0xc3, 0xaa, 0xb3, 0x49, 0xa3,
    0xc7, 0x92, 0xc7, 0x92, 0x07, 0xa3, 0x48, 0xab, 0xa9, 0xb3, 0xca, 0xbb,
    0x6c, 0xcc, 0x8d, 0xd4, 0x6c, 0xcc, 0x6c, 0xcc, 0xce, 0xd4, 0x0f, 0xd5,
    0x50, 0xdd, 0x70, 0xe5, 0x50, 0xdd, 0x50, 0xdd, 0x2f, 0xdd, 0xae, 0xd4,
    0x8d, 0xcc, 0x0c, 0xbc, 0xeb, 0xb3, 0x6a, 0xa3, 0x8a, 0xab, 0x2b, 0xc4,
    0x4a, 0xcc, 0x28, 0x9b, 0x67, 0x7a, 0x86, 0x8a, 0xa6, 0x92, 0x65, 0x8a,
    0x85, 0x92, 0x85, 0x92, 0xe6, 0x9a, 0xa6, 0x92, 0x45, 0x82, 0x24, 0x82,
    0xc6, 0x92, 0x48, 0xab, 0xe9, 0xc3, 0x48, 0xa3, 0xa6, 0x82, 0x45, 0x72,
    0x45, 0x72, 0x45, 0x72, 0x65, 0x7a, 0x25, 0x6a, 0x64, 0x72, 0x04, 0x5a,
    0x04, 0x62, 0xc4, 0x51, 0xc4, 0x49, 0x84, 0x41, 0x83, 0x41, 0x43, 0x39,
    0x23, 0x31, 0x43, 0x39, 0x84, 0x41, 0xc5, 0x51, 0x83, 0x49, 0x64, 0x39,
    0x44, 0x39, 0x03, 0x29, 0x03, 0x31, 0x02, 0x31, 0x63, 0x49, 0x83, 0x41,
    0x43, 0x39, 0xc4, 0x49, 0xe4, 0x49, 0xc4, 0x49, 0xc4, 0x41, 0xa4, 0x39,
    0xa4, 0x41, 0xc5, 0x41, 0x64, 0x39, 0x43, 0x31, 0x63, 0x31, 0x43, 0x31,
    0x43, 0x31, 0x03, 0x29, 0x23, 0x29, 0x43, 0x31, 0x83, 0x39, 0x63, 0x39,
    0x23, 0x31, 0x23, 0x31, 0x43, 0x39, 0x03, 0x29, 0x84, 0x39, 0x43, 0x31,
    0x44, 0x31, 0xc6, 0x41, 0xa5, 0x41, 0x44, 0x31, 0x23, 0x29, 0x03, 0x29,
    0xa5, 0x41, 0xa6, 0x49, 0x65, 0x39, 0x84, 0x39, 0x64, 0x39, 0xe6, 0x51,
    0x23, 0x31, 0xa5, 0x49, 0x03, 0x29, 0x85, 0x39, 0xe7, 0x49, 0xa5, 0x49,
    0x43, 0x39, 0xc6, 0x49, 0x85, 0x39, 0x63, 0x41, 0x83, 0x49, 0x03, 0x29,
    0x43, 0x29, 0x03, 0x21, 0x65, 0x39, 0xa5, 0x41, 0x64, 0x31, 0x23, 0x29,
    0xc4, 0x51, 0xc4, 0x51, 0x83, 0x41, 0xc3, 0x59, 0xa3, 0x49, 0xc3, 0x51,
    0xa3, 0x49, 0xc3, 0x49, 0x64, 0x7a, 0xc3, 0x51, 0x03, 0x62, 0xe3, 0x61,
    0x44, 0x6a, 0x04, 0x62, 0x83, 0x49, 0xa3, 0x51, 0xa3, 0x51, 0xc4, 0x51,
    0xa4, 0x49, 0xe4, 0x51, 0x03, 0x5a, 0x43, 0x6a, 0x85, 0x72, 0xa3, 0x7a,
    0xe3, 0x8a, 0x43, 0x6a, 0xc3, 0x59, 0xc3, 0x61, 0x64, 0x7a, 0x03, 0x62,
    0xa4, 0x82, 0xe3, 0x92, 0x83, 0x7a, 0x23, 0x62, 0x03, 0x5a, 0x23, 0x62,
    0x45, 0xa3, 0x63, 0x72, 0xa3, 0x49, 0xe4, 0x61, 0x83, 0x49, 0x64, 0x7a,
    0xa6, 0x82, 0x05, 0x62, 0x05, 0x62, 0x24, 0x72, 0xa4, 0x82, 0xe4, 0x59,
    0x44, 0x72, 0xa5, 0x82, 0xe4, 0x59, 0x05, 0x62, 0x25, 0x6a, 0xc5, 0x92,
    0xa5, 0x8a, 0x85, 0x7a, 0xe6, 0x8a, 0x84, 0x82, 0xe4, 0x8a, 0xa4, 0x7a,
    0x04, 0x62, 0x24, 0x6a, 0xc5, 0x92, 0xc4, 0x8a, 0x04, 0x62, 0xe3, 0x59,
    0x43, 0x6a, 0xc5, 0x8a, 0x66, 0xa3, 0xe8, 0xbb, 0x4a, 0xcc, 0x68, 0xab,
    0x26, 0xa3, 0x65, 0xab, 0xe7, 0xc3, 0xc7, 0xbb, 0x47, 0xab, 0xa6, 0x92,
    0xa7, 0x8a, 0x25, 0x7a, 0x66, 0x7a, 0xa7, 0x8a, 0x28, 0x9b, 0xea, 0xbb,
    0x4a, 0xcc, 0x6a, 0xd4, 0xe7, 0x9a, 0xa9, 0xb3, 0x49, 0xd4, 0x8a, 0xd4,
    0x07, 0x9b, 0xa7, 0x8a, 0xc7, 0x92, 0xa6, 0x92, 0xe6, 0xa2, 0x64, 0x8a,
    0x44, 0x8a, 0x45, 0xb3, 0xc7, 0xcb, 0x87, 0xbb, 0xe8, 0xc3, 0x87, 0xbb,
    0x67, 0xb3, 0xe7, 0x9a, 0x08, 0x9b, 0xe7, 0x92, 0xe8, 0x92, 0x09, 0x9b,
    0x8a, 0xab, 0xca, 0xbb, 0xa7, 0x92, 0xe7, 0x9a, 0xea, 0xbb, 0x6b, 0xd4,
    0x4b, 0xd4, 0xea, 0xc3, 0x0a, 0xc4, 0xac, 0xd4, 0x4f, 0xe5, 0x4f, 0xe5,
    0x2f, 0xe5, 0xee, 0xd4, 0xce, 0xd4, 0x8d, 0xcc, 0x6d, 0xc4, 0xce, 0xd4,
    0xef, 0xd4, 0x50, 0xe5, 0xee, 0xd4, 0x4d, 0xc4, 0xcb, 0xab, 0xeb, 0xbb,
    0x6b, 0xd4, 0xea, 0xbb, 0x08, 0x93, 0x09, 0x8b, 0x29, 0x93, 0x69, 0xab,
    0x28, 0xa3, 0x86, 0x8a, 0x45, 0x82, 0x27, 0xa3, 0xe9, 0xcb, 0x89, 0xb3,
    0x88, 0xb3, 0x2a, 0xcc, 0xe9, 0xc3, 0xca, 0xbb, 0xaa, 0xab, 0x29, 0x93,
    0x45, 0x72, 0x66, 0x7a, 0x86, 0x7a, 0x45, 0x7a, 0x45, 0x72, 0x66, 0x7a,
    0x44, 0x6a, 0xe4, 0x59, 0xe4, 0x59, 0xe4, 0x51, 0x83, 0x39, 0xa4, 0x41,
    0x63, 0x39, 0x63, 0x39, 0x43, 0x39, 0x63, 0x41, 0x84, 0x49, 0x84, 0x49,
    0xa4, 0x51, 0x84, 0x41, 0x84, 0x41, 0x44, 0x39, 0x03, 0x29, 0xe2, 0x28,
    0x62, 0x49, 0x83, 0x49, 0x23, 0x31, 0x63, 0x39, 0xa4, 0x41, 0x43, 0x31,
    0x63, 0x39, 0x63, 0x31, 0x23, 0x29, 0x84, 0x39, 0x63, 0x31, 0x43, 0x31,
    0x43, 0x31, 0x23, 0x29, 0x03, 0x29, 0x03, 0x29, 0x64, 0x31, 0xe2, 0x28,
    0x23, 0x31, 0x22, 0x29, 0x43, 0x31, 0x84, 0x41, 0x44, 0x31, 0x23, 0x31,
    0x23, 0x29, 0x23, 0x29, 0x03, 0x29, 0x84, 0x39, 0xa5, 0x39, 0xa5, 0x41,
    0x07, 0x4a, 0xc6, 0x41, 0x64, 0x39, 0x02, 0x21, 0x02, 0x29, 0x85, 0x41,
    0xa5, 0x41, 0x64, 0x39, 0xa5, 0x49, 0x44, 0x39, 0x24, 0x31, 0x65, 0x39,
    0x65, 0x39, 0x65, 0x41, 0x85, 0x41, 0x64, 0x39, 0x07, 0x4a, 0xe3, 0x20,
    0x64, 0x39, 0x43, 0x31, 0x63, 0x31, 0x23, 0x29, 0x64, 0x39, 0x84, 0x39,
    0x43, 0x29, 0x03, 0x29, 0xa3, 0x41, 0xa4, 0x51, 0x83, 0x49, 0x63, 0x41,
    0x42, 0x39, 0xa3, 0x49, 0xa3, 0x49, 0xa3, 0x49, 0xc3, 0x51, 0xa3, 0x49,
    0x44, 0x6a, 0x83, 0x49, 0xc3, 0x51, 0xc3, 0x51, 0xe3, 0x59, 0xe4, 0x59,
    0x83, 0x49, 0x83, 0x49, 0xa3, 0x51, 0x04, 0x62, 0xc4, 0x51, 0xe4, 0x59,
    0x44, 0x6a, 0x83, 0x7a, 0x62, 0x72, 0x83, 0x49, 0xe4, 0x69, 0x83, 0x51,
    0xe3, 0x61, 0x23, 0x72, 0x84, 0x82, 0x23, 0x72, 0x03, 0x6a, 0x04, 0x62,
    0xa3, 0x49, 0x64, 0x72, 0x44, 0x6a, 0x03, 0x5a, 0x04, 0x5a, 0xc3, 0x59,
    0xc3, 0x59, 0x45, 0x6a, 0xc4, 0x59, 0xa4, 0x51, 0x04, 0x62, 0xa4, 0x82,
    0xe3, 0x61, 0x44, 0x6a, 0x44, 0x6a, 0x25, 0x6a, 0xe5, 0x59, 0x25, 0x6a,
    0x65, 0x82, 0x85, 0x82, 0x44, 0x72, 0x44, 0x6a, 0x85, 0x7a, 0xa4, 0x82,
    0x63, 0x72, 0xa3, 0x7a, 0x05, 0x8b, 0x85, 0x7a, 0x84, 0x7a, 0x23, 0x6a,
    0xc3, 0x51, 0x03, 0x5a, 0xe5, 0x8a, 0xa7, 0xab, 0x66, 0xa3, 0x8a, 0xd4,
    0x05, 0x9b, 0x05, 0x93, 0x66, 0xab, 0x25, 0x9b, 0x45, 0x9b, 0x25, 0x9b,
    0x86, 0x82, 0x05, 0x6a, 0x45, 0x7a, 0x65, 0x82, 0x86, 0x8a, 0x87, 0x82,
    0xc7, 0x8a, 0x48, 0xa3, 0xc8, 0xbb, 0x09, 0xcc, 0xc8, 0xbb, 0x66, 0x82,
    0x88, 0xb3, 0xab, 0xdc, 0xcb, 0xe4, 0x0a, 0xc4, 0x28, 0xa3, 0x47, 0xb3,
    0xa7, 0xc3, 0x86, 0xc3, 0x46, 0xb3, 0xc7, 0xc3, 0xa8, 0xc3, 0x26, 0xab,
    0x87, 0xbb, 0xa8, 0xc3, 0x48, 0xab, 0xa6, 0x8a, 0x65, 0x82, 0x65, 0x8a,
    0x04, 0x7a, 0x25, 0x82, 0x45, 0x82, 0xa6, 0x92, 0x09, 0xc4, 0xc9, 0xbb,
    0xa9, 0xb3, 0xea, 0xc3, 0x2a, 0xcc, 0xea, 0xc3, 0xea, 0xc3, 0xcd, 0xdc,
    0x6b, 0xcc, 0x6c, 0xcc, 0x0e, 0xdd, 0x91, 0xed, 0xb1, 0xed, 0x70, 0xe5,
    0x90, 0xed, 0x90, 0xed, 0x70, 0xe5, 0xce, 0xd4, 0x4c, 0xc4, 0xeb, 0xb3,
    0x4b, 0xcc, 0xcd, 0xd4, 0x2b, 0xc4, 0xaa, 0xb3, 0x8a, 0xab, 0xcb, 0xb3,
    0xaa, 0xb3, 0xa7, 0x8a, 0xe8, 0x8a, 0xe8, 0x92, 0x08, 0x93, 0x49, 0xa3,
    0x29, 0x9b, 0x86, 0x8a, 0x85, 0x8a, 0x85, 0x8a, 0xa6, 0x92, 0x66, 0x8a,
    0x26, 0x72, 0x67, 0x7a, 0x66, 0x72, 0x07, 0x9b, 0x07, 0x9b, 0x65, 0x7a,
    0xe4, 0x61, 0x05, 0x62, 0xa3, 0x49, 0x83, 0x49, 0xa3, 0x49, 0xc4, 0x51,
    0xe5, 0x51, 0xa4, 0x41, 0x83, 0x39, 0x63, 0x39, 0x23, 0x31, 0x43, 0x31,
    0x43, 0x39, 0xa4, 0x51, 0x63, 0x39, 0xc4, 0x49, 0x64, 0x41, 0x03, 0x29,
    0xe2, 0x20, 0xe2, 0x20, 0x02, 0x31, 0xe2, 0x28, 0xc2, 0x20, 0x23, 0x31,
    0x84, 0x41, 0x23, 0x29, 0x43, 0x31, 0x84, 0x39, 0x63, 0x39, 0x64, 0x39,
    0x43, 0x31, 0x23, 0x29, 0x03, 0x29, 0xc2, 0x20, 0xe3, 0x20, 0xa2, 0x18,
    0xc2, 0x20, 0xc2, 0x20, 0xc2, 0x20, 0x22, 0x29, 0x84, 0x39, 0x84, 0x39,
    0x43, 0x31, 0xe2, 0x20, 0x23, 0x31, 0x03, 0x29, 0x23, 0x31, 0x64, 0x31,
    0x64, 0x31, 0x64, 0x31, 0xa5, 0x39, 0xa5, 0x39, 0x44, 0x31, 0x44, 0x31,
    0x64, 0x31, 0x44, 0x31, 0x23, 0x29, 0x43, 0x39, 0xa5, 0x49, 0xc6, 0x49,
    0x24, 0x31, 0x44, 0x39, 0x44, 0x31, 0x65, 0x39, 0x24, 0x31, 0x44, 0x31,
    0xe7, 0x49, 0x03, 0x21, 0xe2, 0x20, 0xc6, 0x49, 0xa5, 0x41, 0x23, 0x29,
    0xa6, 0x41, 0x44, 0x31, 0xc2, 0x20, 0x23, 0x31, 0xc4, 0x51, 0xe4, 0x59,
    0x63, 0x39, 0x63, 0x39, 0x22, 0x39, 0x42, 0x39, 0xa3, 0x49, 0xe3, 0x59,
    0xa3, 0x51, 0xe3, 0x51, 0xc3, 0x49, 0xa3, 0x49, 0x03, 0x62, 0x03, 0x62,
    0xe3, 0x59, 0x63, 0x41, 0xe4, 0x59, 0x83, 0x49, 0x44, 0x72, 0xe3, 0x59,
    0xe4, 0x59, 0x04, 0x5a, 0xa4, 0x82, 0xa3, 0x8a, 0xc3, 0x51, 0xa3, 0x51,
    0xe4, 0x61, 0x04, 0x6a, 0x63, 0x49, 0xe4, 0x61, 0x24, 0x6a, 0xa3, 0x51,
    0xa3, 0x49, 0xc3, 0x51, 0x04, 0x62, 0x64, 0x7a, 0xc3, 0x49, 0xa3, 0x49,
    0xe4, 0x49, 0xe4, 0x51, 0x43, 0x6a, 0xa3, 0x49, 0xa3, 0x51, 0xc3, 0x59,
    0x04, 0x62, 0x24, 0x62, 0xc3, 0x51, 0x24, 0x62, 0xc4, 0x8a, 0x44, 0x7a,
    0xa4, 0x8a, 0x04, 0x6a, 0x24, 0x72, 0x04, 0x6a, 0xc4, 0x59, 0xe4, 0x59,
    0x84, 0x72, 0x44, 0x72, 0x64, 0x7a, 0xa4, 0x7a, 0x83, 0x7a, 0x84, 0x72,
    0x24, 0x6a, 0x03, 0x62, 0x23, 0x62, 0xa4, 0x7a, 0x64, 0x7a, 0xc4, 0x8a,
    0x06, 0x9b, 0x88, 0xb3, 0x64, 0x7a, 0x84, 0x82, 0xe5, 0x92, 0xc5, 0x82,
    0xe5, 0x8a, 0x05, 0x93, 0x28, 0x9b, 0xc7, 0x82, 0x87, 0x82, 0x66, 0x82,
    0x65, 0x82, 0x86, 0x8a, 0x86, 0x8a, 0xc7, 0x92, 0x88, 0xb3, 0x47, 0xab,
    0x28, 0xcc, 0x09, 0xc4, 0x86, 0x8a, 0xc7, 0x92, 0x6a, 0xd4, 0x2d, 0xed,
    0x4a, 0xcc, 0x46, 0xb3, 0xe4, 0xaa, 0xa6, 0xcb, 0xc7, 0xcb, 0x66, 0xbb,
    0x07, 0xa3, 0xe7, 0x9a, 0xc8, 0x92, 0xe8, 0x92, 0xa9, 0xb3, 0xa9, 0xbb,
    0xa8, 0xbb, 0x88, 0xb3, 0x88, 0xb3, 0x65, 0x82, 0x25, 0x82, 0x45, 0x82,
    0x47, 0xab, 0x09, 0xcc, 0x29, 0xd4, 0x09, 0xcc, 0xa9, 0xb3, 0xc9, 0xc3,
    0x0a, 0xc4, 0x6b, 0xd4, 0x0a, 0xc4, 0xad, 0xd4, 0xee, 0xdc, 0x4c, 0xcc,
    0xeb, 0xb3, 0x0c, 0xbc, 0x8d, 0xcc, 0xae, 0xd4, 0xad, 0xd4, 0x6d, 0xcc,
    0xcd, 0xd4, 0xad, 0xd4, 0x2c, 0xc4, 0x6c, 0xcc, 0xcd, 0xdc, 0x0b, 0xbc,
    0xeb, 0xbb, 0xaa, 0xab, 0x08, 0x9b, 0x87, 0x82, 0xe8, 0x8a, 0x4a, 0x93,
    0x6a, 0x9b, 0x87, 0x82, 0x87, 0x82, 0x08, 0x93, 0x89, 0xab, 0x8a, 0xa3,
    0x09, 0x93, 0x09, 0x8b, 0x2a, 0x93, 0xab, 0xab, 0x48, 0xa3, 0xe7, 0x92,
    0x24, 0x6a, 0x24, 0x72, 0xc3, 0x59, 0xa3, 0x51, 0x63, 0x49, 0xe4, 0x59,
    0x83, 0x49, 0x63, 0x41, 0xc4, 0x49, 0xa4, 0x41, 0x83, 0x41, 0xa4, 0x41,
    0x64, 0x39, 0x43, 0x31, 0x85, 0x39, 0x63, 0x39, 0x63, 0x31, 0x63, 0x39,
    0x63, 0x39, 0xe2, 0x20, 0xc2, 0x20, 0xc2, 0x20, 0xc2, 0x20, 0xe2, 0x28,
    0xe2, 0x20, 0x03, 0x31, 0x23, 0x31, 0x03, 0x29, 0x23, 0x31, 0x43, 0x31,
    0x43, 0x31, 0x23, 0x31, 0x44, 0x31, 0xc2, 0x20, 0xe3, 0x20, 0xe3, 0x28,
    0x03, 0x29, 0xe2, 0x28, 0xc2, 0x20, 0xa2, 0x18, 0xa2, 0x18, 0xc2, 0x20,
    0x64, 0x39, 0x84, 0x41, 0x44, 0x39, 0x23, 0x31, 0x64, 0x39, 0x44, 0x31,
    0x85, 0x39, 0x44, 0x31, 0x03, 0x29, 0x44, 0x31, 0x44, 0x31, 0x43, 0x31,
    0x64, 0x31, 0x85, 0x39, 0x44, 0x31, 0x03, 0x29, 0x24, 0x31, 0x45, 0x31,
    0x24, 0x31, 0x64, 0x41, 0x08, 0x52, 0x85, 0x39, 0xe3, 0x28, 0x65, 0x39,
    0x85, 0x39, 0x24, 0x29, 0x85, 0x41, 0x86, 0x39, 0x03, 0x29, 0x65, 0x39,
    0xa5, 0x39, 0x23, 0x29, 0xc6, 0x41, 0x03, 0x29, 0x23, 0x29, 0x85, 0x39,
    0xa3, 0x49, 0xc4, 0x51, 0xc3, 0x51, 0x83, 0x41, 0x83, 0x49, 0x22, 0x31,
    0x62, 0x41, 0x42, 0x39, 0x83, 0x49, 0x04, 0x62, 0x04, 0x62, 0xa3, 0x41,
    0x83, 0x41, 0x44, 0x6a, 0xa3, 0x51, 0x42, 0x39, 0xa3, 0x51, 0xc3, 0x59,
    0xa3, 0x51, 0x24, 0x6a, 0x64, 0x72, 0x03, 0x5a, 0xe2, 0x59, 0xa2, 0x82,
    0x62, 0x72, 0x43, 0x72, 0x83, 0x49, 0x83, 0x51, 0xa4, 0x59, 0x63, 0x41,
    0xe4, 0x59, 0x83, 0x49, 0xa3, 0x51, 0xc3, 0x61, 0xc3, 0x59, 0xc3, 0x59,
    0x24, 0x62, 0x04, 0x5a, 0xa3, 0x49, 0xc3, 0x49, 0xe3, 0x51, 0xe3, 0x51,
    0x24, 0x62, 0xe4, 0x59, 0xc4, 0x51, 0xe4, 0x51, 0xc3, 0x49, 0xc3, 0x51,
    0xc3, 0x59, 0xe3, 0x61, 0x23, 0x72, 0xe4, 0x69, 0x24, 0x7a, 0xa5, 0x82,
    0x05, 0x6a, 0xa3, 0x51, 0xe3, 0x59, 0x84, 0x7a, 0x43, 0x72, 0xa4, 0x82,
    0x23, 0x6a, 0x03, 0x5a, 0xa5, 0x7a, 0xc3, 0x51, 0xc3, 0x51, 0x84, 0x7a,
    0x64, 0x72, 0x26, 0x9b, 0x47, 0xa3, 0x85, 0x82, 0x84, 0x7a, 0xa5, 0x82,
    0xe6, 0x92, 0x44, 0x72, 0x44, 0x6a, 0xe5, 0x92, 0xc7, 0xbb, 0xe9, 0xbb,
    0x89, 0xb3, 0xe7, 0x92, 0x45, 0x7a, 0x86, 0x8a, 0x45, 0x8a, 0x65, 0x8a,
    0x45, 0x82, 0x67, 0xb3, 0xc8, 0xc3, 0xca, 0xe4, 0x47, 0xab, 0x86, 0x82,
    0xe7, 0x9a, 0xcb, 0xdc, 0x2c, 0xed, 0x6a, 0xdc, 0xc7, 0xc3, 0xc6, 0xcb,
    0xc8, 0xc3, 0xa8, 0xbb, 0xa6, 0x92, 0xa6, 0x92, 0xa6, 0x92, 0xa6, 0x92,
    0xc7, 0x9a, 0xca, 0xb3, 0x68, 0xb3, 0x68, 0xb3, 0x86, 0x92, 0x68, 0xb3,
    0xa9, 0xbb, 0xe9, 0xc3, 0xe9, 0xc3, 0xe8, 0xc3, 0x29, 0xd4, 0xc8, 0xbb,
    0x0a, 0xc4, 0x4a, 0xcc, 0xe9, 0xc3, 0x0a, 0xcc, 0xac, 0xdc, 0x8c, 0xd4,
    0xed, 0xdc, 0xee, 0xdc, 0xee, 0xd4, 0x8d, 0xcc, 0xab, 0xab, 0xab, 0xab,
    0x2c, 0xbc, 0xce, 0xd4, 0x6d, 0xcc, 0x8d, 0xcc, 0x6c, 0xc4, 0x8c, 0xd4,
    0xed, 0xdc, 0x6c, 0xcc, 0xaa, 0xab, 0x4a, 0x9b, 0xab, 0xa3, 0xcc, 0xab,
    0xab, 0xa3, 0x0b, 0xbc, 0xeb, 0xbb, 0x8a, 0xa3, 0x6d, 0xcc, 0xed, 0xdc,
    0x6c, 0xcc, 0xec, 0xb3, 0xac, 0xa3, 0x0d, 0xb4, 0x0c, 0xbc, 0xea, 0xbb,
    0xc6, 0x92, 0xa5, 0x82, 0x65, 0x7a, 0x45, 0x72, 0x86, 0x7a, 0x66, 0x72,
    0xc4, 0x59, 0x83, 0x49, 0x43, 0x41, 0x83, 0x41, 0xa4, 0x41, 0x63, 0x39,
    0x43, 0x39, 0x84, 0x41, 0x64, 0x39, 0x43, 0x31, 0x03, 0x31, 0x23, 0x31,
    0x23, 0x31, 0x43, 0x31, 0x43, 0x31, 0x43, 0x31, 0x03, 0x29, 0xc2, 0x20,
    0xc2, 0x20, 0xa2, 0x18, 0xa2, 0x18, 0x03, 0x29, 0x23, 0x31, 0x63, 0x39,
    0xa4, 0x41, 0xe5, 0x49, 0xc5, 0x41, 0xa4, 0x41, 0xc5, 0x41, 0x64, 0x39,
    0x65, 0x39, 0x24, 0x29, 0x03, 0x21, 0x44, 0x31, 0xc2, 0x20, 0x44, 0x31,
    0x44, 0x31, 0x23, 0x31, 0x02, 0x29, 0x43, 0x39, 0x43, 0x39, 0x64, 0x39,
    0xa5, 0x41, 0x44, 0x31, 0xa5, 0x41, 0x84, 0x41, 0x64, 0x39, 0x44, 0x31,
    0x03, 0x29, 0x84, 0x39, 0xc6, 0x49, 0x44, 0x31, 0x03, 0x29, 0xa2, 0x18,
    0xe3, 0x28, 0xc2, 0x20, 0xc2, 0x20, 0xc2, 0x20, 0x23, 0x31, 0xa5, 0x49,
    0xa6, 0x41, 0x24, 0x31, 0x24, 0x29, 0xa6, 0x39, 0x65, 0x39, 0xa6, 0x41,
    0x03, 0x21, 0x04, 0x29, 0x65, 0x39, 0x64, 0x31, 0x44, 0x39, 0xe3, 0x28,
    0xa2, 0x18, 0xe2, 0x28, 0x63, 0x39, 0x22, 0x31, 0x43, 0x41, 0x02, 0x29,
    0x42, 0x39, 0x63, 0x41, 0x83, 0x51, 0x63, 0x41, 0xc3, 0x59, 0x83, 0x49,
    0xc3, 0x59, 0x83, 0x41, 0xa3, 0x49, 0xe3, 0x59, 0xc4, 0x49, 0x04, 0x62,
    0x64, 0x72, 0x04, 0x62, 0x04, 0x62, 0x63, 0x7a, 0x03, 0x5a, 0xc2, 0x51,
    0xe2, 0x61, 0xe2, 0x8a, 0x63, 0x72, 0xa3, 0x49, 0x23, 0x39, 0x23, 0x39,
    0xc5, 0x59, 0xa4, 0x51, 0x83, 0x41, 0x83, 0x51, 0xe3, 0x61, 0xe4, 0x59,
    0xc3, 0x51, 0x63, 0x41, 0x83, 0x49, 0xa3, 0x51, 0x83, 0x41, 0x83, 0x41,
    0xa3, 0x49, 0xc3, 0x49, 0xa3, 0x49, 0xc3, 0x49, 0x83, 0x41, 0xc4, 0x51,
    0xe4, 0x59, 0xc4, 0x59, 0xa3, 0x51, 0xa4, 0x8a, 0xa3, 0x59, 0xa4, 0x59,
    0xa4, 0x51, 0x04, 0x62, 0x45, 0x72, 0x44, 0x7a, 0x44, 0x72, 0x64, 0x7a,
    0x84, 0x7a, 0x03, 0x5a, 0xc3, 0x51, 0x64, 0x72, 0xc3, 0x49, 0xc3, 0x51,
    0x04, 0x62, 0xc3, 0x59, 0x64, 0x7a, 0xe5, 0x9a, 0xa5, 0x8a, 0x03, 0x62,
    0x64, 0x72, 0x44, 0x6a, 0x65, 0x72, 0x44, 0x72, 0x46, 0xa3, 0x69, 0xd4,
    0x49, 0xd4, 0x49, 0xd4, 0x8a, 0xdc, 0x49, 0xdc, 0xe9, 0xc3, 0x08, 0x9b,
    0xa7, 0x82, 0x86, 0x82, 0x66, 0x82, 0x47, 0xb3, 0x46, 0xb3, 0xa6, 0xc3,
    0x49, 0xd4, 0xe9, 0xc3, 0xa6, 0x92, 0x07, 0x9b, 0x09, 0xc4, 0x0c, 0xed,
    0x4a, 0xd4, 0xc8, 0xc3, 0x48, 0xab, 0xca, 0xbb, 0x88, 0xb3, 0x07, 0x9b,
    0x45, 0x82, 0x45, 0x82, 0x65, 0x8a, 0x85, 0x92, 0x06, 0xa3, 0x47, 0xb3,
    0x88, 0xb3, 0x66, 0x82, 0x66, 0x82, 0x4a, 0xd4, 0x6b, 0xdc, 0xe9, 0xc3,
    0xc9, 0xbb, 0x6b, 0xcc, 0xe9, 0xbb, 0x6b, 0xd4, 0x4a, 0xcc, 0x8c, 0xd4,
    0xac, 0xd4, 0x6c, 0xcc, 0x6b, 0xcc, 0x8c, 0xd4, 0x2e, 0xe5, 0x4f, 0xe5,
    0x2f, 0xe5, 0x0e, 0xdd, 0xee, 0xdc, 0x8d, 0xcc, 0x8d, 0xcc, 0xce, 0xd4,
    0xcd, 0xdc, 0x2c, 0xbc, 0x6d, 0xc4, 0x4d, 0xc4, 0x0c, 0xbc, 0x0c, 0xbc,
    0x4c, 0xc4, 0x4b, 0xcc, 0x2b, 0xc4, 0x0b, 0xbc, 0x2c, 0xbc, 0x8d, 0xcc,
    0x2b, 0xc4, 0x69, 0xa3, 0x49, 0x9b, 0xeb, 0xbb, 0xeb, 0xbb, 0x49, 0xa3,
    0x49, 0xa3, 0x28, 0x9b, 0x07, 0x9b, 0x85, 0x82, 0xc6, 0x92, 0xc4, 0x61,
    0xe4, 0x61, 0xe5, 0x61, 0x83, 0x51, 0x43, 0x41, 0x63, 0x49, 0x83, 0x49,
    0x63, 0x39, 0x22, 0x31, 0x23, 0x39, 0x43, 0x39, 0x43, 0x31, 0x23, 0x31,
    0x23, 0x31, 0x64, 0x39, 0x03, 0x31, 0x23, 0x31, 0x03, 0x29, 0x85, 0x41,
    0xe2, 0x20, 0x02, 0x29, 0x22, 0x39, 0x23, 0x31, 0xc2, 0x20, 0x23, 0x31,
    0x23, 0x31, 0xc5, 0x41, 0xa5, 0x41, 0xe6, 0x49, 0x06, 0x52, 0x27, 0x52,
    0x06, 0x4a, 0x07, 0x52, 0xe6, 0x49, 0x07, 0x4a, 0xe6, 0x41, 0xa5, 0x39,
    0x65, 0x31, 0x65, 0x31, 0x84, 0x39, 0xe2, 0x20, 0x43, 0x39, 0xc5, 0x51,
    0xa4, 0x49, 0x03, 0x29, 0x84, 0x39, 0x44, 0x31, 0x43, 0x31, 0x64, 0x39,
    0x64, 0x39, 0x44, 0x31, 0x65, 0x39, 0x23, 0x31, 0x23, 0x31, 0x24, 0x31,
    0x85, 0x39, 0x23, 0x31, 0xa2, 0x18, 0xc2, 0x18, 0xc2, 0x20, 0xa2, 0x18,
    0xe3, 0x20, 0xa2, 0x18, 0x44, 0x39, 0xc7, 0x41, 0x86, 0x31, 0x03, 0x29,
    0xe7, 0x41, 0xa6, 0x41, 0x45, 0x31, 0xc2, 0x20, 0x03, 0x29, 0x24, 0x29,
    0x43, 0x31, 0x03, 0x29, 0xe3, 0x28, 0x44, 0x31, 0x22, 0x31, 0x22, 0x39,
    0x83, 0x49, 0xe2, 0x28, 0x02, 0x29, 0x42, 0x39, 0x42, 0x39, 0xa3, 0x51,
    0x63, 0x49, 0x42, 0x41, 0xe4, 0x61, 0x83, 0x49, 0x62, 0x39, 0xa3, 0x49,
    0xc3, 0x49, 0xa3, 0x41, 0xc3, 0x49, 0x04, 0x52, 0xe3, 0x51, 0x03, 0x62,
    0xe3, 0x59, 0x02, 0x62, 0x22, 0x72, 0x02, 0x62, 0xe3, 0x82, 0x43, 0x6a,
    0x43, 0x39, 0x23, 0x39, 0x64, 0x49, 0x43, 0x39, 0x63, 0x39, 0x83, 0x49,
    0xa3, 0x51, 0xa3, 0x51, 0xa3, 0x49, 0x63, 0x41, 0x82, 0x49, 0xc3, 0x59,
    0x84, 0x82, 0xc3, 0x51, 0x63, 0x41, 0xe4, 0x59, 0xa3, 0x49, 0xc3, 0x51,
    0x83, 0x49, 0xa5, 0x51, 0xc5, 0x51, 0xe4, 0x69, 0xa2, 0x59, 0xe4, 0x61,
    0xe5, 0x59, 0xe5, 0x61, 0xe4, 0x69, 0xa3, 0x59, 0x83, 0x51, 0xc3, 0x61,
    0x84, 0x82, 0x43, 0x72, 0x03, 0x5a, 0x24, 0x62, 0xa3, 0x49, 0x82, 0x49,
    0xc3, 0x51, 0x24, 0x72, 0xe4, 0x61, 0x24, 0x72, 0x85, 0x82, 0x27, 0xa3,
    0x07, 0x9b, 0x44, 0x72, 0x24, 0x6a, 0xe4, 0x61, 0x45, 0x72, 0xe6, 0x92,
    0x67, 0xab, 0x47, 0xa3, 0xc8, 0xbb, 0x6a, 0xd4, 0x4a, 0xd4, 0x8a, 0xdc,
    0x69, 0xdc, 0x89, 0xe4, 0xe8, 0xc3, 0x48, 0xa3, 0xc7, 0x92, 0xc6, 0x92,
    0x06, 0xab, 0x26, 0xab, 0x66, 0xbb, 0xa9, 0xe4, 0x08, 0xcc, 0xe6, 0x9a,
    0x48, 0xab, 0xa8, 0xbb, 0xc6, 0x92, 0x45, 0x82, 0x25, 0x7a, 0xa7, 0x8a,
    0x48, 0xa3, 0x4a, 0xd4, 0xc9, 0xbb, 0xe7, 0x92, 0xc6, 0x9a, 0x65, 0x8a,
    0x43, 0x8a, 0x83, 0x9a, 0xe8, 0xcb, 0x29, 0xcc, 0x88, 0xb3, 0xa8, 0xbb,
    0x09, 0xcc, 0x0a, 0xcc, 0x6b, 0xcc, 0x2a, 0xc4, 0xc9, 0xbb, 0x2a, 0xcc,
    0x6b, 0xcc, 0xcd, 0xdc, 0x4b, 0xcc, 0x0a, 0xc4, 0xad, 0xd4, 0xee, 0xdc,
    0x0e, 0xdd, 0x8c, 0xd4, 0xcd, 0xdc, 0xce, 0xd4, 0x6d, 0xc4, 0x6d, 0xc4,
    0x4c, 0xc4, 0x69, 0xa3, 0x4c, 0xc4, 0x0b, 0xbc, 0xeb, 0xb3, 0x0b, 0xc4,
    0x6c, 0xcc, 0xca, 0xb3, 0x0b, 0xc4, 0xce, 0xd4, 0x2c, 0xbc, 0xaa, 0xab,
    0x49, 0xa3, 0xe8, 0x92, 0x08, 0x93, 0x69, 0xa3, 0xea, 0xbb, 0xaa, 0xb3,
    0x6c, 0xcc, 0x6c, 0xcc, 0x4c, 0xcc, 0x69, 0xa3, 0x04, 0x6a, 0xe4, 0x61,
    0xe4, 0x61, 0xe4, 0x61, 0x83, 0x49, 0xc5, 0x61, 0xe5, 0x61, 0x43, 0x41,
    0x84, 0x51, 0x43, 0x41, 0x84, 0x49, 0x84, 0x41, 0x43, 0x39, 0x64, 0x39,
    0x43, 0x31, 0x63, 0x39, 0x23, 0x31, 0xe2, 0x28, 0x03, 0x31, 0x02, 0x29,
    0xc1, 0x20, 0xe2, 0x28, 0x44, 0x31, 0x44, 0x39, 0x63, 0x39, 0xa4, 0x41,
    0x64, 0x31, 0xa5, 0x41, 0xa5, 0x41, 0xe6, 0x49, 0xa5, 0x41, 0xc6, 0x49,
    0x06, 0x52, 0x06, 0x52, 0x06, 0x4a, 0x06, 0x4a, 0xe6, 0x49, 0xa6, 0x41,
    0xa6, 0x41, 0xc6, 0x41, 0xc6, 0x41, 0xa6, 0x39, 0x85, 0x39, 0x65, 0x39,
    0x44, 0x39, 0x85, 0x49, 0x64, 0x39, 0x84, 0x41, 0xc5, 0x49, 0x84, 0x39,
    0x64, 0x39, 0x43, 0x31, 0x64, 0x39, 0xa5, 0x49, 0x85, 0x41, 0x24, 0x31,
    0x44, 0x31, 0x24, 0x31, 0x44, 0x39, 0xc6, 0x41, 0x24, 0x31, 0xc2, 0x20,
    0x03, 0x29, 0xc2, 0x18, 0x23, 0x29, 0xe3, 0x20, 0xe3, 0x20, 0x03, 0x29,
    0xa6, 0x41, 0x86, 0x39, 0xe3, 0x20, 0x24, 0x31, 0x86, 0x39, 0xc2, 0x18,
    0x24, 0x29, 0x45, 0x31, 0x24, 0x31, 0x64, 0x39, 0x85, 0x39, 0x03, 0x29,
    0x02, 0x31, 0x43, 0x41, 0x43, 0x41, 0xa3, 0x49, 0x22, 0x31, 0x42, 0x31,
    0x42, 0x31, 0xa3, 0x51, 0x83, 0x49, 0x22, 0x31, 0x63, 0x41, 0x63, 0x39,
    0x63, 0x41, 0x83, 0x49, 0x63, 0x49, 0x03, 0x29, 0x83, 0x39, 0xa3, 0x41,
    0x83, 0x49, 0x82, 0x49, 0x62, 0x39, 0x03, 0x62, 0x43, 0x6a, 0x42, 0x72,
    0xc2, 0x51, 0x42, 0x31, 0xa3, 0x49, 0x83, 0x49, 0x63, 0x41, 0x23, 0x39,
    0x43, 0x41, 0x43, 0x41, 0xa3, 0x49, 0x83, 0x41, 0x83, 0x49, 0xc3, 0x51,
    0xa3, 0x49, 0xa3, 0x51, 0xe4, 0x61, 0x83, 0x41, 0x42, 0x31, 0x42, 0x39,
    0x63, 0x41, 0x03, 0x6a, 0x83, 0x51, 0xc5, 0x51, 0xe4, 0x61, 0xe4, 0x61,
    0x03, 0x6a, 0xa4, 0x51, 0x04, 0x6a, 0xa4, 0x59, 0x43, 0x39, 0x63, 0x41,
    0x62, 0x41, 0xc3, 0x59, 0xa4, 0x82, 0xe3, 0x61, 0x82, 0x41, 0xa3, 0x49,
    0xa2, 0x51, 0xa2, 0x49, 0x64, 0x7a, 0xa4, 0x61, 0xa4, 0x51, 0xa6, 0x8a,
    0x66, 0x7a, 0xe4, 0x61, 0xa5, 0x8a, 0x64, 0x72, 0xc3, 0x59, 0xe4, 0x59,
    0x85, 0x82, 0x06, 0x9b, 0x87, 0xab, 0xe8, 0xc3, 0x67, 0xb3, 0x27, 0xa3,
    0xc9, 0xbb, 0x09, 0xcc, 0x28, 0xcc, 0x28, 0xd4, 0xa9, 0xe4, 0x89, 0xdc,
    0x26, 0xb3, 0xa7, 0xc3, 0xa7, 0xc3, 0xc5, 0x9a, 0x26, 0xab, 0xe7, 0xcb,
    0xe7, 0xc3, 0x29, 0xcc, 0x07, 0xa3, 0x08, 0x9b, 0x66, 0x82, 0x25, 0x7a,
    0x04, 0x7a, 0x45, 0x82, 0x86, 0x8a, 0xe6, 0x9a, 0x08, 0xcc, 0xe8, 0xcb,
    0xc8, 0xc3, 0xe9, 0xcb, 0xc9, 0xc3, 0x88, 0xb3, 0xc9, 0xbb, 0xa8, 0xbb,
    0x8b, 0xdc, 0x2a, 0xcc, 0x4a, 0xcc, 0x6b, 0xd4, 0xc9, 0xbb, 0xc9, 0xbb,
    0x6b, 0xd4, 0xac, 0xdc, 0x6b, 0xcc, 0x2a, 0xcc, 0x4b, 0xcc, 0xad, 0xd4,
    0x8c, 0xd4, 0xac, 0xd4, 0xad, 0xd4, 0x8d, 0xcc, 0x6c, 0xc4, 0xce, 0xd4,
    0x8d, 0xcc, 0x6c, 0xcc, 0x4c, 0xc4, 0x6c, 0xcc, 0xad, 0xd4, 0x8d, 0xcc,
    0x8d, 0xcc, 0xeb, 0xbb, 0xeb, 0xb3, 0x69, 0xa3, 0x6a, 0x9b, 0x6a, 0x9b,
    0x4a, 0x9b, 0x4a, 0x9b, 0x6a, 0x9b, 0x8a, 0xa3, 0x2b, 0xc4, 0x0b, 0xbc,
    0x2c, 0xbc, 0xab, 0xab, 0x09, 0x93, 0xe8, 0x92, 0x28, 0x9b, 0x28, 0x93,
    0x04, 0x6a, 0xc4, 0x59, 0xa4, 0x51, 0xa4, 0x59, 0x84, 0x49, 0x63, 0x49,
    0x43, 0x41, 0x43, 0x41, 0x23, 0x41, 0x23, 0x39, 0x43, 0x39, 0x83, 0x41,
    0x43, 0x39, 0x43, 0x39, 0x84, 0x41, 0x43, 0x31, 0x02, 0x31, 0xc2, 0x20,
    0xc2, 0x20, 0xc2, 0x20, 0xc2, 0x20, 0xc1, 0x20, 0x84, 0x41, 0xc6, 0x49,
    0xa5, 0x41, 0xe6, 0x49, 0xe6, 0x49, 0xa5, 0x41, 0xc6, 0x41, 0x85, 0x39,
    0x85, 0x39, 0xa5, 0x41, 0xe6, 0x49, 0xc5, 0x49, 0xa5, 0x41, 0x85, 0x41,
    0xc6, 0x49, 0xe7, 0x49, 0xa6, 0x41, 0x65, 0x31, 0x44, 0x31, 0x65, 0x31,
    0x65, 0x31, 0x85, 0x39, 0x64, 0x39, 0x64, 0x39, 0x85, 0x41, 0xa5, 0x41,
    0xe6, 0x51, 0xa5, 0x41, 0xa5, 0x41, 0xa5, 0x41, 0xc5, 0x49, 0x84, 0x41,
    0x84, 0x41, 0x44, 0x39, 0x44, 0x31, 0x65, 0x39, 0x85, 0x41, 0x64, 0x41,
    0x44, 0x39, 0x45, 0x31, 0x44, 0x31, 0x24, 0x29, 0x24, 0x29, 0xc2, 0x18,
    0xc2, 0x18, 0xa2, 0x18, 0x03, 0x29, 0x64, 0x39, 0xa6, 0x39, 0x45, 0x31,
    0x65, 0x39, 0x24, 0x29, 0x81, 0x10, 0x65, 0x31, 0x44, 0x31, 0x24, 0x31,
    0xc2, 0x20, 0xe3, 0x20, 0x02, 0x29, 0x02, 0x31, 0x02, 0x31, 0x82, 0x49,
    0x82, 0x41, 0x62, 0x41, 0x62, 0x39, 0x83, 0x51, 0xe2, 0x28, 0x03, 0x31,
    0x43, 0x39, 0x03, 0x31, 0xe2, 0x28, 0x02, 0x31, 0x23, 0x39, 0x03, 0x31,
    0x83, 0x39, 0x83, 0x39, 0xc3, 0x49, 0x42, 0x39, 0x82, 0x49, 0xe3, 0x61,
    0xa2, 0x49, 0xe3, 0x51, 0xc3, 0x49, 0xc3, 0x49, 0xc3, 0x51, 0x23, 0x39,
    0x43, 0x41, 0x23, 0x39, 0x83, 0x41, 0x83, 0x41, 0x83, 0x41, 0x63, 0x41,
    0x83, 0x49, 0x04, 0x62, 0xa3, 0x49, 0x83, 0x41, 0x63, 0x39, 0x83, 0x39,
    0x83, 0x49, 0xc3, 0x59, 0x63, 0x49, 0x43, 0x41, 0x05, 0x72, 0xc4, 0x59,
    0xc3, 0x61, 0x83, 0x51, 0x83, 0x51, 0x83, 0x49, 0x83, 0x51, 0x83, 0x49,
    0x43, 0x39, 0x83, 0x49, 0xa3, 0x51, 0xc3, 0x59, 0xa3, 0x51, 0xc3, 0x51,
    0x83, 0x49, 0xc3, 0x61, 0x23, 0x6a, 0xc2, 0x51, 0xc5, 0x9a, 0x63, 0x49,
    0xe4, 0x61, 0xe6, 0x92, 0xe4, 0x61, 0xa3, 0x51, 0xc3, 0x59, 0x24, 0x6a,
    0x25, 0x72, 0x45, 0x72, 0xa5, 0x82, 0x47, 0xa3, 0x67, 0xab, 0x08, 0xc4,
    0x89, 0xdc, 0x68, 0xab, 0x07, 0x9b, 0x65, 0x82, 0xe6, 0x9a, 0x49, 0xd4,
    0xea, 0xe4, 0xea, 0xec, 0xa9, 0xdc, 0xa8, 0xc3, 0xe9, 0xc3, 0x09, 0xcc,
    0xc8, 0xbb, 0x48, 0xab, 0xc9, 0xc3, 0x88, 0xb3, 0xc9, 0xc3, 0xa8, 0xbb,
    0x09, 0xcc, 0xa8, 0xbb, 0x88, 0xb3, 0x07, 0x9b, 0xa7, 0x82, 0xa6, 0x8a,
    0xc7, 0x92, 0xa8, 0xbb, 0x49, 0xd4, 0xaa, 0xdc, 0x8a, 0xdc, 0x6b, 0xd4,
    0xa9, 0xb3, 0xc9, 0xbb, 0x2a, 0xcc, 0xc9, 0xbb, 0xa9, 0xb3, 0xc9, 0xbb,
    0x8b, 0xd4, 0x8c, 0xdc, 0x8b, 0xd4, 0xcc, 0xdc, 0xcd, 0xdc, 0xed, 0xdc,
    0x6c, 0xcc, 0x2b, 0xc4, 0x8c, 0xd4, 0x8c, 0xd4, 0xad, 0xd4, 0xcd, 0xd4,
    0x0e, 0xdd, 0x0e, 0xdd, 0xee, 0xdc, 0xad, 0xd4, 0x8d, 0xd4, 0x6d, 0xcc,
    0xeb, 0xb3, 0xad, 0xd4, 0xad, 0xd4, 0xeb, 0xbb, 0xab, 0xab, 0x8a, 0xa3,
    0xcb, 0xab, 0x0c, 0xbc, 0x6d, 0xcc, 0xad, 0xd4, 0x6c, 0xc4, 0x0c, 0xbc,
    0xca, 0xb3, 0x2b, 0xcc, 0x4c, 0xc4, 0x6c, 0xc4, 0xad, 0xd4, 0x0b, 0xc4,
    0x08, 0x93, 0xe7, 0x92, 0xa6, 0x82, 0xc4, 0x59, 0x84, 0x51, 0xa4, 0x51,
    0xc4, 0x61, 0xc4, 0x61, 0x84, 0x51, 0x03, 0x31, 0xe2, 0x30, 0x23, 0x39,
    0x05, 0x62, 0xc4, 0x59, 0x43, 0x39, 0x83, 0x41, 0x43, 0x31, 0x02, 0x29,
    0x02, 0x29, 0xc2, 0x20, 0xc2, 0x20, 0xc2, 0x20, 0x23, 0x31, 0x84, 0x41,
    0xe6, 0x49, 0x07, 0x52, 0xe6, 0x49, 0xa6, 0x41, 0xa6, 0x41, 0xa5, 0x39,
    0x85, 0x39, 0x44, 0x31, 0x23, 0x31, 0x44, 0x39, 0xa5, 0x41, 0xa5, 0x41,
    0x85, 0x41, 0xa6, 0x41, 0xa6, 0x41, 0xc6, 0x49, 0x86, 0x41, 0x64, 0x31,
    0x23, 0x29, 0x03, 0x29, 0x24, 0x29, 0x44, 0x29, 0x85, 0x39, 0x85, 0x41,
    0xa5, 0x41, 0xe6, 0x49, 0xa4, 0x41, 0x26, 0x5a, 0xe5, 0x51, 0x84, 0x39,
    0x06, 0x52, 0xc5, 0x49, 0x84, 0x41, 0x64, 0x39, 0xa6, 0x41, 0x85, 0x39,
    0x85, 0x41, 0x64, 0x41, 0x44, 0x39, 0x24, 0x31, 0x65, 0x39, 0x65, 0x39,
    0x24, 0x29, 0xe3, 0x20, 0xe3, 0x20, 0xe3, 0x20, 0xe3, 0x20, 0x24, 0x29,
    0x03, 0x29, 0x86, 0x39, 0xa6, 0x39, 0x45, 0x31, 0xe3, 0x20, 0xe3, 0x20,
    0x65, 0x39, 0x44, 0x31, 0x03, 0x29, 0x23, 0x29, 0x23, 0x39, 0xe2, 0x28,
    0xe2, 0x20, 0x62, 0x39, 0x42, 0x31, 0x42, 0x39, 0x82, 0x51, 0xc3, 0x61,
    0x42, 0x41, 0x02, 0x31, 0x03, 0x31, 0x43, 0x39, 0x63, 0x49, 0x22, 0x31,
    0xe2, 0x28, 0xe2, 0x20, 0x43, 0x31, 0xe3, 0x51, 0xa3, 0x49, 0xc3, 0x49,
    0x63, 0x39, 0xa3, 0x51, 0x62, 0x39, 0x82, 0x41, 0x83, 0x41, 0x83, 0x41,
    0x22, 0x39, 0x23, 0x39, 0x23, 0x39, 0x43, 0x41, 0x83, 0x41, 0x83, 0x41,
    0x84, 0x49, 0x63, 0x41, 0xa3, 0x49, 0x83, 0x51, 0x63, 0x41, 0x42, 0x39,
    0x63, 0x39, 0x62, 0x39, 0x63, 0x41, 0x43, 0x41, 0x05, 0x62, 0xa4, 0x59,
    0xa4, 0x59, 0x22, 0x41, 0x63, 0x49, 0x42, 0x49, 0x63, 0x49, 0x43, 0x41,
    0xc4, 0x61, 0x42, 0x39, 0xa3, 0x51, 0x24, 0x6a, 0xa3, 0x59, 0x24, 0x6a,
    0x63, 0x41, 0x22, 0x39, 0xe4, 0x61, 0x65, 0x82, 0xe3, 0x69, 0xe3, 0x59,
    0x04, 0x62, 0x04, 0x6a, 0x44, 0x72, 0xc2, 0x59, 0x85, 0x82, 0xa5, 0x82,
    0xa3, 0x51, 0xe3, 0x59, 0xa5, 0x82, 0xa5, 0x8a, 0x05, 0x9b, 0x47, 0xab,
    0xc8, 0xc3, 0xc7, 0xbb, 0x86, 0xb3, 0x6a, 0xd4, 0x29, 0xd4, 0xc8, 0xbb,
    0x06, 0xa3, 0xa7, 0xbb, 0xea, 0xe4, 0x2b, 0xed, 0x8c, 0xf5, 0x69, 0xd4,
    0xc6, 0x9a, 0xc6, 0x9a, 0xe9, 0xc3, 0x88, 0xb3, 0x67, 0xb3, 0xc6, 0x92,
    0x27, 0xab, 0x06, 0xa3, 0x87, 0xbb, 0xe6, 0x9a, 0x88, 0xbb, 0xe9, 0xc3,
    0x0a, 0xc4, 0x4a, 0xcc, 0xca, 0xbb, 0x88, 0xb3, 0x88, 0xb3, 0x49, 0xd4,
    0x09, 0xc4, 0x6a, 0xd4, 0x8b, 0xd4, 0x6b, 0xd4, 0xcc, 0xdc, 0xcc, 0xe4,
    0x4b, 0xcc, 0x4b, 0xcc, 0x4b, 0xcc, 0x6b, 0xd4, 0x4b, 0xcc, 0x8b, 0xd4,
    0xed, 0xe4, 0x8b, 0xd4, 0xed, 0xdc, 0xad, 0xd4, 0x2e, 0xdd, 0xcd, 0xd4,
    0xcd, 0xd4, 0x8d, 0xcc, 0x8c, 0xcc, 0xee, 0xdc, 0xee, 0xd4, 0x0e, 0xdd,
    0x8d, 0xcc, 0x8d, 0xcc, 0x4c, 0xc4, 0x0b, 0xbc, 0xcb, 0xb3, 0x69, 0xa3,
    0xca, 0xbb, 0xad, 0xdc, 0xac, 0xd4, 0xea, 0xc3, 0x0b, 0xc4, 0xeb, 0xbb,
    0x89, 0xab, 0x69, 0xa3, 0x8a, 0xab, 0x69, 0xa3, 0x8a, 0xab, 0xca, 0xb3,
    0xaa, 0xb3, 0xcb, 0xb3, 0x6a, 0xa3, 0xc8, 0x82, 0x46, 0x72, 0x66, 0x7a,
    0x05, 0x6a, 0xc4, 0x61, 0xa4, 0x59, 0xc4, 0x61, 0x84, 0x51, 0x64, 0x49,
    0x84, 0x49, 0xc5, 0x59, 0xc5, 0x59, 0x63, 0x49, 0x02, 0x31, 0x43, 0x39,
    0x22, 0x31, 0x02, 0x29, 0x02, 0x29, 0x02, 0x29, 0xa5, 0x41, 0x23, 0x31,
    0x23, 0x31, 0x44, 0x39, 0xe6, 0x51, 0x27, 0x5a, 0x07, 0x52, 0xa5, 0x41,
    0x44, 0x31, 0x65, 0x39, 0x24, 0x29, 0x44, 0x31, 0x85, 0x39, 0xa5, 0x41,
    0x64, 0x39, 0x85, 0x41, 0x64, 0x39, 0xa6, 0x41, 0x85, 0x39, 0xa6, 0x41,
    0x24, 0x31, 0x24, 0x31, 0x65, 0x39, 0x03, 0x29, 0x23, 0x29, 0x23, 0x29,
    0x44, 0x31, 0xa5, 0x41, 0xa5, 0x41, 0xc5, 0x49, 0xe5, 0x51, 0x26, 0x5a,
    0x06, 0x52, 0xc5, 0x49, 0xe6, 0x49, 0xc5, 0x49, 0xa5, 0x49, 0xa5, 0x41,
    0x24, 0x31, 0x03, 0x29, 0x64, 0x39, 0xa5, 0x49, 0x44, 0x39, 0x64, 0x39,
    0x64, 0x39, 0x44, 0x31, 0x65, 0x31, 0xa6, 0x41, 0x65, 0x31, 0x03, 0x21,
    0xe3, 0x20, 0xe3, 0x20, 0xe3, 0x20, 0xe3, 0x20, 0x24, 0x31, 0xa6, 0x41,
    0x45, 0x31, 0xc2, 0x18, 0xe3, 0x20, 0x65, 0x39, 0x03, 0x29, 0x44, 0x31,
    0xc1, 0x20, 0x02, 0x29, 0x02, 0x29, 0x42, 0x39, 0x22, 0x31, 0xe2, 0x20,
    0x22, 0x39, 0x22, 0x31, 0x63, 0x49, 0x43, 0x39, 0x43, 0x31, 0x64, 0x39,
    0x84, 0x39, 0xe2, 0x20, 0x03, 0x29, 0x63, 0x41, 0x83, 0x39, 0xa3, 0x41,
    0x83, 0x41, 0xa3, 0x49, 0x43, 0x39, 0x63, 0x41, 0xa3, 0x49, 0xa3, 0x49,
    0x63, 0x41, 0x42, 0x39, 0x22, 0x41, 0x22, 0x41, 0x42, 0x41, 0x02, 0x31,
    0x43, 0x41, 0xa4, 0x49, 0x63, 0x41, 0xc4, 0x51, 0xe4, 0x59, 0x02, 0x31,
    0xa3, 0x49, 0x82, 0x49, 0x04, 0x62, 0xe3, 0x61, 0x83, 0x49, 0xc5, 0x49,
    0x64, 0x49, 0x23, 0x41, 0x22, 0x39, 0x22, 0x41, 0x42, 0x49, 0x62, 0x49,
    0x22, 0x41, 0x83, 0x51, 0xe4, 0x61, 0x63, 0x41, 0xa3, 0x51, 0xc3, 0x51,
    0xe4, 0x61, 0x83, 0x51, 0x42, 0x41, 0x22, 0x39, 0x63, 0x49, 0xc3, 0x59,
    0xc3, 0x61, 0xa3, 0x51, 0x83, 0x49, 0x04, 0x62, 0x85, 0x82, 0x02, 0x6a,
    0xa4, 0x8a, 0xe3, 0x61, 0x04, 0x6a, 0x43, 0x7a, 0xa4, 0x82, 0x44, 0x72,
    0x27, 0xa3, 0x88, 0xbb, 0x47, 0xab, 0xc5, 0x8a, 0xa4, 0x8a, 0x05, 0x9b,
    0x67, 0xb3, 0xab, 0xdc, 0x0c, 0xe5, 0x48, 0xd4, 0xc9, 0xe4, 0x0a, 0xed,
    0xa9, 0xdc, 0x08, 0xcc, 0x87, 0xb3, 0xe7, 0x9a, 0xe8, 0xcb, 0x28, 0xdc,
    0x87, 0xbb, 0x47, 0xb3, 0xc6, 0x9a, 0x46, 0xab, 0x67, 0xb3, 0xc6, 0x92,
    0x47, 0xab, 0xc9, 0xc3, 0x09, 0xcc, 0x09, 0xc4, 0x4a, 0xd4, 0x29, 0xcc,
    0xc8, 0xc3, 0x67, 0xb3, 0x47, 0xab, 0x09, 0xcc, 0x0d, 0xe5, 0xac, 0xd4,
    0x8b, 0xd4, 0x4a, 0xcc, 0xac, 0xdc, 0x6b, 0xd4, 0x4b, 0xd4, 0xea, 0xbb,
    0x4b, 0xcc, 0x2d, 0xe5, 0xac, 0xdc, 0x0d, 0xe5, 0x4e, 0xe5, 0x2e, 0xe5,
    0x0e, 0xe5, 0xcd, 0xdc, 0x8c, 0xd4, 0x8c, 0xcc, 0x4c, 0xc4, 0x0e, 0xdd,
    0xce, 0xd4, 0x0e, 0xdd, 0x0f, 0xdd, 0xce, 0xdc, 0x4c, 0xc4, 0xad, 0xd4,
    0x4c, 0xc4, 0x8c, 0xcc, 0xcd, 0xdc, 0xea, 0xbb, 0x89, 0xab, 0x89, 0xab,
    0xaa, 0xab, 0x29, 0x9b, 0xca, 0xbb, 0x2b, 0xc4, 0xaa, 0xb3, 0xaa, 0xb3,
    0x49, 0xa3, 0x08, 0x93, 0x08, 0x9b, 0xc8, 0x82, 0x88, 0x72, 0x27, 0x62,
    0x06, 0x5a, 0x26, 0x6a, 0x06, 0x62, 0xa5, 0x51, 0xc5, 0x59, 0xc5, 0x51,
    0x84, 0x49, 0xa5, 0x51, 0xa4, 0x51, 0x84, 0x49, 0x84, 0x49, 0x84, 0x49,
    0x64, 0x41, 0x43, 0x39, 0x43, 0x39, 0x23, 0x31, 0xa5, 0x49, 0xa5, 0x49,
    0xe6, 0x51, 0xc6, 0x49, 0xa5, 0x49, 0xe6, 0x51, 0x27, 0x5a, 0x07, 0x52,
    0xc6, 0x49, 0x65, 0x39, 0x64, 0x39, 0xa5, 0x41, 0x44, 0x31, 0x65, 0x39,
    0xc6, 0x41, 0xa5, 0x41, 0x85, 0x41, 0x64, 0x39, 0x64, 0x39, 0x85, 0x41,
    0x44, 0x31, 0x85, 0x41, 0x24, 0x31, 0x44, 0x31, 0x85, 0x41, 0x03, 0x29,
    0x44, 0x31, 0x44, 0x31, 0x24, 0x31, 0x64, 0x39, 0x84, 0x39, 0xc5, 0x49,
    0x06, 0x5a, 0x26, 0x5a, 0xc5, 0x49, 0x85, 0x41, 0xa5, 0x41, 0x26, 0x5a,
    0xe5, 0x59, 0xc5, 0x49, 0x44, 0x31, 0x44, 0x31, 0x64, 0x41, 0xa5, 0x49,
    0xa5, 0x49, 0xc5, 0x51, 0xc3, 0x20, 0xe3, 0x20, 0xc2, 0x18, 0xc2, 0x20,
    0x03, 0x29, 0x45, 0x31, 0x85, 0x39, 0x45, 0x31, 0x04, 0x29, 0xe3, 0x20,
    0xc2, 0x18, 0x24, 0x31, 0x65, 0x39, 0x24, 0x29, 0xc2, 0x20, 0x24, 0x31,
    0xe3, 0x20, 0x03, 0x21, 0xc2, 0x20, 0x02, 0x29, 0x02, 0x29, 0xe2, 0x28,
    0xe2, 0x20, 0x02, 0x29, 0x42, 0x31, 0xe2, 0x28, 0xe3, 0x28, 0x03, 0x29,
    0x23, 0x31, 0x43, 0x39, 0x43, 0x31, 0x03, 0x29, 0xe2, 0x28, 0x43, 0x31,
    0x63, 0x39, 0xa3, 0x49, 0x83, 0x39, 0x63, 0x41, 0x83, 0x41, 0xc4, 0x51,
    0xc4, 0x59, 0xc3, 0x51, 0xa3, 0x49, 0x22, 0x31, 0xe2, 0x30, 0x02, 0x39,
    0x82, 0x59, 0x22, 0x39, 0x23, 0x39, 0x23, 0x39, 0x63, 0x41, 0x83, 0x51,
    0xa4, 0x51, 0x84, 0x49, 0x63, 0x41, 0x62, 0x49, 0x62, 0x49, 0x43, 0x7a,
    0x83, 0x49, 0x84, 0x41, 0x02, 0x31, 0x02, 0x31, 0x02, 0x39, 0x42, 0x49,
    0x82, 0x59, 0x83, 0x59, 0x42, 0x41, 0x63, 0x49, 0xa3, 0x51, 0x83, 0x49,
    0x83, 0x49, 0x83, 0x49, 0x63, 0x49, 0x83, 0x51, 0x42, 0x49, 0x42, 0x41,
    0x63, 0x49, 0xc3, 0x61, 0x24, 0x72, 0xa3, 0x51, 0x83, 0x49, 0xa2, 0x59,
    0x03, 0x6a, 0x22, 0x72, 0xe2, 0x59, 0xc3, 0x51, 0xc4, 0x61, 0x03, 0x72,
    0x84, 0x8a, 0xa5, 0x8a, 0xe6, 0x9a, 0x84, 0x8a, 0xa5, 0x92, 0xa5, 0x8a,
    0xc5, 0x92, 0x05, 0xa3, 0x46, 0xb3, 0x46, 0xb3, 0xc8, 0xc3, 0x48, 0xd4,
    0x07, 0xd4, 0x88, 0xe4, 0x0b, 0xed, 0x69, 0xd4, 0x87, 0xb3, 0xa6, 0x92,
    0xa8, 0xbb, 0x07, 0xa3, 0xe7, 0x9a, 0x89, 0xb3, 0x88, 0xbb, 0xe6, 0xa2,
    0xe8, 0xc3, 0xc9, 0xbb, 0xea, 0xc3, 0xea, 0xc3, 0xea, 0xbb, 0x0a, 0xc4,
    0x2a, 0xcc, 0x09, 0xc4, 0xc8, 0xc3, 0xe8, 0xc3, 0x88, 0xb3, 0x68, 0xb3,
    0x8a, 0xdc, 0x2a, 0xcc, 0x0a, 0xc4, 0x4b, 0xcc, 0x6b, 0xd4, 0xac, 0xd4,
    0xec, 0xe4, 0x8c, 0xd4, 0xcc, 0xdc, 0xcd, 0xdc, 0x0e, 0xe5, 0xed, 0xdc,
    0xed, 0xdc, 0xcd, 0xdc, 0xac, 0xd4, 0x8c, 0xd4, 0xad, 0xcc, 0xce, 0xd4,
    0xce, 0xd4, 0x4c, 0xcc, 0x4c, 0xc4, 0x8d, 0xcc, 0xce, 0xd4, 0x2f, 0xe5,
    0xee, 0xdc, 0xee, 0xd4, 0x0b, 0xc4, 0x0b, 0xc4, 0xca, 0xb3, 0x69, 0xa3,
    0xca, 0xb3, 0x6c, 0xcc, 0x4b, 0xcc, 0x0b, 0xbc, 0xca, 0xb3, 0xca, 0xb3,
    0xca, 0xbb, 0x2b, 0xc4, 0x2b, 0xc4, 0x8a, 0xa3, 0xa8, 0x7a, 0x27, 0x6a,
    0x06, 0x62, 0xe6, 0x59, 0xa5, 0x51, 0x44, 0x39, 0x84, 0x41, 0x06, 0x5a,
    0x67, 0x6a, 0xc5, 0x51, 0xa5, 0x51, 0x27, 0x62, 0x89, 0x6a, 0xa9, 0x6a,
    0xc6, 0x51, 0x84, 0x41, 0xa5, 0x49, 0xa5, 0x49, 0xe6, 0x59, 0x06, 0x5a,
    0xe6, 0x51, 0xa5, 0x49, 0x47, 0x5a, 0x68, 0x62, 0x06, 0x52, 0x88, 0x62,
    0xa9, 0x6a, 0xe7, 0x51, 0x28, 0x5a, 0xc6, 0x49, 0x07, 0x52, 0x64, 0x39,
    0x65, 0x39, 0xa6, 0x41, 0xa5, 0x41, 0x65, 0x31, 0x44, 0x31, 0x64, 0x39,
    0x44, 0x39, 0x44, 0x39, 0x84, 0x41, 0x64, 0x39, 0x44, 0x31, 0x45, 0x31,
    0x85, 0x41, 0x44, 0x31, 0x24, 0x31, 0x03, 0x29, 0x44, 0x31, 0x64, 0x39,
    0x85, 0x41, 0xa5, 0x41, 0xe5, 0x49, 0xc5, 0x49, 0xa5, 0x41, 0x84, 0x41,
    0x44, 0x31, 0xc5, 0x49, 0xe5, 0x51, 0x26, 0x5a, 0x84, 0x41, 0x44, 0x31,
    0x64, 0x39, 0xc5, 0x51, 0xa4, 0x49, 0xa5, 0x49, 0x23, 0x31, 0xe3, 0x28,
    0xe3, 0x20, 0xe3, 0x20, 0x24, 0x29, 0x24, 0x29, 0x03, 0x31, 0xe3, 0x20,
    0x24, 0x31, 0x44, 0x31, 0x24, 0x29, 0xe3, 0x20, 0x03, 0x31, 0x86, 0x39,
    0x24, 0x29, 0xe3, 0x20, 0xc2, 0x18, 0x85, 0x31, 0xe2, 0x28, 0xe2, 0x28,
    0x22, 0x31, 0xe2, 0x20, 0xc2, 0x20, 0x02, 0x29, 0x63, 0x41, 0x43, 0x39,
    0xe2, 0x28, 0xc2, 0x20, 0x03, 0x29, 0x23, 0x31, 0x63, 0x31, 0x43, 0x31,
    0x43, 0x31, 0x22, 0x29, 0x83, 0x41, 0x43, 0x31, 0x43, 0x31, 0x42, 0x31,
    0x63, 0x39, 0x63, 0x39, 0x63, 0x41, 0x63, 0x41, 0x04, 0x6a, 0x83, 0x41,
    0x84, 0x49, 0xe5, 0x61, 0xa4, 0x51, 0xc5, 0x59, 0xa5, 0x49, 0x23, 0x39,
    0x84, 0x49, 0x43, 0x41, 0x42, 0x49, 0x63, 0x49, 0xe4, 0x61, 0x24, 0x72,
    0x83, 0x51, 0x02, 0x39, 0x44, 0x39, 0x03, 0x31, 0x02, 0x31, 0xe3, 0x61,
    0xe2, 0x30, 0xe2, 0x30, 0x22, 0x39, 0x43, 0x41, 0x02, 0x31, 0x63, 0x41,
    0x83, 0x49, 0x83, 0x51, 0x04, 0x62, 0xe4, 0x69, 0x64, 0x49, 0xa4, 0x51,
    0x63, 0x51, 0xc3, 0x61, 0x22, 0x41, 0x63, 0x49, 0x42, 0x49, 0x83, 0x51,
    0x63, 0x49, 0x23, 0x72, 0x42, 0x7a, 0xe2, 0x69, 0x63, 0x7a, 0xc3, 0x59,
    0xc4, 0x61, 0x24, 0x72, 0xc6, 0x92, 0x04, 0x72, 0x85, 0x8a, 0x64, 0x82,
    0x45, 0x72, 0x04, 0x6a, 0xe5, 0x9a, 0x25, 0xab, 0x45, 0xb3, 0xe4, 0xa2,
    0x05, 0xab, 0x89, 0xe4, 0x67, 0xdc, 0x06, 0xd4, 0xaa, 0xdc, 0x6d, 0xed,
    0xcb, 0xe4, 0x49, 0xd4, 0xa8, 0xbb, 0xa6, 0x8a, 0x25, 0x7a, 0x46, 0x7a,
    0xc7, 0x92, 0x68, 0xab, 0x49, 0xa3, 0x49, 0xa3, 0x49, 0xa3, 0x49, 0xa3,
    0x28, 0xa3, 0xe8, 0x92, 0x28, 0x9b, 0x48, 0xa3, 0x88, 0xab, 0xe9, 0xc3,
    0x68, 0xb3, 0x08, 0xa3, 0x47, 0xab, 0xe8, 0xc3, 0x8a, 0xdc, 0x8b, 0xdc,
    0x8b, 0xd4, 0xed, 0xe4, 0x0d, 0xe5, 0xec, 0xe4, 0xec, 0xe4, 0xac, 0xdc,
    0x0d, 0xe5, 0xcd, 0xdc, 0x8c, 0xd4, 0x8c, 0xd4, 0xcd, 0xdc, 0xed, 0xdc,
    0xcd, 0xd4, 0xad, 0xd4, 0x0e, 0xdd, 0xed, 0xdc, 0xcd, 0xd4, 0xee, 0xdc,
    0xee, 0xdc, 0xce, 0xd4, 0xad, 0xd4, 0x0e, 0xdd, 0x6c, 0xd4, 0xca, 0xbb,
    0x2b, 0xcc, 0x2b, 0xc4, 0x6d, 0xcc, 0xeb, 0xbb, 0xeb, 0xb3, 0xaa, 0xab,
    0xec, 0xab, 0x4a, 0x9b, 0x29, 0x93, 0x6a, 0xa3, 0x2a, 0x93, 0xc9, 0x82,
    0x88, 0x72, 0xa5, 0x59, 0x43, 0x49, 0x63, 0x49, 0x84, 0x49, 0x27, 0x62,
    0x27, 0x62, 0x06, 0x62, 0xc5, 0x59, 0xc5, 0x51, 0xc9, 0x7a, 0xc9, 0x72,
    0x68, 0x6a, 0x68, 0x62, 0x69, 0x5a, 0x85, 0x49, 0x27, 0x62, 0x06, 0x5a,
    0xe6, 0x51, 0x07, 0x5a, 0x68, 0x62, 0x88, 0x62, 0x89, 0x62, 0xc9, 0x6a,
    0xea, 0x72, 0xa9, 0x6a, 0xa9, 0x62, 0xa9, 0x6a, 0x68, 0x5a, 0x47, 0x5a,
    0x27, 0x52, 0x85, 0x41, 0x64, 0x39, 0x64, 0x39, 0x64, 0x39, 0xa6, 0x41,
    0x64, 0x39, 0x44, 0x31, 0x44, 0x39, 0xe2, 0x20, 0x64, 0x39, 0x23, 0x31,
    0xc3, 0x20, 0x44, 0x31, 0x44, 0x31, 0x85, 0x39, 0x45, 0x31, 0x03, 0x29,
    0x24, 0x31, 0x64, 0x39, 0x85, 0x41, 0xc5, 0x49, 0xa5, 0x41, 0x06, 0x52,
    0x06, 0x52, 0xe5, 0x49, 0x43, 0x39, 0x84, 0x41, 0x64, 0x39, 0x67, 0x6a,
    0x06, 0x5a, 0x64, 0x39, 0x84, 0x41, 0x64, 0x41, 0xc4, 0x49, 0x84, 0x41,
    0x44, 0x39, 0x64, 0x39, 0x44, 0x31, 0x65, 0x39, 0x24, 0x29, 0xe3, 0x20,
    0xc2, 0x20, 0xc2, 0x20, 0xc2, 0x18, 0xc2, 0x20, 0xc3, 0x20, 0x24, 0x31,
    0x24, 0x31, 0x23, 0x31, 0x24, 0x31, 0x24, 0x29, 0xa2, 0x18, 0xe3, 0x20,
    0xe2, 0x28, 0xa2, 0x20, 0xe2, 0x20, 0x23, 0x29, 0x22, 0x29, 0x03, 0x29,
    0x23, 0x31, 0x23, 0x31, 0x43, 0x31, 0xe3, 0x20, 0xe3, 0x20, 0xe2, 0x20,
    0x23, 0x29, 0x63, 0x31, 0xa4, 0x41, 0xa3, 0x41, 0x83, 0x41, 0x42, 0x31,
    0xe2, 0x28, 0x22, 0x31, 0x43, 0x31, 0x43, 0x39, 0x03, 0x31, 0x43, 0x41,
    0xa3, 0x61, 0x43, 0x41, 0x43, 0x41, 0x02, 0x31, 0x22, 0x39, 0x43, 0x39,
    0x02, 0x31, 0x03, 0x31, 0x43, 0x41, 0xe5, 0x61, 0x63, 0x49, 0x62, 0x49,
    0xa2, 0x61, 0x43, 0x41, 0x84, 0x51, 0x43, 0x39, 0x03, 0x31, 0x02, 0x31,
    0x02, 0x31, 0x02, 0x39, 0x02, 0x39, 0x62, 0x49, 0x63, 0x49, 0x43, 0x41,
    0x22, 0x39, 0x42, 0x41, 0xa3, 0x59, 0x42, 0x49, 0x24, 0x72, 0xc3, 0x61,
    0x83, 0x49, 0x63, 0x49, 0x83, 0x51, 0x42, 0x41, 0x22, 0x39, 0x22, 0x39,
    0xc3, 0x69, 0x42, 0x49, 0xa4, 0x59, 0x04, 0x72, 0x23, 0x7a, 0x43, 0x7a,
    0xa3, 0x51, 0xe4, 0x61, 0x05, 0x6a, 0x24, 0x7a, 0x45, 0x82, 0x25, 0x72,
    0x85, 0x8a, 0x25, 0x72, 0x25, 0x72, 0x45, 0x7a, 0x65, 0x82, 0xa4, 0x92,
    0xc3, 0xa2, 0x85, 0xc3, 0x25, 0xb3, 0x86, 0xbb, 0xa9, 0xe4, 0xca, 0xe4,
    0xc7, 0xc3, 0x49, 0xd4, 0x8a, 0xdc, 0x49, 0xd4, 0x09, 0xcc, 0x6a, 0xdc,
    0xc8, 0xc3, 0xca, 0xbb, 0x28, 0xa3, 0xc7, 0x92, 0xe7, 0x92, 0xc7, 0x92,
    0xe7, 0x92, 0xc7, 0x8a, 0xa6, 0x8a, 0x25, 0x72, 0x86, 0x82, 0x45, 0x82,
    0xe6, 0x9a, 0xc8, 0xbb, 0x2a, 0xcc, 0x68, 0xab, 0xc6, 0x92, 0x87, 0xbb,
    0x4a, 0xd4, 0x2a, 0xcc, 0x2a, 0xcc, 0xab, 0xdc, 0x8b, 0xd4, 0xab, 0xd4,
    0xed, 0xe4, 0x0d, 0xdd, 0xab, 0xd4, 0xed, 0xdc, 0x0e, 0xe5, 0xee, 0xdc,
    0xee, 0xdc, 0x0e, 0xdd, 0x0e, 0xdd, 0x0e, 0xdd, 0x4f, 0xe5, 0x2e, 0xdd,
    0x4f, 0xe5, 0x4f, 0xe5, 0x0e, 0xdd, 0x0e, 0xdd, 0x2b, 0xbc, 0x6c, 0xcc,
    0xcd, 0xdc, 0x8d, 0xcc, 0x8a, 0xab, 0x8b, 0x9b, 0x4b, 0x93, 0x6c, 0x93,
    0x2b, 0x83, 0x4b, 0x8b, 0x2b, 0x8b, 0x0a, 0x83, 0x0a, 0x8b, 0x4a, 0x93,
    0xe9, 0x82, 0xc9, 0x7a, 0xa9, 0x72, 0x47, 0x62, 0x27, 0x62, 0x27, 0x5a,
    0x47, 0x62, 0x07, 0x5a, 0xe6, 0x51, 0x06, 0x62, 0x47, 0x6a, 0x27, 0x62,
    0xe9, 0x82, 0x47, 0x6a, 0xc6, 0x59, 0xa5, 0x49, 0x27, 0x52, 0x28, 0x52,
    0xe7, 0x51, 0x07, 0x5a, 0xe6, 0x59, 0x88, 0x6a, 0x68, 0x62, 0x88, 0x6a,
    0xa9, 0x6a, 0xa9, 0x6a, 0x68, 0x6a, 0x47, 0x5a, 0x47, 0x5a, 0x47, 0x5a,
    0x48, 0x5a, 0x48, 0x5a, 0x28, 0x52, 0x07, 0x52, 0xc6, 0x49, 0xe7, 0x49,
    0xa6, 0x41, 0x44, 0x39, 0x85, 0x41, 0x24, 0x31, 0x24, 0x31, 0x44, 0x31,
    0x44, 0x31, 0x85, 0x41, 0x24, 0x31, 0x03, 0x29, 0x44, 0x31, 0x24, 0x31,
    0x65, 0x39, 0xa6, 0x41, 0x24, 0x31, 0x44, 0x39, 0x64, 0x39, 0x64, 0x39,
    0x84, 0x39, 0xc5, 0x49, 0xc5, 0x49, 0xa5, 0x49, 0xe6, 0x51, 0x44, 0x39,
    0x64, 0x41, 0xc5, 0x51, 0x26, 0x5a, 0xe6, 0x51, 0xa5, 0x49, 0xa4, 0x41,
    0xa4, 0x49, 0xa4, 0x49, 0x64, 0x41, 0xa5, 0x49, 0x03, 0x29, 0xe3, 0x20,
    0xe3, 0x20, 0xe3, 0x20, 0x24, 0x31, 0x03, 0x29, 0xe3, 0x20, 0x03, 0x21,
    0xc2, 0x18, 0xc2, 0x18, 0xc2, 0x20, 0xa2, 0x18, 0xe3, 0x28, 0x44, 0x31,
    0x65, 0x31, 0xc2, 0x18, 0xe2, 0x28, 0x81, 0x10, 0xa2, 0x18, 0xe2, 0x20,
    0x02, 0x21, 0x22, 0x29, 0x03, 0x29, 0x23, 0x31, 0x23, 0x29, 0x23, 0x29,
    0x23, 0x29, 0xe2, 0x20, 0x23, 0x29, 0x64, 0x31, 0x43, 0x31, 0xe2, 0x28,
    0x02, 0x31, 0x83, 0x41, 0x02, 0x29, 0x43, 0x39, 0xe2, 0x28, 0xe2, 0x20,
    0xe2, 0x20, 0x03, 0x29, 0x02, 0x29, 0x02, 0x31, 0x02, 0x31, 0x22, 0x31,
    0x42, 0x41, 0x22, 0x39, 0x02, 0x31, 0x02, 0x31, 0x23, 0x39, 0x84, 0x51,
    0xa3, 0x59, 0x23, 0x72, 0x62, 0x51, 0xe2, 0x30, 0x23, 0x39, 0x64, 0x41,
    0xe2, 0x28, 0xe2, 0x30, 0x02, 0x39, 0x02, 0x39, 0xe2, 0x30, 0x43, 0x41,
    0x63, 0x41, 0x63, 0x41, 0x43, 0x41, 0xa3, 0x51, 0x22, 0x39, 0x02, 0x31,
    0x22, 0x41, 0x62, 0x49, 0x82, 0x51, 0x44, 0x7a, 0x64, 0x49, 0x43, 0x41,
    0x43, 0x41, 0x43, 0x41, 0x23, 0x39, 0x23, 0x41, 0x43, 0x41, 0xe4, 0x69,
    0xc3, 0x61, 0xa2, 0x59, 0x02, 0x6a, 0xe3, 0x92, 0x83, 0x8a, 0x84, 0x8a,
    0xc5, 0x9a, 0xe4, 0x69, 0x05, 0x72, 0x05, 0x7a, 0x64, 0x8a, 0xa4, 0x9a,
    0x84, 0x92, 0xc3, 0xa2, 0x43, 0xc3, 0xe6, 0xd3, 0x48, 0xdc, 0x67, 0xbb,
    0x88, 0xbb, 0xc8, 0xc3, 0xe8, 0xc3, 0xe9, 0xc3, 0x27, 0xa3, 0x88, 0xb3,
    0x47, 0xab, 0x07, 0xa3, 0xe6, 0x9a, 0x27, 0xab, 0x07, 0xa3, 0xa6, 0x92,
    0xa7, 0x8a, 0x86, 0x82, 0x45, 0x7a, 0x66, 0x7a, 0x05, 0x72, 0x46, 0x7a,
    0x66, 0x82, 0xa6, 0x92, 0xe6, 0x9a, 0xa5, 0x92, 0x67, 0xb3, 0x67, 0xb3,
    0x06, 0xa3, 0xa8, 0xbb, 0xc7, 0x9a, 0x66, 0x82, 0x25, 0x7a, 0x48, 0xab,
    0x6a, 0xd4, 0xe9, 0xc3, 0x6b, 0xd4, 0xcd, 0xdc, 0x4a, 0xcc, 0xac, 0xd4,
    0xcd, 0xdc, 0xed, 0xdc, 0x70, 0xe5, 0x6f, 0xe5, 0x4f, 0xe5, 0x4f, 0xe5,
    0x70, 0xe5, 0x6f, 0xe5, 0x4f, 0xe5, 0x2e, 0xe5, 0x4c, 0xc4, 0xea, 0xbb,
    0x4c, 0xcc, 0xad, 0xd4, 0x0c, 0xb4, 0x09, 0x8b, 0xc8, 0x8a, 0x87, 0x7a,
    0xa8, 0x82, 0xa8, 0x82, 0x6c, 0x93, 0xad, 0x93, 0x8c, 0x93, 0x4b, 0x8b,
    0x0a, 0x83, 0x2a, 0x83, 0x0a, 0x83, 0x0a, 0x83, 0x0a, 0x83, 0x2b, 0x83,
    0xea, 0x7a, 0xea, 0x7a, 0x88, 0x6a, 0xa9, 0x72, 0xa9, 0x72, 0xea, 0x7a,
    0xa9, 0x72, 0xe6, 0x59, 0xe5, 0x59, 0x64, 0x49, 0x23, 0x39, 0x03, 0x31,
    0xa5, 0x49, 0xa5, 0x49, 0xc5, 0x59, 0x47, 0x6a, 0x48, 0x62, 0x68, 0x62,
    0x68, 0x62, 0x27, 0x5a, 0xe6, 0x51, 0x06, 0x52, 0x06, 0x5a, 0x06, 0x5a,
    0x06, 0x52, 0xe6, 0x51, 0x07, 0x52, 0xc6, 0x49, 0xe7, 0x49, 0xe7, 0x49,
    0xc7, 0x41, 0xa6, 0x41, 0xe7, 0x49, 0x65, 0x39, 0x45, 0x31, 0x03, 0x29,
    0x24, 0x31, 0x23, 0x29, 0x65, 0x39, 0x03, 0x29, 0x44, 0x31, 0x65, 0x39,
    0x44, 0x31, 0xe3, 0x20, 0x24, 0x29, 0x65, 0x39, 0x65, 0x39, 0xa5, 0x41,
    0xa5, 0x41, 0xc5, 0x49, 0xa5, 0x41, 0xa5, 0x49, 0xe6, 0x51, 0x44, 0x39,
    0xe5, 0x51, 0x84, 0x41, 0x84, 0x41, 0xa4, 0x49, 0x05, 0x5a, 0xe5, 0x51,
    0xc5, 0x49, 0x64, 0x39, 0xa4, 0x49, 0x84, 0x41, 0x43, 0x39, 0x23, 0x31,
    0x81, 0x10, 0xc2, 0x20, 0xe3, 0x20, 0xe3, 0x28, 0x03, 0x29, 0x03, 0x29,
    0xc2, 0x20, 0xe3, 0x20, 0xc2, 0x20, 0xa1, 0x18, 0xa1, 0x18, 0x81, 0x10,
    0xc2, 0x18, 0x03, 0x29, 0x24, 0x29, 0x44, 0x31, 0x02, 0x31, 0xc2, 0x20,
    0x81, 0x18, 0xc2, 0x20, 0x03, 0x29, 0x23, 0x29, 0x23, 0x29, 0x03, 0x21,
    0x23, 0x29, 0x64, 0x29, 0x64, 0x31, 0x63, 0x31, 0x02, 0x21, 0x23, 0x29,
    0xe2, 0x20, 0xc2, 0x20, 0xe2, 0x20, 0x43, 0x39, 0x23, 0x31, 0x43, 0x31,
    0x02, 0x29, 0x02, 0x21, 0x02, 0x29, 0xe2, 0x28, 0xc2, 0x20, 0xc2, 0x20,
    0x02, 0x29, 0x02, 0x29, 0x02, 0x31, 0x02, 0x31, 0x02, 0x31, 0x02, 0x39,
    0xe2, 0x28, 0xa4, 0x51, 0x63, 0x49, 0xe3, 0x69, 0x02, 0x39, 0x02, 0x39,
    0x22, 0x41, 0xe3, 0x30, 0x43, 0x39, 0xe2, 0x30, 0x02, 0x41, 0x42, 0x49,
    0x02, 0x39, 0x02, 0x39, 0x43, 0x41, 0x43, 0x39, 0x63, 0x49, 0x83, 0x49,
    0xe2, 0x30, 0x22, 0x39, 0x42, 0x49, 0x23, 0x39, 0x43, 0x41, 0x43, 0x49,
    0x43, 0x41, 0xe4, 0x61, 0xa5, 0x92, 0xe4, 0x69, 0x43, 0x49, 0x22, 0x41,
    0xa3, 0x59, 0xc3, 0x69, 0x03, 0x72, 0xc2, 0x61, 0x03, 0x6a, 0xe5, 0x92,
    0xa2, 0x92, 0x83, 0x8a, 0x63, 0x7a, 0xc3, 0x61, 0x24, 0x82, 0x64, 0x8a,
    0xc4, 0xa2, 0x82, 0x9a, 0xa2, 0xa2, 0xc2, 0xaa, 0x83, 0xcb, 0x05, 0xdc,
    0x88, 0xe4, 0x49, 0xd4, 0xa8, 0xbb, 0x89, 0xb3, 0xc7, 0x92, 0x86, 0x8a,
    0x66, 0x82, 0xe7, 0x9a, 0xa8, 0xbb, 0x27, 0xab, 0x85, 0x92, 0x26, 0xab,
    0x46, 0xb3, 0x86, 0x8a, 0xc4, 0x61, 0xc4, 0x61, 0xc4, 0x69, 0xc4, 0x61,
    0xe5, 0x69, 0xe5, 0x61, 0xe4, 0x61, 0xc6, 0x92, 0xa5, 0x92, 0x65, 0x82,
    0x26, 0xab, 0xe6, 0xa2, 0x48, 0xab, 0x68, 0xbb, 0x0a, 0xcc, 0xe9, 0xcb,
    0x2a, 0xcc, 0x2a, 0xc4, 0xe9, 0xc3, 0x09, 0xc4, 0x2a, 0xcc, 0xed, 0xdc,
    0xcd, 0xdc, 0x6f, 0xed, 0x0d, 0xdd, 0xad, 0xd4, 0xad, 0xd4, 0x6c, 0xc4,
    0xeb, 0xb3, 0xeb, 0xb3, 0xee, 0xdc, 0xee, 0xdc, 0x4f, 0xe5, 0x2e, 0xe5,
    0xad, 0xdc, 0x6c, 0xcc, 0x6c, 0xcc, 0xcc, 0xab, 0x2a, 0x8b, 0x2a, 0x8b,
    0x0a, 0x83, 0xea, 0x82, 0x4b, 0x8b, 0x6b, 0x93, 0x0a, 0x83, 0x4b, 0x8b,
    0x8c, 0x93, 0x4a, 0x93, 0x8b, 0xa3, 0x09, 0x83, 0x2a, 0x8b, 0x2a, 0x8b,
    0x0a, 0x83, 0x0a, 0x83, 0x4b, 0x8b, 0x0a, 0x83, 0xca, 0x7a, 0x89, 0x6a,
    0x28, 0x62, 0x28, 0x5a, 0x89, 0x6a, 0x68, 0x62, 0x68, 0x6a, 0x27, 0x62,
    0xe6, 0x59, 0x47, 0x62, 0x06, 0x5a, 0x27, 0x5a, 0x47, 0x6a, 0x88, 0x6a,
    0x48, 0x5a, 0x48, 0x62, 0x68, 0x62, 0xe6, 0x51, 0xa5, 0x49, 0xc5, 0x51,
    0xc5, 0x51, 0xa5, 0x49, 0xa5, 0x49, 0xa5, 0x49, 0x85, 0x41, 0xa5, 0x41,
    0xe6, 0x49, 0xc6, 0x41, 0xa6, 0x39, 0x29, 0x4a, 0xe7, 0x41, 0x65, 0x39,
    0x85, 0x39, 0x65, 0x31, 0xa6, 0x41, 0x65, 0x39, 0x45, 0x31, 0x24, 0x31,
    0x24, 0x29, 0xc6, 0x41, 0x44, 0x31, 0x44, 0x31, 0x44, 0x31, 0x44, 0x31,
    0x44, 0x31, 0xc6, 0x49, 0xc6, 0x49, 0xe5, 0x51, 0x44, 0x31, 0x64, 0x41,
    0xa5, 0x49, 0x64, 0x39, 0x84, 0x41, 0xc4, 0x51, 0x84, 0x41, 0xa4, 0x49,
    0xe5, 0x59, 0x05, 0x5a, 0xa4, 0x49, 0x43, 0x39, 0xa4, 0x49, 0x43, 0x39,
    0x63, 0x39, 0x43, 0x39, 0xe3, 0x28, 0xc2, 0x20, 0xe3, 0x20, 0xe3, 0x20,
    0xe3, 0x20, 0xc2, 0x20, 0xe3, 0x20, 0xc2, 0x20, 0xa2, 0x18, 0xc2, 0x20,
    0xc2, 0x20, 0x03, 0x29, 0xc2, 0x20, 0xa2, 0x18, 0xa2, 0x18, 0xe3, 0x28,
    0x03, 0x31, 0xe2, 0x28, 0xe3, 0x28, 0x23, 0x31, 0x23, 0x31, 0x23, 0x29,
    0x03, 0x29, 0x03, 0x29, 0x23, 0x29, 0x23, 0x29, 0x23, 0x29, 0xe2, 0x20,
    0xc2, 0x18, 0xc2, 0x18, 0xe2, 0x20, 0xa1, 0x10, 0xe2, 0x20, 0xe2, 0x20,
    0xe2, 0x20, 0x22, 0x29, 0x43, 0x31, 0xe2, 0x20, 0x02, 0x29, 0x22, 0x29,
    0x02, 0x29, 0xe2, 0x28, 0x02, 0x29, 0x22, 0x31, 0x23, 0x31, 0x02, 0x31,
    0x23, 0x39, 0x23, 0x31, 0x03, 0x31, 0xa3, 0x51, 0x63, 0x49, 0xa3, 0x61,
    0xe2, 0x30, 0x22, 0x41, 0xe2, 0x30, 0xa2, 0x20, 0x03, 0x31, 0x43, 0x39,
    0xe2, 0x30, 0xe2, 0x30, 0x02, 0x31, 0x02, 0x31, 0x02, 0x31, 0x43, 0x39,
    0xa3, 0x51, 0x02, 0x39, 0x02, 0x39, 0x23, 0x39, 0x23, 0x39, 0x23, 0x39,
    0x22, 0x39, 0x22, 0x39, 0x62, 0x51, 0xc2, 0x61, 0x24, 0x72, 0xc4, 0x61,
    0x45, 0x7a, 0x83, 0x59, 0x83, 0x59, 0xe4, 0x69, 0xa3, 0x59, 0xa3, 0x59,
    0x24, 0x7a, 0x65, 0x82, 0x43, 0x82, 0x43, 0x7a, 0x44, 0x7a, 0x24, 0x72,
    0xa3, 0x69, 0xa3, 0x61, 0x62, 0x59, 0x82, 0x61, 0x23, 0x8a, 0x42, 0x92,
    0x83, 0xcb, 0x84, 0xcb, 0xc5, 0xd3, 0x07, 0xd4, 0xe8, 0xcb, 0x09, 0xcc,
    0x4b, 0xcc, 0x0a, 0xc4, 0x68, 0xb3, 0xe8, 0xcb, 0xc8, 0xc3, 0x88, 0xbb,
    0x67, 0xb3, 0xa5, 0x92, 0x04, 0x72, 0x83, 0x59, 0x63, 0x51, 0xa3, 0x61,
    0xa4, 0x61, 0xe4, 0x69, 0x25, 0x72, 0xe5, 0x61, 0x46, 0x72, 0x84, 0x51,
    0xe4, 0x69, 0x87, 0xbb, 0x29, 0xd4, 0x67, 0xb3, 0xa6, 0x92, 0x27, 0xa3,
    0xa8, 0xc3, 0xc8, 0xc3, 0xe9, 0xc3, 0xcc, 0xe4, 0xec, 0xe4, 0xcc, 0xdc,
    0x0d, 0xe5, 0x2e, 0xe5, 0x0e, 0xe5, 0x6f, 0xed, 0x8f, 0xed, 0xb0, 0xed,
    0x90, 0xed, 0x2f, 0xe5, 0xee, 0xd4, 0xad, 0xd4, 0xad, 0xd4, 0x2c, 0xc4,
    0xeb, 0xbb, 0xaa, 0xab, 0x0b, 0xbc, 0x0b, 0xbc, 0x4c, 0xc4, 0xac, 0xa3,
    0x6b, 0x93, 0x6c, 0x93, 0x0a, 0x83, 0x0a, 0x83, 0x0a, 0x83, 0x0a, 0x83,
    0x0a, 0x83, 0x8b, 0x9b, 0x4a, 0x93, 0xcc, 0xa3, 0x6b, 0x93, 0x2a, 0x8b,
    0x09, 0x8b, 0x2a, 0x8b, 0xe9, 0x7a, 0xc9, 0x7a, 0x4b, 0x8b, 0xea, 0x82,
    0x2a, 0x8b, 0x2b, 0x83, 0x0b, 0x7b, 0xaa, 0x6a, 0xa9, 0x6a, 0x69, 0x62,
    0x69, 0x62, 0x07, 0x5a, 0x28, 0x5a, 0x28, 0x5a, 0x49, 0x5a, 0x07, 0x52,
    0x08, 0x52, 0xc7, 0x49, 0x85, 0x39, 0xe6, 0x49, 0x27, 0x5a, 0xe6, 0x51,
    0xa5, 0x49, 0xe6, 0x59, 0xa5, 0x49, 0xe5, 0x59, 0x06, 0x5a, 0x06, 0x5a,
    0x06, 0x5a, 0xe6, 0x51, 0x07, 0x52, 0xc6, 0x49, 0x28, 0x4a, 0xa6, 0x39,
    0x45, 0x31, 0x08, 0x4a, 0x08, 0x4a, 0xa6, 0x41, 0x45, 0x31, 0x24, 0x29,
    0x65, 0x31, 0x65, 0x39, 0xa6, 0x41, 0xa6, 0x41, 0x85, 0x39, 0xc7, 0x41,
    0xe8, 0x49, 0x85, 0x39, 0xa6, 0x41, 0xc6, 0x49, 0x64, 0x41, 0xa4, 0x49,
    0x84, 0x49, 0x84, 0x41, 0xc5, 0x49, 0x84, 0x41, 0x43, 0x39, 0x84, 0x41,
    0x84, 0x49, 0xa4, 0x49, 0xe5, 0x59, 0xc5, 0x51, 0x84, 0x41, 0xa4, 0x49,
    0xa4, 0x49, 0x23, 0x31, 0x64, 0x39, 0x23, 0x31, 0xe3, 0x28, 0x24, 0x31,
    0x03, 0x29, 0xe3, 0x20, 0x03, 0x29, 0xe3, 0x28, 0xc3, 0x20, 0xc2, 0x20,
    0xc2, 0x20, 0xc2, 0x20, 0x03, 0x29, 0xc2, 0x20, 0xc2, 0x18, 0xc2, 0x20,
    0x81, 0x18, 0xa1, 0x18, 0x23, 0x31, 0x64, 0x41, 0xa5, 0x49, 0x64, 0x39,
    0x43, 0x31, 0x23, 0x29, 0x02, 0x21, 0xc2, 0x18, 0x03, 0x21, 0xe3, 0x20,
    0xc2, 0x18, 0xe2, 0x20, 0xe2, 0x20, 0x02, 0x21, 0x23, 0x29, 0xe2, 0x20,
    0x02, 0x21, 0x02, 0x21, 0xc2, 0x20, 0x02, 0x29, 0x63, 0x39, 0x43, 0x39,
    0x02, 0x29, 0x02, 0x29, 0xe2, 0x28, 0xe2, 0x28, 0x02, 0x29, 0x23, 0x31,
    0xc2, 0x28, 0x02, 0x31, 0x63, 0x51, 0xe2, 0x28, 0x02, 0x31, 0xa3, 0x59,
    0xc3, 0x61, 0x83, 0x59, 0x42, 0x41, 0x02, 0x39, 0xe2, 0x30, 0xc2, 0x28,
    0xc1, 0x28, 0x23, 0x39, 0x23, 0x31, 0xc2, 0x28, 0xe2, 0x30, 0x43, 0x49,
    0x22, 0x41, 0x22, 0x39, 0xc2, 0x28, 0xc2, 0x28, 0x23, 0x39, 0x02, 0x31,
    0xe2, 0x30, 0xe2, 0x30, 0x02, 0x39, 0xe2, 0x38, 0x62, 0x49, 0xe3, 0x69,
    0x24, 0x72, 0xa4, 0x59, 0x65, 0x82, 0x05, 0x72, 0xe4, 0x69, 0xa4, 0x61,
    0xa4, 0x59, 0xe4, 0x61, 0xa4, 0x59, 0xc4, 0x59, 0x03, 0x72, 0x82, 0x59,
    0xc3, 0x61, 0x25, 0x7a, 0xc3, 0x61, 0x83, 0x59, 0xe4, 0x69, 0x24, 0x7a,
    0xa4, 0x9a, 0xa4, 0x9a, 0x04, 0xb3, 0x64, 0xc3, 0x45, 0xbb, 0x26, 0xb3,
    0xc5, 0x9a, 0x26, 0xab, 0x47, 0xab, 0xc6, 0x9a, 0x07, 0xa3, 0x48, 0xab,
    0x48, 0xa3, 0x08, 0x9b, 0x66, 0x82, 0xe4, 0x69, 0xc4, 0x61, 0xc4, 0x61,
    0x25, 0x72, 0x05, 0x72, 0x05, 0x72, 0x05, 0x72, 0x05, 0x6a, 0x05, 0x6a,
    0x26, 0x72, 0x05, 0x72, 0xc7, 0x92, 0xc6, 0x92, 0x67, 0xab, 0x09, 0xc4,
    0x08, 0xcc, 0xe8, 0xcb, 0x47, 0xab, 0x29, 0xd4, 0x4a, 0xcc, 0xac, 0xdc,
    0xac, 0xd4, 0x6f, 0xed, 0x2e, 0xe5, 0x6f, 0xed, 0x6b, 0xcc, 0x8c, 0xd4,
    0xed, 0xdc, 0x8c, 0xcc, 0x6f, 0xed, 0xb0, 0xed, 0x4e, 0xe5, 0xed, 0xdc,
    0x2e, 0xe5, 0xcd, 0xdc, 0x6c, 0xcc, 0xeb, 0xb3, 0xcb, 0xb3, 0x4b, 0xc4,
    0x8c, 0xcc, 0xcb, 0xab, 0x6b, 0x9b, 0x8b, 0x9b, 0xed, 0xab, 0xac, 0x9b,
    0x8b, 0x93, 0x6b, 0x93, 0x2a, 0x8b, 0x2a, 0x93, 0x8b, 0x9b, 0x0b, 0x83,
    0xc9, 0x72, 0xa9, 0x72, 0xa8, 0x72, 0xe9, 0x82, 0x6b, 0x93, 0x8b, 0x9b,
    0x0a, 0x83, 0xea, 0x82, 0xc9, 0x7a, 0xc9, 0x72, 0x89, 0x6a, 0x68, 0x62,
    0x89, 0x62, 0x89, 0x62, 0x89, 0x62, 0x28, 0x5a, 0x28, 0x5a, 0xe7, 0x51,
    0xa6, 0x49, 0xe7, 0x49, 0xc7, 0x41, 0xe7, 0x49, 0x07, 0x52, 0x07, 0x5a,
    0x06, 0x5a, 0xe6, 0x59, 0xe6, 0x59, 0xe5, 0x59, 0x06, 0x62, 0x06, 0x62,
    0x26, 0x62, 0xc5, 0x51, 0x06, 0x5a, 0x85, 0x49, 0xc5, 0x51, 0x44, 0x39,
    0xc6, 0x49, 0xe7, 0x49, 0x29, 0x52, 0x69, 0x52, 0x49, 0x52, 0x07, 0x52,
    0x69, 0x5a, 0x69, 0x5a, 0xab, 0x5a, 0x08, 0x42, 0x45, 0x31, 0x24, 0x29,
    0x24, 0x31, 0x44, 0x31, 0x65, 0x39, 0x45, 0x31, 0x85, 0x41, 0xc6, 0x49,
    0xa6, 0x49, 0x64, 0x41, 0x84, 0x41, 0x64, 0x41, 0x64, 0x41, 0x84, 0x41,
    0x84, 0x49, 0xa4, 0x51, 0xc4, 0x51, 0x84, 0x49, 0xc4, 0x51, 0xa4, 0x49,
    0x84, 0x49, 0x63, 0x41, 0x63, 0x41, 0x23, 0x31, 0x43, 0x39, 0x23, 0x31,
    0xe3, 0x28, 0x03, 0x29, 0xe3, 0x28, 0xe3, 0x20, 0x24, 0x31, 0xe3, 0x28,
    0xe3, 0x28, 0x03, 0x29, 0x03, 0x29, 0xe3, 0x20, 0xc2, 0x20, 0xc2, 0x20,
    0xc2, 0x20, 0xc2, 0x20, 0xe3, 0x20, 0x81, 0x18, 0x64, 0x39, 0x85, 0x41,
    0x44, 0x31, 0x23, 0x29, 0x03, 0x29, 0x03, 0x29, 0x23, 0x29, 0x03, 0x21,
    0xe2, 0x20, 0xe2, 0x20, 0x02, 0x21, 0xe2, 0x20, 0x02, 0x21, 0xc2, 0x18,
    0xc2, 0x18, 0xa2, 0x18, 0xc1, 0x18, 0xe2, 0x20, 0x23, 0x29, 0xe2, 0x20,
    0x23, 0x29, 0x43, 0x39, 0x83, 0x41, 0x43, 0x31, 0xe2, 0x28, 0x43, 0x39,
    0x23, 0x39, 0x23, 0x31, 0x63, 0x49, 0xe2, 0x30, 0xc3, 0x61, 0x23, 0x39,
    0x43, 0x39, 0x63, 0x49, 0xe4, 0x69, 0x02, 0x39, 0x42, 0x41, 0xe2, 0x30,
    0xc2, 0x28, 0xe2, 0x30, 0xa3, 0x69, 0xc2, 0x28, 0x23, 0x39, 0x44, 0x41,
    0xc1, 0x28, 0x02, 0x39, 0x42, 0x49, 0x42, 0x41, 0xe2, 0x28, 0x81, 0x18,
    0xa1, 0x20, 0xc1, 0x28, 0xc1, 0x28, 0xc2, 0x30, 0xe2, 0x30, 0x43, 0x49,
    0x42, 0x49, 0xa2, 0x61, 0xa3, 0x59, 0xc5, 0x59, 0x04, 0x72, 0x05, 0x62,
    0x24, 0x7a, 0x04, 0x72, 0xc4, 0x61, 0x04, 0x72, 0x45, 0x82, 0x05, 0x72,
    0xc5, 0x92, 0x44, 0x82, 0x04, 0x72, 0x64, 0x82, 0x44, 0x82, 0x45, 0x7a,
    0xa6, 0x8a, 0x65, 0x8a, 0xc5, 0x9a, 0x25, 0xb3, 0x66, 0xbb, 0x28, 0xd4,
    0xe6, 0xa2, 0xa6, 0x92, 0x09, 0xcc, 0x68, 0xab, 0x05, 0x7a, 0x86, 0x8a,
    0xc7, 0x8a, 0x46, 0x72, 0x26, 0x72, 0xe5, 0x61, 0x05, 0x6a, 0x26, 0x72,
    0x46, 0x72, 0x66, 0x7a, 0x66, 0x7a, 0x46, 0x7a, 0x26, 0x72, 0x26, 0x72,
    0x67, 0x72, 0xe7, 0x92, 0x07, 0xa3, 0x07, 0x9b, 0xe7, 0x92, 0xe8, 0x92,
    0x08, 0x9b, 0xc8, 0xc3, 0x29, 0xcc, 0x2a, 0xcc, 0xe9, 0xc3, 0x6a, 0xdc,
    0x8b, 0xd4, 0x0d, 0xe5, 0x8b, 0xd4, 0xcc, 0xd4, 0x2e, 0xe5, 0x6f, 0xed,
    0x2e, 0xe5, 0xad, 0xd4, 0xee, 0xdc, 0x0e, 0xdd, 0x2f, 0xdd, 0x0e, 0xdd,
    0x6f, 0xed, 0x90, 0xed, 0x4f, 0xe5, 0x6f, 0xed, 0x0e, 0xe5, 0x2c, 0xbc,
    0xcb, 0xab, 0xca, 0xab, 0x0b, 0xbc, 0x2b, 0xc4, 0x4c, 0xcc, 0xcb, 0xab,
    0x6b, 0x93, 0x2a, 0x83, 0xc9, 0x7a, 0x0a, 0x83, 0x4a, 0x93, 0x4a, 0x93,
    0xea, 0x7a, 0xea, 0x7a, 0xca, 0x7a, 0x0a, 0x83, 0x2a, 0x83, 0x0a, 0x83,
    0x4b, 0x93, 0xc9, 0x7a, 0x47, 0x6a, 0xc9, 0x7a, 0x0a, 0x7b, 0x0a, 0x7b,
    0x0b, 0x7b, 0x2b, 0x7b, 0xeb, 0x72, 0xea, 0x72, 0xca, 0x6a, 0xeb, 0x72,
    0xaa, 0x6a, 0x69, 0x5a, 0x08, 0x52, 0x69, 0x5a, 0x28, 0x52, 0x27, 0x5a,
    0x48, 0x62, 0xe6, 0x51, 0x84, 0x41, 0xe6, 0x51, 0x26, 0x62, 0xc5, 0x51,
    0x05, 0x62, 0x05, 0x5a, 0xe5, 0x59, 0x26, 0x62, 0x05, 0x62, 0x26, 0x62,
    0xc5, 0x51, 0xa5, 0x49, 0x85, 0x41, 0x03, 0x31, 0xe3, 0x28, 0x24, 0x31,
    0x65, 0x39, 0x45, 0x39, 0xc6, 0x51, 0x28, 0x5a, 0x28, 0x5a, 0xe7, 0x49,
    0x45, 0x31, 0x65, 0x39, 0x65, 0x39, 0x85, 0x39, 0xc7, 0x41, 0x08, 0x4a,
    0x85, 0x41, 0x65, 0x41, 0xa5, 0x49, 0xc5, 0x51, 0x85, 0x49, 0x64, 0x41,
    0x43, 0x39, 0x43, 0x39, 0x63, 0x41, 0x43, 0x41, 0x84, 0x49, 0xa4, 0x51,
    0x84, 0x49, 0x63, 0x41, 0xa4, 0x49, 0x63, 0x41, 0x23, 0x31, 0x43, 0x39,
    0x64, 0x39, 0x64, 0x41, 0x23, 0x31, 0x03, 0x29, 0xe3, 0x20, 0x03, 0x29,
    0x04, 0x29, 0x03, 0x29, 0x24, 0x29, 0x03, 0x29, 0x03, 0x29, 0x03, 0x29,
    0xe3, 0x28, 0x03, 0x29, 0xc2, 0x20, 0xe3, 0x20, 0xe3, 0x28, 0xc2, 0x20,
    0x44, 0x31, 0x65, 0x39, 0x85, 0x41, 0x24, 0x31, 0x03, 0x31, 0x23, 0x31,
    0x03, 0x29, 0x64, 0x31, 0x23, 0x29, 0x23, 0x29, 0x02, 0x21, 0x02, 0x21,
    0xc2, 0x18, 0x81, 0x18, 0xa1, 0x18, 0x81, 0x18, 0x81, 0x18, 0xc2, 0x20,
    0xc2, 0x20, 0xe2, 0x20, 0x02, 0x29, 0x23, 0x31, 0x03, 0x29, 0x84, 0x39,
    0x84, 0x41, 0x84, 0x49, 0x23, 0x39, 0x43, 0x41, 0x23, 0x39, 0x02, 0x31,
    0x02, 0x31, 0xa4, 0x59, 0x63, 0x49, 0x63, 0x49, 0xe4, 0x61, 0x22, 0x39,
    0x43, 0x41, 0x02, 0x31, 0x02, 0x39, 0x43, 0x49, 0xe2, 0x38, 0xe2, 0x30,
    0xc2, 0x20, 0x23, 0x39, 0x05, 0x72, 0x83, 0x59, 0x02, 0x39, 0xe1, 0x30,
    0xa1, 0x20, 0xa1, 0x20, 0xa1, 0x28, 0xa1, 0x28, 0xc1, 0x30, 0x22, 0x49,
    0x02, 0x39, 0xe2, 0x28, 0x22, 0x41, 0xe1, 0x30, 0xc4, 0x61, 0xe4, 0x69,
    0x04, 0x72, 0xc4, 0x61, 0xc4, 0xa2, 0xa3, 0x9a, 0xa3, 0x61, 0xc3, 0x69,
    0x24, 0x7a, 0x05, 0x72, 0x65, 0x82, 0x67, 0xb3, 0xc5, 0x9a, 0xa4, 0x92,
    0xe4, 0x9a, 0x06, 0xab, 0xe6, 0x9a, 0x24, 0x7a, 0x45, 0x82, 0xe6, 0xa2,
    0x09, 0xcc, 0x68, 0xb3, 0xe7, 0x92, 0x26, 0x72, 0x28, 0xa3, 0x8a, 0xab,
    0xa8, 0x7a, 0x47, 0x6a, 0x87, 0x72, 0x47, 0x72, 0x06, 0x6a, 0x46, 0x72,
    0x67, 0x7a, 0x66, 0x7a, 0x46, 0x7a, 0x46, 0x72, 0x87, 0x7a, 0x67, 0x7a,
    0x87, 0x82, 0x87, 0x82, 0x28, 0x9b, 0x08, 0x93, 0x08, 0x9b, 0xc7, 0x8a,
    0x48, 0xab, 0x89, 0xb3, 0xe8, 0x92, 0x28, 0x9b, 0x08, 0x9b, 0x28, 0xa3,
    0xcc, 0xe4, 0x4a, 0xd4, 0xa8, 0xbb, 0xc8, 0xc3, 0xec, 0xe4, 0x6b, 0xcc,
    0xed, 0xdc, 0x0e, 0xdd, 0x70, 0xe5, 0x6f, 0xe5, 0x2e, 0xe5, 0xcd, 0xdc,
    0x8c, 0xd4, 0xcd, 0xd4, 0x4f, 0xe5, 0x90, 0xed, 0x2e, 0xe5, 0x0d, 0xe5,
    0x2e, 0xe5, 0xee, 0xdc, 0xad, 0xd4, 0x4c, 0xc4, 0x2c, 0xc4, 0x0c, 0xbc,
    0xec, 0xb3, 0xab, 0xa3, 0x8c, 0x9b, 0x4b, 0x93, 0x8b, 0x9b, 0xac, 0x9b,
    0x6b, 0x93, 0xe9, 0x7a, 0xea, 0x82, 0x4b, 0x8b, 0x2b, 0x83, 0x6b, 0x93,
    0x8c, 0x93, 0x4b, 0x8b, 0xea, 0x7a, 0xea, 0x7a, 0x0a, 0x7b, 0x8c, 0x8b,
    0x4b, 0x83, 0xea, 0x72, 0x0b, 0x7b, 0x2b, 0x7b, 0x6c, 0x83, 0x2b, 0x7b,
    0x89, 0x62, 0x48, 0x5a, 0x28, 0x52, 0x48, 0x5a, 0x69, 0x5a, 0x69, 0x62,
    0x07, 0x5a, 0x47, 0x62, 0x27, 0x62, 0xe6, 0x51, 0x06, 0x52, 0x68, 0x62,
    0x47, 0x62, 0x88, 0x6a, 0x06, 0x62, 0x47, 0x6a, 0x46, 0x6a, 0x46, 0x6a,
    0x46, 0x6a, 0x05, 0x62, 0x05, 0x5a, 0xc5, 0x49, 0x85, 0x41, 0x85, 0x41,
    0x85, 0x41, 0x44, 0x39, 0x65, 0x39, 0xc6, 0x41, 0x85, 0x41, 0xe6, 0x51,
    0xa5, 0x49, 0x85, 0x41, 0xe6, 0x51, 0xe7, 0x51, 0x44, 0x39, 0xa6, 0x41,
    0xe7, 0x49, 0xe7, 0x49, 0x85, 0x39, 0x24, 0x31, 0x65, 0x39, 0x44, 0x39,
    0x64, 0x41, 0x84, 0x49, 0x43, 0x39, 0x43, 0x39, 0x43, 0x39, 0x43, 0x41,
    0x23, 0x39, 0x63, 0x41, 0x43, 0x41, 0x63, 0x41, 0x63, 0x41, 0x23, 0x39,
    0x02, 0x31, 0x23, 0x31, 0x23, 0x31, 0x43, 0x31, 0x03, 0x29, 0x03, 0x29,
    0x03, 0x29, 0xe3, 0x20, 0xe3, 0x20, 0x03, 0x29, 0xe3, 0x20, 0x03, 0x29,
    0x03, 0x29, 0x03, 0x29, 0x03, 0x29, 0x03, 0x29, 0xe3, 0x28, 0xe3, 0x20,
    0xc2, 0x20, 0xe3, 0x28, 0x03, 0x31, 0xe3, 0x28, 0x03, 0x29, 0x04, 0x31,
    0x03, 0x29, 0x03, 0x29, 0xe2, 0x20, 0x23, 0x29, 0x03, 0x29, 0x23, 0x29,
    0xa1, 0x18, 0xc2, 0x20, 0xe2, 0x20, 0xc2, 0x20, 0xc2, 0x20, 0xe2, 0x28,
    0xc2, 0x20, 0xe2, 0x28, 0xe3, 0x28, 0x03, 0x31, 0x02, 0x29, 0x02, 0x29,
    0xa4, 0x41, 0x63, 0x41, 0xe3, 0x28, 0x03, 0x31, 0x23, 0x31, 0x84, 0x49,
    0xc4, 0x61, 0xc4, 0x59, 0x43, 0x41, 0xa4, 0x51, 0x63, 0x49, 0xa4, 0x51,
    0x45, 0x7a, 0xa4, 0x51, 0x43, 0x41, 0x63, 0x41, 0xa4, 0x51, 0x43, 0x49,
    0x43, 0x49, 0x23, 0x41, 0x22, 0x41, 0x62, 0x49, 0x23, 0x39, 0x43, 0x41,
    0xe2, 0x30, 0x02, 0x31, 0x02, 0x39, 0x23, 0x41, 0xe2, 0x38, 0xe1, 0x30,
    0x01, 0x41, 0x62, 0x51, 0x02, 0x39, 0xe2, 0x30, 0x02, 0x39, 0x42, 0x49,
    0x04, 0x72, 0x23, 0x82, 0x23, 0x7a, 0x85, 0x8a, 0xc3, 0x69, 0xe3, 0x71,
    0x24, 0x7a, 0x64, 0x8a, 0xc3, 0x71, 0xc6, 0x9a, 0x85, 0x8a, 0x44, 0x82,
    0x23, 0x7a, 0x64, 0x82, 0x04, 0x72, 0xc5, 0x92, 0xa6, 0xc3, 0x07, 0xd4,
    0xe6, 0xa2, 0x85, 0x92, 0x07, 0xa3, 0x0a, 0xc4, 0x69, 0xab, 0xa8, 0x7a,
    0x06, 0x62, 0x88, 0x7a, 0x88, 0x72, 0x47, 0x6a, 0x26, 0x6a, 0x47, 0x6a,
    0x67, 0x72, 0xa8, 0x82, 0x87, 0x7a, 0xa8, 0x7a, 0x87, 0x7a, 0xa8, 0x7a,
    0x87, 0x7a, 0x87, 0x7a, 0xa7, 0x8a, 0x67, 0x72, 0x66, 0x7a, 0xe8, 0x92,
    0x48, 0xab, 0x69, 0xa3, 0xe8, 0x92, 0xe9, 0xc3, 0x88, 0xb3, 0x4b, 0xcc,
    0xa9, 0xb3, 0x88, 0xbb, 0x87, 0x82, 0x46, 0x72, 0xc7, 0x92, 0xe9, 0xc3,
    0x0a, 0xcc, 0x2e, 0xe5, 0x0d, 0xe5, 0x0d, 0xe5, 0x4e, 0xed, 0x4f, 0xed,
    0x8c, 0xd4, 0x8c, 0xcc, 0xee, 0xdc, 0xcd, 0xdc, 0x6c, 0xcc, 0xee, 0xd4,
    0xae, 0xcc, 0x8e, 0xc4, 0x8e, 0xc4, 0x4c, 0xc4, 0x8d, 0xcc, 0xec, 0xab,
    0x8b, 0x9b, 0xec, 0xb3, 0x0c, 0xb4, 0xcc, 0xab, 0xcc, 0xab, 0x4c, 0xc4,
    0x4c, 0xc4, 0xcc, 0xab, 0x8b, 0x9b, 0x2a, 0x8b, 0x8b, 0xa3, 0xec, 0xa3,
    0x8c, 0x93, 0x0a, 0x83, 0x2a, 0x8b, 0x6c, 0x93, 0x6c, 0x8b, 0x8c, 0x8b,
    0xea, 0x72, 0xea, 0x7a, 0x0b, 0x7b, 0x2b, 0x83, 0x4c, 0x83, 0x6c, 0x83,
    0xea, 0x72, 0x0b, 0x73, 0x89, 0x62, 0x48, 0x5a, 0x89, 0x62, 0xeb, 0x72,
    0xea, 0x72, 0xeb, 0x72, 0x48, 0x5a, 0xaa, 0x6a, 0xca, 0x6a, 0xaa, 0x6a,
    0xca, 0x6a, 0x27, 0x5a, 0x47, 0x62, 0x88, 0x6a, 0x88, 0x72, 0x67, 0x6a,
    0x26, 0x6a, 0x05, 0x62, 0xe5, 0x59, 0xa4, 0x51, 0xe5, 0x59, 0xc5, 0x51,
    0xc5, 0x51, 0xe6, 0x51, 0xe7, 0x51, 0xc6, 0x49, 0x85, 0x49, 0xe6, 0x51,
    0x27, 0x52, 0x44, 0x39, 0x64, 0x39, 0x85, 0x49, 0xc6, 0x51, 0xc6, 0x51,
    0xc6, 0x49, 0xe7, 0x49, 0x86, 0x41, 0x86, 0x41, 0xc6, 0x41, 0x65, 0x31,
    0x04, 0x29, 0x03, 0x29, 0x65, 0x41, 0x44, 0x39, 0x44, 0x39, 0x43, 0x39,
    0x44, 0x41, 0x23, 0x31, 0x23, 0x39, 0x43, 0x39, 0x23, 0x39, 0x23, 0x39,
    0x03, 0x31, 0x23, 0x39, 0x43, 0x39, 0x23, 0x31, 0x23, 0x31, 0x43, 0x39,
    0x03, 0x29, 0x24, 0x31, 0x64, 0x31, 0x65, 0x39, 0x44, 0x31, 0x24, 0x29,
    0xe3, 0x20, 0x03, 0x29, 0x44, 0x31, 0x44, 0x31, 0x24, 0x31, 0x24, 0x31,
    0x65, 0x31, 0x03, 0x29, 0x03, 0x29, 0xe3, 0x28, 0xe3, 0x28, 0x24, 0x29,
    0x65, 0x39, 0x85, 0x41, 0x84, 0x39, 0x64, 0x41, 0x43, 0x41, 0x23, 0x31,
    0x03, 0x29, 0x03, 0x29, 0xe2, 0x28, 0x03, 0x29, 0x23, 0x31, 0x44, 0x39,
    0x64, 0x41, 0xc4, 0x59, 0x23, 0x39, 0x02, 0x31, 0xc2, 0x20, 0xe2, 0x28,
    0xe2, 0x28, 0x43, 0x39, 0x23, 0x31, 0x23, 0x31, 0x03, 0x31, 0x03, 0x31,
    0x23, 0x39, 0x23, 0x31, 0x03, 0x31, 0x23, 0x39, 0xe4, 0x61, 0x05, 0x6a,
    0x63, 0x41, 0xa4, 0x59, 0x65, 0x82, 0xa4, 0x51, 0x84, 0x49, 0xc4, 0x59,
    0x84, 0x51, 0x43, 0x41, 0x43, 0x41, 0x43, 0x41, 0x43, 0x41, 0x43, 0x41,
    0xe2, 0x30, 0x03, 0x31, 0x64, 0x41, 0x64, 0x41, 0x02, 0x31, 0x02, 0x31,
    0x43, 0x49, 0x62, 0x51, 0x42, 0x51, 0x02, 0x41, 0xc1, 0x30, 0xc1, 0x30,
    0x02, 0x41, 0x42, 0x49, 0xa4, 0x61, 0xa3, 0x61, 0xe4, 0x61, 0xc7, 0x92,
    0x65, 0x82, 0xe4, 0x69, 0x64, 0x8a, 0x24, 0x7a, 0x03, 0x7a, 0xe3, 0x71,
    0x24, 0x7a, 0x44, 0x82, 0x04, 0xa3, 0xc4, 0x9a, 0x26, 0xa3, 0x46, 0xab,
    0x26, 0xab, 0x67, 0xab, 0x87, 0xb3, 0x88, 0xb3, 0x48, 0xa3, 0x6a, 0xa3,
    0x2a, 0x93, 0x2a, 0x8b, 0xc9, 0x7a, 0xa8, 0x72, 0xa8, 0x7a, 0xa8, 0x7a,
    0x67, 0x72, 0x46, 0x72, 0x87, 0x7a, 0xc8, 0x82, 0xa8, 0x82, 0xa8, 0x82,
    0xc8, 0x82, 0xe9, 0x8a, 0x09, 0x93, 0x69, 0xa3, 0xc8, 0x8a, 0x87, 0x7a,
    0x87, 0x7a, 0x87, 0x7a, 0x87, 0x7a, 0x08, 0x93, 0x69, 0xab, 0x89, 0xab,
    0xc9, 0xbb, 0xea, 0xc3, 0xa9, 0xbb, 0x68, 0xb3, 0x09, 0xc4, 0xca, 0xb3,
    0x69, 0xa3, 0x8a, 0xab, 0xea, 0xbb, 0xcc, 0xdc, 0xec, 0xdc, 0xac, 0xdc,
    0xed, 0xdc, 0x6f, 0xed, 0x2e, 0xe5, 0x4c, 0xc4, 0xab, 0xab, 0xeb, 0xb3,
    0x4a, 0x9b, 0x6b, 0x9b, 0x4a, 0x93, 0x8b, 0x9b, 0x6d, 0xc4, 0xad, 0xd4,
    0x6b, 0x9b, 0x0a, 0x83, 0x88, 0x72, 0xc9, 0x7a, 0x8b, 0x93, 0xec, 0xb3,
    0x4c, 0xc4, 0x4c, 0xc4, 0x2a, 0x8b, 0x0a, 0x83, 0x2a, 0x8b, 0x2a, 0x93,
    0x8b, 0xa3, 0x6b, 0x93, 0x6b, 0x93, 0x4b, 0x8b, 0x2b, 0x83, 0x2b, 0x83,
    0x4b, 0x8b, 0xad, 0x93, 0x6c, 0x8b, 0x2b, 0x83, 0xad, 0x8b, 0x6c, 0x8b,
    0x6c, 0x83, 0x2b, 0x83, 0x0b, 0x7b, 0xa9, 0x6a, 0x27, 0x5a, 0x89, 0x62,
    0xa9, 0x72, 0x89, 0x6a, 0x48, 0x62, 0x89, 0x62, 0xca, 0x6a, 0xca, 0x6a,
    0xa9, 0x6a, 0x89, 0x62, 0x48, 0x5a, 0x68, 0x62, 0x88, 0x6a, 0x87, 0x72,
    0x26, 0x62, 0x05, 0x62, 0x05, 0x62, 0xc4, 0x51, 0x84, 0x49, 0x84, 0x49,
    0x84, 0x49, 0xa4, 0x49, 0xe6, 0x59, 0x07, 0x5a, 0xe6, 0x49, 0x07, 0x52,
    0x07, 0x52, 0xca, 0x6a, 0x27, 0x52, 0xe6, 0x49, 0xe6, 0x51, 0x85, 0x41,
    0x44, 0x41, 0xa5, 0x49, 0x07, 0x52, 0x07, 0x52, 0x85, 0x41, 0x85, 0x41,
    0xa6, 0x41, 0x44, 0x31, 0x44, 0x31, 0x24, 0x31, 0x85, 0x41, 0x03, 0x29,
    0x44, 0x31, 0x03, 0x31, 0x03, 0x31, 0x03, 0x31, 0x03, 0x31, 0x03, 0x31,
    0xe2, 0x28, 0xe2, 0x30, 0x23, 0x31, 0x03, 0x31, 0x23, 0x31, 0x02, 0x29,
    0x43, 0x39, 0x64, 0x41, 0x23, 0x31, 0xe3, 0x20, 0x24, 0x29, 0x24, 0x31,
    0x44, 0x31, 0x65, 0x31, 0x24, 0x29, 0xe3, 0x20, 0xc3, 0x20, 0xe3, 0x28,
    0x24, 0x31, 0x03, 0x29, 0x65, 0x39, 0x85, 0x39, 0x64, 0x39, 0x03, 0x31,
    0xc6, 0x49, 0x07, 0x5a, 0x27, 0x5a, 0x47, 0x62, 0x27, 0x62, 0x66, 0x72,
    0x86, 0x82, 0x26, 0x62, 0x26, 0x62, 0x66, 0x72, 0x06, 0x5a, 0xe6, 0x51,
    0xe6, 0x51, 0x06, 0x5a, 0x26, 0x62, 0x26, 0x6a, 0x46, 0x72, 0x25, 0x72,
    0x84, 0x49, 0xa4, 0x49, 0xa4, 0x49, 0xe5, 0x59, 0x64, 0x41, 0x64, 0x41,
    0x64, 0x41, 0xc5, 0x51, 0xa5, 0x51, 0x84, 0x49, 0x64, 0x41, 0x64, 0x41,
    0x43, 0x41, 0x84, 0x51, 0xe4, 0x61, 0xa4, 0x59, 0x24, 0x7a, 0x63, 0x49,
    0xc4, 0x59, 0x84, 0x49, 0x63, 0x49, 0x63, 0x41, 0x43, 0x41, 0x64, 0x41,
    0x64, 0x41, 0x64, 0x41, 0x64, 0x41, 0x64, 0x49, 0x43, 0x41, 0x64, 0x49,
    0x83, 0x51, 0x23, 0x41, 0x43, 0x41, 0xe2, 0x38, 0x63, 0x59, 0xe2, 0x30,
    0x22, 0x49, 0x63, 0x59, 0xe3, 0x79, 0x42, 0x51, 0x64, 0x49, 0xa4, 0x59,
    0xe5, 0x61, 0xc4, 0x61, 0x84, 0x92, 0x84, 0x92, 0x03, 0x7a, 0x23, 0x82,
    0x63, 0x92, 0x44, 0x82, 0x64, 0x8a, 0x64, 0x8a, 0x66, 0xb3, 0xa5, 0x92,
    0xa7, 0xbb, 0x06, 0x9b, 0x25, 0x72, 0x25, 0x72, 0xa7, 0x8a, 0x28, 0xa3,
    0x29, 0x9b, 0x09, 0x8b, 0xc8, 0x82, 0x6b, 0x93, 0x4b, 0x8b, 0xe9, 0x82,
    0xe9, 0x82, 0xe9, 0x82, 0xc8, 0x82, 0xa7, 0x7a, 0xa8, 0x82, 0x87, 0x7a,
    0x87, 0x82, 0x08, 0x93, 0x28, 0x9b, 0xaa, 0xab, 0xaa, 0xab, 0x29, 0x9b,
    0xe8, 0x8a, 0x88, 0x7a, 0x8a, 0xa3, 0x09, 0x9b, 0xea, 0xbb, 0x2b, 0xcc,
    0x6b, 0xd4, 0xa9, 0xb3, 0x89, 0xb3, 0xea, 0xc3, 0x2a, 0xcc, 0x2a, 0xc4,
    0xab, 0xdc, 0x8b, 0xd4, 0xac, 0xd4, 0x4b, 0xd4, 0x4b, 0xcc, 0x6b, 0xd4,
    0x8c, 0xd4, 0x6c, 0xcc, 0xad, 0xd4, 0xcd, 0xdc, 0xcd, 0xd4, 0xcd, 0xd4,
    0x2d, 0xbc, 0xab, 0xa3, 0x6b, 0x9b, 0x2a, 0x93, 0x4a, 0x9b, 0x8a, 0xa3,
    0x4a, 0x9b, 0xac, 0x9b, 0xac, 0x9b, 0x6c, 0x93, 0x6b, 0x8b, 0xac, 0x93,
    0xab, 0x9b, 0xeb, 0xbb, 0xcb, 0xb3, 0x8b, 0x9b, 0x4b, 0x8b, 0x6a, 0x93,
    0xab, 0xa3, 0xe9, 0x82, 0x27, 0x62, 0x27, 0x62, 0xc9, 0x72, 0xa9, 0x72,
    0x27, 0x62, 0xa8, 0x7a, 0x4b, 0x8b, 0x4b, 0x8b, 0xa9, 0x72, 0xa9, 0x6a,
    0xa9, 0x6a, 0xea, 0x7a, 0x6c, 0x83, 0x2b, 0x83, 0x2c, 0x7b, 0x2b, 0x7b,
    0x89, 0x62, 0x89, 0x62, 0xca, 0x72, 0xca, 0x72, 0xca, 0x6a, 0xaa, 0x6a,
    0x89, 0x62, 0x89, 0x62, 0xa9, 0x6a, 0xa9, 0x6a, 0x28, 0x5a, 0xc9, 0x72,
    0xe9, 0x7a, 0x67, 0x6a, 0xe5, 0x59, 0x84, 0x49, 0x84, 0x49, 0xa4, 0x51,
    0x43, 0x41, 0xe5, 0x59, 0x84, 0x49, 0x63, 0x41, 0x84, 0x49, 0xa5, 0x49,
    0x85, 0x41, 0xc6, 0x49, 0x07, 0x52, 0x07, 0x52, 0xe6, 0x51, 0x07, 0x52,
    0x48, 0x5a, 0xc6, 0x49, 0x07, 0x52, 0xe6, 0x59, 0x07, 0x5a, 0xe6, 0x51,
    0x48, 0x5a, 0xe6, 0x51, 0xa6, 0x41, 0x85, 0x41, 0xa6, 0x49, 0x44, 0x39,
    0x44, 0x39, 0x44, 0x39, 0x44, 0x39, 0x24, 0x31, 0x23, 0x31, 0x44, 0x39,
    0x85, 0x41, 0x23, 0x31, 0xe3, 0x28, 0x03, 0x31, 0x23, 0x39, 0xe3, 0x28,
    0x23, 0x31, 0x03, 0x29, 0x23, 0x31, 0x85, 0x49, 0x84, 0x41, 0xe3, 0x20,
    0x04, 0x29, 0x24, 0x31, 0x45, 0x31, 0x24, 0x31, 0x64, 0x39, 0x65, 0x39,
    0x85, 0x41, 0xa5, 0x41, 0x85, 0x39, 0x85, 0x39, 0x44, 0x31, 0x44, 0x31,
    0xa5, 0x49, 0xc6, 0x49, 0x06, 0x5a, 0x06, 0x5a, 0x26, 0x62, 0x26, 0x62,
    0xa6, 0x82, 0xa6, 0x8a, 0x25, 0x72, 0x05, 0x62, 0x07, 0x9b, 0x07, 0x9b,
    0x67, 0xb3, 0x88, 0xb3, 0x48, 0xa3, 0x67, 0x72, 0x26, 0x5a, 0x87, 0x72,
    0x67, 0x6a, 0x06, 0x5a, 0x06, 0x5a, 0x06, 0x62, 0x26, 0x62, 0xe5, 0x59,
    0x84, 0x49, 0xa5, 0x51, 0xa5, 0x49, 0xa5, 0x51, 0xa5, 0x51, 0x64, 0x41,
    0x64, 0x49, 0xa4, 0x51, 0xa4, 0x51, 0x43, 0x41, 0xe4, 0x61, 0xe4, 0x69,
    0x24, 0x72, 0xc4, 0x61, 0xc4, 0x59, 0xc4, 0x59, 0x84, 0x49, 0x84, 0x51,
    0xa4, 0x51, 0x84, 0x51, 0xa4, 0x51, 0x84, 0x49, 0x84, 0x49, 0xa4, 0x59,
    0xc4, 0x61, 0x84, 0x51, 0x84, 0x51, 0x86, 0x8a, 0x04, 0x7a, 0x43, 0x41,
    0x83, 0x51, 0x63, 0x49, 0x42, 0x49, 0x63, 0x51, 0xa3, 0x59, 0xa4, 0x59,
    0xc4, 0x61, 0xc4, 0x61, 0xe4, 0x69, 0xe4, 0x69, 0x03, 0x7a, 0x63, 0x92,
    0xe4, 0xaa, 0x44, 0xbb, 0xa4, 0xa2, 0x44, 0x8a, 0x26, 0xab, 0x84, 0x92,
    0x84, 0x8a, 0xa4, 0x92, 0x84, 0x8a, 0xa6, 0x8a, 0x08, 0x93, 0xc8, 0x8a,
    0xc8, 0x8a, 0x87, 0x7a, 0xc8, 0x82, 0x09, 0x8b, 0xe9, 0x82, 0xe9, 0x82,
    0x2a, 0x8b, 0x0a, 0x83, 0xe9, 0x82, 0xe9, 0x82, 0x09, 0x8b, 0xe9, 0x8a,
    0x87, 0x7a, 0x46, 0x72, 0x46, 0x7a, 0x07, 0x9b, 0x66, 0x7a, 0x87, 0x7a,
    0x87, 0x82, 0xe8, 0x92, 0x89, 0xab, 0xaa, 0xab, 0xc8, 0x8a, 0xe8, 0x92,
    0x28, 0xa3, 0x6b, 0xd4, 0x8b, 0xdc, 0xab, 0xdc, 0xac, 0xdc, 0xe7, 0x92,
    0xca, 0xbb, 0x8c, 0xd4, 0x2a, 0xc4, 0xcc, 0xdc, 0xed, 0xdc, 0xac, 0xdc,
    0x2b, 0xcc, 0x4b, 0xcc, 0x2b, 0xc4, 0xcb, 0xb3, 0x8a, 0xab, 0x29, 0x93,
    0x87, 0x7a, 0xab, 0x9b, 0x8b, 0x9b, 0x8b, 0x9b, 0xab, 0xa3, 0xcb, 0xab,
    0x2b, 0xc4, 0x0c, 0xb4, 0x4a, 0x93, 0x2a, 0x8b, 0x4b, 0x8b, 0x4b, 0x8b,
    0x6b, 0x93, 0xac, 0xa3, 0x2c, 0xbc, 0xec, 0xb3, 0xac, 0x9b, 0xac, 0x9b,
    0x2d, 0xbc, 0xeb, 0xb3, 0x2a, 0x93, 0x2a, 0x8b, 0x2b, 0x8b, 0xa9, 0x72,
    0x68, 0x6a, 0xa9, 0x72, 0x0a, 0x83, 0x6b, 0x93, 0x0a, 0x83, 0xa9, 0x72,
    0xea, 0x7a, 0x2b, 0x83, 0x2b, 0x7b, 0xca, 0x72, 0xea, 0x72, 0xa9, 0x6a,
    0xca, 0x6a, 0x69, 0x5a, 0xa9, 0x6a, 0xa9, 0x6a, 0x2b, 0x7b, 0xca, 0x6a,
    0x08, 0x52, 0xe7, 0x49, 0x28, 0x5a, 0x07, 0x52, 0x48, 0x5a, 0xa9, 0x6a,
    0x89, 0x6a, 0x89, 0x6a, 0x27, 0x5a, 0x06, 0x5a, 0xc5, 0x51, 0xa5, 0x51,
    0x84, 0x49, 0xa4, 0x49, 0xa5, 0x49, 0x44, 0x41, 0x43, 0x41, 0x43, 0x41,
    0x64, 0x41, 0xa5, 0x49, 0x65, 0x39, 0x85, 0x41, 0xe7, 0x51, 0x28, 0x5a,
    0x69, 0x62, 0x69, 0x62, 0x28, 0x5a, 0x27, 0x5a, 0x48, 0x62, 0xa9, 0x72,
    0x68, 0x6a, 0x48, 0x62, 0x27, 0x5a, 0x85, 0x49, 0xe6, 0x51, 0x07, 0x52,
    0x28, 0x52, 0xc6, 0x49, 0xc6, 0x49, 0xc6, 0x49, 0xc6, 0x49, 0xa6, 0x41,
    0x65, 0x41, 0x64, 0x41, 0x85, 0x49, 0xa5, 0x49, 0xe6, 0x51, 0xa5, 0x49,
    0x85, 0x41, 0x64, 0x41, 0x85, 0x41, 0xa5, 0x49, 0xa5, 0x49, 0xe6, 0x51,
    0x06, 0x5a, 0x03, 0x29, 0x24, 0x29, 0x03, 0x29, 0x24, 0x29, 0x44, 0x31,
    0x64, 0x39, 0x65, 0x39, 0xa6, 0x41, 0xc6, 0x49, 0xe7, 0x49, 0x07, 0x52,
    0x27, 0x52, 0xe6, 0x49, 0xc6, 0x49, 0xc6, 0x49, 0xc5, 0x51, 0xe5, 0x59,
    0x06, 0x5a, 0x06, 0x5a, 0xe5, 0x59, 0xc5, 0x59, 0x25, 0x6a, 0x27, 0xa3,
    0x86, 0x82, 0x66, 0x72, 0xc7, 0x82, 0xa8, 0x7a, 0xa8, 0x7a, 0xa7, 0x7a,
    0x87, 0x7a, 0x67, 0x6a, 0x68, 0x6a, 0x88, 0x6a, 0xa8, 0x72, 0x26, 0x62,
    0xc5, 0x51, 0xe5, 0x59, 0xc5, 0x51, 0x06, 0x5a, 0x06, 0x62, 0xc5, 0x59,
    0x05, 0x62, 0x84, 0x49, 0x84, 0x49, 0xa4, 0x51, 0xc4, 0x59, 0xa4, 0x51,
    0x84, 0x51, 0x04, 0x6a, 0xc5, 0x92, 0x84, 0x51, 0xa4, 0x51, 0x05, 0x62,
    0xc4, 0x59, 0x63, 0x49, 0xc4, 0x59, 0xa5, 0x51, 0xa4, 0x51, 0x63, 0x41,
    0x44, 0x41, 0x84, 0x49, 0x84, 0x49, 0x44, 0x41, 0x64, 0x49, 0xc5, 0x59,
    0xc4, 0x59, 0x25, 0x7a, 0x24, 0x82, 0x24, 0x82, 0xa3, 0x61, 0x23, 0x39,
    0x64, 0x49, 0x64, 0x49, 0xc4, 0x61, 0x24, 0x7a, 0x85, 0x92, 0x24, 0x82,
    0x64, 0x92, 0xc4, 0xa2, 0xc4, 0xa2, 0xe4, 0xaa, 0xe4, 0xaa, 0x85, 0x92,
    0x24, 0x7a, 0x64, 0x82, 0x84, 0x92, 0x87, 0xbb, 0x06, 0xa3, 0x87, 0xbb,
    0xaa, 0xb3, 0x69, 0xa3, 0x08, 0x93, 0x87, 0x7a, 0x47, 0x72, 0x88, 0x72,
    0xa8, 0x7a, 0xe9, 0x82, 0xc8, 0x7a, 0xe9, 0x82, 0xa8, 0x7a, 0xe9, 0x82,
    0x09, 0x8b, 0xe8, 0x8a, 0xc8, 0x8a, 0xe8, 0x92, 0xe8, 0x92, 0x69, 0xab,
    0xe8, 0x92, 0x88, 0x7a, 0xa8, 0x82, 0xa7, 0x82, 0x69, 0xa3, 0xca, 0xbb,
    0xea, 0xc3, 0x2a, 0xcc, 0x08, 0x9b, 0x87, 0x82, 0x48, 0xa3, 0xe9, 0xc3,
    0xe9, 0xc3, 0x6b, 0xd4, 0x4b, 0xc4, 0x2b, 0xc4, 0x4e, 0xe5, 0xea, 0xbb,
    0x8c, 0xd4, 0x8c, 0xd4, 0xac, 0xd4, 0xcd, 0xdc, 0xed, 0xdc, 0xce, 0xd4,
    0x8b, 0xa3, 0x8b, 0x9b, 0xe9, 0x82, 0xe9, 0x82, 0x2a, 0x8b, 0x4b, 0x93,
    0x4a, 0x93, 0x4a, 0x93, 0x6b, 0x93, 0xcd, 0x9b, 0xcc, 0xa3, 0xeb, 0xb3,
    0xaa, 0xab, 0xc9, 0x7a, 0xc9, 0x82, 0x09, 0x8b, 0xc9, 0x7a, 0x0a, 0x83,
    0x6b, 0x93, 0xcb, 0xab, 0xab, 0xa3, 0x4b, 0x93, 0x2a, 0x8b, 0x2a, 0x8b,
    0x6c, 0x93, 0x6b, 0x8b, 0x0a, 0x83, 0x4b, 0x8b, 0x8c, 0x93, 0x2b, 0x83,
    0xca, 0x72, 0xa9, 0x6a, 0xa9, 0x72, 0x0b, 0x83, 0x2b, 0x83, 0x4b, 0x83,
    0x0a, 0x7b, 0x2b, 0x83, 0xaa, 0x6a, 0x89, 0x62, 0xaa, 0x6a, 0x0b, 0x7b,
    0x48, 0x62, 0xa9, 0x6a, 0xca, 0x6a, 0x2b, 0x7b, 0xca, 0x6a, 0xca, 0x6a,
    0xca, 0x72, 0xea, 0x7a, 0x47, 0x62, 0xe6, 0x51, 0x85, 0x41, 0x85, 0x41,
    0x84, 0x49, 0x64, 0x49, 0xa5, 0x51, 0x43, 0x41, 0x43, 0x41, 0x84, 0x49,
    0x84, 0x49, 0xa5, 0x51, 0x26, 0x62, 0x06, 0x5a, 0x69, 0x62, 0x68, 0x62,
    0x07, 0x52, 0x89, 0x62, 0x69, 0x62, 0x89, 0x6a, 0x27, 0x5a, 0x48, 0x62,
    0x48, 0x62, 0x27, 0x5a, 0x27, 0x5a, 0xc6, 0x51, 0xe6, 0x51, 0x07, 0x5a,
    0xe6, 0x59, 0xe6, 0x59, 0xe6, 0x51, 0xe6, 0x51, 0xc6, 0x49, 0xc6, 0x49,
    0xe7, 0x49, 0x85, 0x41, 0x85, 0x41, 0x85, 0x41, 0x65, 0x39, 0xa5, 0x49,
    0xa6, 0x49, 0x85, 0x41, 0x65, 0x39, 0xa5, 0x49, 0xa5, 0x49, 0x85, 0x41,
    0x85, 0x41, 0x64, 0x41, 0xe6, 0x51, 0x85, 0x39, 0x65, 0x31, 0x24, 0x29,
    0x03, 0x29, 0x24, 0x29, 0x85, 0x39, 0xc6, 0x49, 0xc6, 0x49, 0x07, 0x52,
    0x07, 0x52, 0x07, 0x4a, 0x28, 0x52, 0x27, 0x52, 0x07, 0x52, 0x06, 0x52,
    0x66, 0x7a, 0x46, 0x72, 0xc5, 0x59, 0xe5, 0x61, 0x46, 0x72, 0xa4, 0x59,
    0xc5, 0x59, 0x05, 0x6a, 0xe5, 0x59, 0xe5, 0x59, 0x26, 0x6a, 0x67, 0x72,
    0x87, 0x72, 0x67, 0x72, 0xa4, 0x51, 0x47, 0x6a, 0x67, 0x6a, 0x67, 0x6a,
    0xe9, 0x7a, 0xa8, 0x7a, 0x06, 0x62, 0x26, 0x62, 0x47, 0x6a, 0x46, 0x6a,
    0x67, 0x72, 0xe5, 0x59, 0x05, 0x62, 0xc5, 0x59, 0x26, 0x6a, 0x26, 0x6a,
    0x05, 0x6a, 0x26, 0x6a, 0xe5, 0x61, 0xc4, 0x59, 0x04, 0x72, 0x84, 0x51,
    0xa4, 0x51, 0x04, 0x6a, 0x24, 0x72, 0x85, 0x8a, 0xc4, 0x59, 0xa4, 0x59,
    0x05, 0x6a, 0xa4, 0x59, 0x84, 0x49, 0x64, 0x49, 0xc5, 0x51, 0xe5, 0x61,
    0x06, 0x62, 0x26, 0x72, 0xc5, 0x59, 0x27, 0x62, 0xc5, 0x51, 0xc5, 0x61,
    0x45, 0x7a, 0x06, 0x6a, 0xc5, 0x59, 0x84, 0x51, 0xc4, 0x69, 0x84, 0x92,
    0x65, 0xbb, 0xe4, 0xaa, 0x44, 0x8a, 0x44, 0x8a, 0x05, 0xab, 0xe4, 0xaa,
    0xa4, 0xa2, 0x64, 0x8a, 0xc4, 0x61, 0x25, 0x72, 0x86, 0x8a, 0x24, 0x7a,
    0x44, 0x82, 0xa7, 0xc3, 0xa8, 0xbb, 0xc9, 0xbb, 0x49, 0xa3, 0x49, 0x9b,
    0x09, 0x93, 0x29, 0x93, 0x4a, 0x93, 0x09, 0x93, 0xe8, 0x92, 0xe8, 0x92,
    0xc8, 0x8a, 0xe8, 0x8a, 0xe8, 0x92, 0xa6, 0x92, 0xa7, 0x8a, 0xe8, 0x9a,
    0x69, 0xab, 0x48, 0xab, 0x2a, 0xcc, 0xea, 0xc3, 0x48, 0xab, 0x67, 0x7a,
    0x87, 0x82, 0x49, 0xa3, 0xaa, 0xbb, 0xac, 0xd4, 0x2a, 0xcc, 0x89, 0xb3,
    0xa9, 0xbb, 0xe9, 0xc3, 0xea, 0xc3, 0x4b, 0xcc, 0x2b, 0xc4, 0x2b, 0xc4,
    0xac, 0xd4, 0xed, 0xe4, 0xcc, 0xdc, 0xac, 0xd4, 0x4b, 0xc4, 0x0b, 0xbc,
    0x49, 0xa3, 0x6a, 0xa3, 0xab, 0xa3, 0xab, 0xa3, 0xcc, 0xab, 0x8b, 0x9b,
    0x6a, 0x9b, 0x09, 0x8b, 0xe9, 0x82, 0x2a, 0x8b, 0xc9, 0x7a, 0xc9, 0x7a,
    0x2a, 0x8b, 0x4a, 0x8b, 0xab, 0xa3, 0x2d, 0xbc, 0xec, 0xb3, 0x8b, 0x9b,
    0x4b, 0x8b, 0xac, 0x9b, 0xec, 0xab, 0xcc, 0xa3, 0x6b, 0x93, 0x0a, 0x7b,
    0xc9, 0x72, 0x68, 0x6a, 0xa9, 0x72, 0xa9, 0x72, 0xea, 0x7a, 0x2b, 0x83,
    0xa9, 0x72, 0x89, 0x6a, 0xca, 0x72, 0x48, 0x62, 0xca, 0x72, 0x2b, 0x83,
    0x6c, 0x8b, 0x6b, 0x93, 0x6b, 0x93, 0x4b, 0x83, 0x89, 0x6a, 0x27, 0x5a,
    0x68, 0x62, 0x89, 0x62, 0x89, 0x62, 0x2c, 0x7b, 0x2c, 0x7b, 0x2b, 0x7b,
    0xeb, 0x72, 0xca, 0x6a, 0xea, 0x72, 0x68, 0x6a, 0x47, 0x62, 0xe6, 0x51,
    0xa5, 0x49, 0xe6, 0x51, 0xe6, 0x51, 0xa5, 0x49, 0xe6, 0x59, 0x84, 0x49,
    0xa5, 0x51, 0xc5, 0x51, 0xe5, 0x59, 0x06, 0x62, 0x27, 0x62, 0x47, 0x62,
    0x07, 0x52, 0x48, 0x5a, 0x07, 0x52, 0x48, 0x5a, 0x48, 0x62, 0x68, 0x62,
    0x89, 0x6a, 0xa9, 0x6a, 0xca, 0x72, 0x48, 0x62, 0x48, 0x62, 0x07, 0x52,
    0x07, 0x5a, 0x89, 0x62, 0x88, 0x6a, 0x68, 0x62, 0x27, 0x5a, 0x07, 0x52,
    0x27, 0x5a, 0x07, 0x5a, 0xc6, 0x49, 0xc6, 0x49, 0x85, 0x41, 0xa6, 0x41,
    0xc6, 0x49, 0xc6, 0x49, 0xa6, 0x49, 0xc6, 0x49, 0xc6, 0x49, 0xa6, 0x49,
    0xc6, 0x49, 0x85, 0x41, 0x85, 0x41, 0x65, 0x41, 0xa5, 0x41, 0xa5, 0x41,
    0x24, 0x31, 0x44, 0x31, 0x44, 0x31, 0x85, 0x39, 0x85, 0x39, 0xa6, 0x41,
    0x85, 0x41, 0x65, 0x39, 0xe7, 0x49, 0x07, 0x52, 0xe7, 0x49, 0x27, 0x52,
    0x48, 0x5a, 0x27, 0x5a, 0x46, 0x62, 0x87, 0x72, 0x87, 0x72, 0x46, 0x72,
    0x05, 0x6a, 0xa7, 0x82, 0xc8, 0x82, 0x67, 0x72, 0x05, 0x5a, 0x05, 0x62,
    0xe5, 0x61, 0xe5, 0x61, 0x46, 0x72, 0x46, 0x6a, 0x26, 0x6a, 0x87, 0x7a,
    0x67, 0x72, 0x47, 0x6a, 0x87, 0x72, 0x88, 0x72, 0x47, 0x62, 0x26, 0x62,
    0x87, 0x72, 0xa8, 0x72, 0xe5, 0x59, 0x66, 0x7a, 0x05, 0x6a, 0x26, 0x6a,
    0x66, 0x7a, 0x66, 0x7a, 0x46, 0x72, 0x66, 0x7a, 0x86, 0x7a, 0x66, 0x7a,
    0x25, 0x72, 0xa6, 0x8a, 0x65, 0x82, 0x85, 0x92, 0x64, 0x92, 0x44, 0x82,
    0x65, 0x8a, 0x04, 0x72, 0x04, 0x72, 0x05, 0x6a, 0x05, 0x72, 0x05, 0x72,
    0xc5, 0x51, 0xc5, 0x59, 0xa7, 0x82, 0xe6, 0x59, 0xe6, 0x59, 0xc6, 0x51,
    0xc6, 0x51, 0xc6, 0x51, 0x85, 0x49, 0x64, 0x41, 0x66, 0x7a, 0xe4, 0x69,
    0x84, 0x9a, 0x64, 0x92, 0xa4, 0xa2, 0xa4, 0xa2, 0x44, 0x82, 0x04, 0x7a,
    0x83, 0x61, 0x05, 0xab, 0xa5, 0x9a, 0xa5, 0x92, 0x04, 0x72, 0x25, 0x7a,
    0x25, 0x7a, 0xe4, 0x69, 0x65, 0x82, 0x47, 0xab, 0xe6, 0xa2, 0x87, 0xbb,
    0x67, 0xb3, 0xc6, 0x92, 0x0a, 0xc4, 0xa9, 0xbb, 0x2b, 0xc4, 0x4a, 0xd4,
    0xe7, 0x9a, 0x09, 0xcc, 0x4a, 0xd4, 0x4a, 0xd4, 0xc9, 0xb3, 0xe8, 0x8a,
    0x87, 0x7a, 0x87, 0x82, 0x86, 0x82, 0xc7, 0x92, 0xe8, 0x92, 0x87, 0x7a,
    0x05, 0x72, 0x05, 0x7a, 0x25, 0x7a, 0x26, 0x72, 0x47, 0x7a, 0xe8, 0x92,
    0x6a, 0xd4, 0x29, 0xd4, 0xa8, 0xbb, 0x2a, 0xcc, 0x2b, 0xcc, 0x6b, 0xcc,
    0xcd, 0xdc, 0x2e, 0xe5, 0xac, 0xd4, 0x4b, 0xcc, 0x8c, 0xcc, 0xcd, 0xd4,
    0x6c, 0xcc, 0x4d, 0xc4, 0x0c, 0xb4, 0x8b, 0xa3, 0x8b, 0xa3, 0x8b, 0x9b,
    0xab, 0xa3, 0xcb, 0xab, 0x2c, 0xb4, 0xac, 0xa3, 0x6b, 0x93, 0x4b, 0x8b,
    0x2b, 0x8b, 0x0a, 0x83, 0xea, 0x7a, 0xea, 0x7a, 0x0a, 0x83, 0x4b, 0x8b,
    0x6b, 0x93, 0x8b, 0x9b, 0x2b, 0x8b, 0x6b, 0x93, 0xac, 0x9b, 0xac, 0x9b,
    0x6c, 0x8b, 0x8d, 0x93, 0x8c, 0x93, 0xad, 0x93, 0xcd, 0x9b, 0xcd, 0x9b,
    0x8d, 0x93, 0x8c, 0x8b, 0x0b, 0x7b, 0x2b, 0x83, 0x2b, 0x83, 0x2b, 0x83,
    0x6c, 0x8b, 0x4b, 0x83, 0x2b, 0x83, 0xc9, 0x7a, 0xa9, 0x72, 0xea, 0x7a,
    0x89, 0x6a, 0x68, 0x62, 0x89, 0x6a, 0x89, 0x6a, 0xa9, 0x6a, 0xea, 0x72,
    0x2b, 0x7b, 0xca, 0x72, 0xca, 0x72, 0xa9, 0x6a, 0x48, 0x62, 0x48, 0x62,
    0x68, 0x62, 0x47, 0x62, 0x47, 0x62, 0x47, 0x62, 0xe6, 0x59, 0x27, 0x5a,
    0xc6, 0x49, 0xa5, 0x49, 0xe6, 0x51, 0x06, 0x5a, 0x07, 0x5a, 0x68, 0x62,
    0x68, 0x62, 0x27, 0x5a, 0x89, 0x6a, 0x68, 0x62, 0x48, 0x5a, 0x48, 0x62,
    0xa9, 0x6a, 0x68, 0x62, 0x48, 0x62, 0x69, 0x62, 0x69, 0x62, 0x89, 0x62,
    0x07, 0x52, 0xe6, 0x51, 0x48, 0x62, 0xa9, 0x6a, 0x27, 0x5a, 0x47, 0x5a,
    0x07, 0x52, 0x07, 0x52, 0x48, 0x62, 0x28, 0x5a, 0x07, 0x52, 0x28, 0x5a,
    0x28, 0x5a, 0xe7, 0x51, 0xc6, 0x49, 0xa6, 0x49, 0xa5, 0x49, 0x27, 0x5a,
    0x48, 0x62, 0x07, 0x52, 0xe6, 0x51, 0xe6, 0x51, 0xc6, 0x49, 0xc6, 0x49,
    0x85, 0x41, 0xe6, 0x49, 0xa6, 0x41, 0xa6, 0x39, 0x65, 0x39, 0xc6, 0x49,
    0xc6, 0x49, 0xe6, 0x49, 0xc6, 0x49, 0xc5, 0x49, 0xa5, 0x41, 0x07, 0x52,
    0x85, 0x41, 0x65, 0x39, 0x07, 0x52, 0x28, 0x52, 0x67, 0x6a, 0x87, 0x72,
    0xc8, 0x7a, 0xc8, 0x82, 0xe8, 0x82, 0xc8, 0x7a, 0xc8, 0x7a, 0xc8, 0x7a,
    0xa7, 0x72, 0xc7, 0x82, 0x87, 0x7a, 0x25, 0x62, 0xe5, 0x61, 0xe5, 0x61,
    0x26, 0x62, 0x46, 0x6a, 0x06, 0x62, 0xc5, 0x59, 0x26, 0x6a, 0xa8, 0x72,
    0x67, 0x72, 0x46, 0x6a, 0x26, 0x6a, 0xa7, 0x82, 0x46, 0x72, 0xa7, 0x8a,
    0xe7, 0x92, 0x08, 0x93, 0xa7, 0x82, 0x46, 0x72, 0x07, 0x9b, 0x47, 0xb3,
    0x86, 0xbb, 0xe6, 0xa2, 0xa4, 0x59, 0x46, 0xb3, 0xe6, 0xa2, 0x06, 0xab,
    0xa5, 0x9a, 0x85, 0x92, 0x24, 0x82, 0x24, 0x82, 0xa4, 0x9a, 0x44, 0x82,
    0x65, 0x8a, 0x05, 0x6a, 0xa5, 0x51, 0x84, 0x49, 0xe6, 0x51, 0x85, 0x49,
    0xe6, 0x51, 0x85, 0x49, 0xa5, 0x49, 0xa5, 0x51, 0xa5, 0x51, 0x84, 0x51,
    0x84, 0x59, 0x04, 0x82, 0x44, 0x8a, 0x23, 0x8a, 0x03, 0x82, 0xc3, 0xa2,
    0xa4, 0x9a, 0x24, 0x82, 0xc5, 0x9a, 0x64, 0x8a, 0x64, 0x8a, 0xe8, 0xcb,
    0xc7, 0xcb, 0x06, 0xab, 0x06, 0xab, 0x07, 0xa3, 0xa6, 0x92, 0x66, 0x82,
    0x46, 0x7a, 0x67, 0xb3, 0xc9, 0xbb, 0x2a, 0xcc, 0x4a, 0xd4, 0xe9, 0xc3,
    0x88, 0xb3, 0x88, 0xbb, 0x88, 0xb3, 0xc9, 0xbb, 0xa9, 0xb3, 0xc9, 0xbb,
    0x27, 0xa3, 0xa8, 0xbb, 0x6b, 0xd4, 0x2a, 0xd4, 0x89, 0xb3, 0xe8, 0x8a,
    0xe9, 0x82, 0xa8, 0x72, 0xc4, 0x61, 0xc4, 0x61, 0xc4, 0x69, 0xe4, 0x69,
    0x05, 0x72, 0x05, 0x72, 0x66, 0x82, 0x06, 0xa3, 0xc9, 0xc3, 0x4b, 0xd4,
    0x0a, 0xc4, 0xca, 0xbb, 0x0a, 0xc4, 0x2b, 0xcc, 0xeb, 0xb3, 0x49, 0x9b,
    0x69, 0xa3, 0x8b, 0xa3, 0xab, 0xa3, 0x8b, 0x9b, 0x6b, 0x9b, 0xab, 0xa3,
    0x0d, 0xbc, 0xec, 0xb3, 0xcb, 0xab, 0xcc, 0xab, 0xab, 0x9b, 0xac, 0xa3,
    0x0d, 0xac, 0x0d, 0xac, 0xcc, 0xa3, 0x6b, 0x93, 0x2b, 0x8b, 0x0a, 0x83,
    0x0a, 0x83, 0x4b, 0x8b, 0x6b, 0x8b, 0x8c, 0x93, 0xac, 0x9b, 0x2b, 0x8b,
    0x2b, 0x83, 0xca, 0x7a, 0xca, 0x72, 0x4b, 0x83, 0x4b, 0x83, 0x2b, 0x83,
    0x0a, 0x7b, 0xc9, 0x72, 0xea, 0x7a, 0x0b, 0x7b, 0x6c, 0x8b, 0x6c, 0x8b,
    0x8c, 0x93, 0xcd, 0x9b, 0x2b, 0x83, 0x4b, 0x8b, 0xcd, 0xa3, 0x6c, 0x8b,
    0x2b, 0x83, 0xa9, 0x6a, 0xa9, 0x6a, 0xa9, 0x72, 0x4c, 0x83, 0x4c, 0x83,
    0x6c, 0x8b, 0x6c, 0x8b, 0x2b, 0x83, 0xea, 0x72, 0xc9, 0x72, 0xa9, 0x72,
    0x89, 0x6a, 0x89, 0x6a, 0xa9, 0x6a, 0xa9, 0x6a, 0x89, 0x6a, 0x88, 0x6a,
    0x68, 0x62, 0xa9, 0x6a, 0x48, 0x5a, 0x48, 0x5a, 0x27, 0x5a, 0x48, 0x62,
    0x48, 0x62, 0x68, 0x62, 0x69, 0x62, 0x48, 0x5a, 0x89, 0x6a, 0x89, 0x62,
    0xca, 0x72, 0xca, 0x6a, 0x69, 0x5a, 0x28, 0x52, 0x48, 0x5a, 0x68, 0x62,
    0x68, 0x62, 0x89, 0x6a, 0xa9, 0x6a, 0xa9, 0x6a, 0x88, 0x6a, 0x27, 0x5a,
    0x48, 0x5a, 0x48, 0x5a, 0x27, 0x5a, 0x27, 0x5a, 0x48, 0x62, 0x27, 0x52,
    0xe7, 0x49, 0x28, 0x5a, 0x48, 0x5a, 0x07, 0x52, 0xa6, 0x41, 0x07, 0x52,
    0x48, 0x62, 0x07, 0x5a, 0x07, 0x52, 0x07, 0x52, 0x68, 0x62, 0x27, 0x5a,
    0x07, 0x5a, 0x47, 0x62, 0xe6, 0x51, 0x44, 0x39, 0xa5, 0x41, 0x65, 0x39,
    0x24, 0x31, 0xa6, 0x41, 0xe6, 0x49, 0x27, 0x5a, 0x85, 0x41, 0xa5, 0x49,
    0x07, 0x52, 0x07, 0x52, 0xa6, 0x49, 0xa5, 0x41, 0xc6, 0x49, 0xa6, 0x49,
};
const size_t doodad_remote_viewfinder_dimg_size = sizeof(doodad_remote_viewfinder_dimg);
