/*******************************************************************************
 * Doodad Weather font asset
 * Family: Roboto Medium
 * Role: metric at 36 physical pixels
 * Source SHA-256: 2879a5ecb7fbfa13a7fc3e2cdd7fecbf73aa45e91b541dfdfa2c442eed0aac21
 * License: Apache License 2.0
 * Generator: lv_font_conv 1.5.3, 4bpp, uncompressed
 *******************************************************************************/

/*******************************************************************************
 * Size: 36 px
 * Bpp: 4
 * Opts: --font /Users/nickchadwick/Documents/voicewatch/doodad-runtime/reference/weather-foundations/vendor/roboto/Roboto-Medium.ttf --size 36 --bpp 4 --format lvgl --symbols  ABCDEFGHIJKLMNOPQRSTUVWXYZabcdefghijklmnopqrstuvwxyz0123456789.,:%/+-−° --no-compress --lv-include lvgl.h --lv-font-name m3e_weather_metric_36 --output /Users/nickchadwick/Documents/voicewatch/doodad-runtime/components/m3e_lvgl/src/assets/weather_metric_36.c
 ******************************************************************************/

#ifdef LV_LVGL_H_INCLUDE_SIMPLE
#include "lvgl.h"
#else
#include "lvgl.h"
#endif

#ifndef M3E_WEATHER_METRIC_36
#define M3E_WEATHER_METRIC_36 1
#endif

#if M3E_WEATHER_METRIC_36

/*-----------------
 *    BITMAPS
 *----------------*/

/*Store the image of the glyphs*/
static LV_ATTRIBUTE_LARGE_CONST const uint8_t glyph_bitmap[] = {
    /* U+0020 " " */

    /* U+0025 "%" */
    0x0, 0x7, 0xcf, 0xfd, 0x91, 0x0, 0x0, 0x0,
    0x0, 0x0, 0x0, 0x0, 0x0, 0xcf, 0xff, 0xff,
    0xfe, 0x30, 0x0, 0x0, 0x0, 0x0, 0x0, 0x0,
    0xa, 0xff, 0xfc, 0xbe, 0xff, 0xe0, 0x0, 0x0,
    0x0, 0x0, 0x0, 0x0, 0x1f, 0xff, 0x40, 0x1,
    0xdf, 0xf6, 0x0, 0x0, 0x1e, 0xa2, 0x0, 0x0,
    0x3f, 0xfd, 0x0, 0x0, 0x7f, 0xf8, 0x0, 0x0,
    0xbf, 0xf3, 0x0, 0x0, 0x4f, 0xfb, 0x0, 0x0,
    0x6f, 0xf9, 0x0, 0x5, 0xff, 0x80, 0x0, 0x0,
    0x3f, 0xfc, 0x0, 0x0, 0x7f, 0xf8, 0x0, 0x1e,
    0xfd, 0x0, 0x0, 0x0, 0x1f, 0xff, 0x40, 0x1,
    0xdf, 0xf6, 0x0, 0x9f, 0xf4, 0x0, 0x0, 0x0,
    0xa, 0xff, 0xfb, 0xae, 0xff, 0xe0, 0x4, 0xff,
    0xa0, 0x0, 0x0, 0x0, 0x1, 0xcf, 0xff, 0xff,
    0xff, 0x30, 0xd, 0xfe, 0x10, 0x0, 0x0, 0x0,
    0x0, 0x6, 0xcf, 0xfd, 0x92, 0x0, 0x8f, 0xf6,
    0x0, 0x0, 0x0, 0x0, 0x0, 0x0, 0x0, 0x0,
    0x0, 0x2, 0xff, 0xc0, 0x0, 0x0, 0x0, 0x0,
    0x0, 0x0, 0x0, 0x0, 0x0, 0xc, 0xff, 0x20,
    0x0, 0x0, 0x0, 0x0, 0x0, 0x0, 0x0, 0x0,
    0x0, 0x7f, 0xf7, 0x0, 0x0, 0x0, 0x0, 0x0,
    0x0, 0x0, 0x0, 0x0, 0x2, 0xff, 0xd0, 0x3,
    0xae, 0xfe, 0xa3, 0x0, 0x0, 0x0, 0x0, 0x0,
    0xb, 0xff, 0x30, 0x6f, 0xff, 0xff, 0xff, 0x50,
    0x0, 0x0, 0x0, 0x0, 0x5f, 0xf9, 0x3, 0xff,
    0xfe, 0xbe, 0xff, 0xf2, 0x0, 0x0, 0x0, 0x1,
    0xef, 0xe1, 0xa, 0xff, 0xa0, 0x0, 0xbf, 0xf9,
    0x0, 0x0, 0x0, 0xa, 0xff, 0x50, 0xe, 0xff,
    0x20, 0x0, 0x3f, 0xfd, 0x0, 0x0, 0x0, 0x4f,
    0xfb, 0x0, 0xf, 0xff, 0x0, 0x0, 0x1f, 0xfe,
    0x0, 0x0, 0x0, 0xdf, 0xf2, 0x0, 0xf, 0xff,
    0x0, 0x0, 0x1f, 0xfe, 0x0, 0x0, 0x8, 0xff,
    0x70, 0x0, 0xe, 0xff, 0x20, 0x0, 0x3f, 0xfd,
    0x0, 0x0, 0xc, 0xfc, 0x0, 0x0, 0xa, 0xff,
    0xa0, 0x0, 0xaf, 0xf9, 0x0, 0x0, 0x0, 0x53,
    0x0, 0x0, 0x3, 0xff, 0xfd, 0xad, 0xff, 0xf2,
    0x0, 0x0, 0x0, 0x0, 0x0, 0x0, 0x0, 0x6f,
    0xff, 0xff, 0xff, 0x60, 0x0, 0x0, 0x0, 0x0,
    0x0, 0x0, 0x0, 0x3, 0xae, 0xfe, 0xa3, 0x0,

    /* U+002B "+" */
    0x0, 0x0, 0x0, 0x3, 0x33, 0x30, 0x0, 0x0,
    0x0, 0x0, 0x0, 0x0, 0x1f, 0xff, 0xf1, 0x0,
    0x0, 0x0, 0x0, 0x0, 0x0, 0x1f, 0xff, 0xf1,
    0x0, 0x0, 0x0, 0x0, 0x0, 0x0, 0x1f, 0xff,
    0xf1, 0x0, 0x0, 0x0, 0x0, 0x0, 0x0, 0x1f,
    0xff, 0xf1, 0x0, 0x0, 0x0, 0x0, 0x0, 0x0,
    0x1f, 0xff, 0xf1, 0x0, 0x0, 0x0, 0x0, 0x0,
    0x0, 0x1f, 0xff, 0xf1, 0x0, 0x0, 0x0, 0x0,
    0x0, 0x0, 0x1f, 0xff, 0xf1, 0x0, 0x0, 0x0,
    0xcf, 0xff, 0xff, 0xff, 0xff, 0xff, 0xff, 0xff,
    0xfb, 0xcf, 0xff, 0xff, 0xff, 0xff, 0xff, 0xff,
    0xff, 0xfb, 0xcf, 0xff, 0xff, 0xff, 0xff, 0xff,
    0xff, 0xff, 0xfb, 0xcf, 0xff, 0xff, 0xff, 0xff,
    0xff, 0xff, 0xff, 0xfb, 0x0, 0x0, 0x0, 0x1f,
    0xff, 0xf1, 0x0, 0x0, 0x0, 0x0, 0x0, 0x0,
    0x1f, 0xff, 0xf1, 0x0, 0x0, 0x0, 0x0, 0x0,
    0x0, 0x1f, 0xff, 0xf1, 0x0, 0x0, 0x0, 0x0,
    0x0, 0x0, 0x1f, 0xff, 0xf1, 0x0, 0x0, 0x0,
    0x0, 0x0, 0x0, 0x1f, 0xff, 0xf1, 0x0, 0x0,
    0x0, 0x0, 0x0, 0x0, 0x1f, 0xff, 0xf1, 0x0,
    0x0, 0x0, 0x0, 0x0, 0x0, 0x1f, 0xff, 0xf1,
    0x0, 0x0, 0x0, 0x0, 0x0, 0x0, 0x1f, 0xff,
    0xf1, 0x0, 0x0, 0x0,

    /* U+002C "," */
    0x0, 0xbf, 0xff, 0x20, 0xb, 0xff, 0xf2, 0x0,
    0xbf, 0xff, 0x20, 0xb, 0xff, 0xf1, 0x0, 0xdf,
    0xff, 0x0, 0xf, 0xff, 0xb0, 0x5, 0xff, 0xf5,
    0x0, 0xcf, 0xfd, 0x0, 0x4f, 0xff, 0x40, 0x0,
    0x6f, 0x70, 0x0, 0x0, 0x0, 0x0, 0x0,

    /* U+002D "-" */
    0x69, 0x99, 0x99, 0x99, 0x94, 0xcf, 0xff, 0xff,
    0xff, 0xf7, 0xcf, 0xff, 0xff, 0xff, 0xf7, 0xcf,
    0xff, 0xff, 0xff, 0xf7,

    /* U+002E "." */
    0x7, 0xcb, 0x40, 0x5f, 0xff, 0xf1, 0x9f, 0xff,
    0xf4, 0x6f, 0xff, 0xf2, 0x9, 0xfe, 0x60,

    /* U+002F "/" */
    0x0, 0x0, 0x0, 0x0, 0x1, 0xff, 0xf4, 0x0,
    0x0, 0x0, 0x0, 0x6, 0xff, 0xe0, 0x0, 0x0,
    0x0, 0x0, 0xc, 0xff, 0x90, 0x0, 0x0, 0x0,
    0x0, 0x2f, 0xff, 0x30, 0x0, 0x0, 0x0, 0x0,
    0x7f, 0xfd, 0x0, 0x0, 0x0, 0x0, 0x0, 0xdf,
    0xf8, 0x0, 0x0, 0x0, 0x0, 0x3, 0xff, 0xf2,
    0x0, 0x0, 0x0, 0x0, 0x8, 0xff, 0xd0, 0x0,
    0x0, 0x0, 0x0, 0xe, 0xff, 0x70, 0x0, 0x0,
    0x0, 0x0, 0x4f, 0xff, 0x10, 0x0, 0x0, 0x0,
    0x0, 0x9f, 0xfc, 0x0, 0x0, 0x0, 0x0, 0x0,
    0xef, 0xf6, 0x0, 0x0, 0x0, 0x0, 0x5, 0xff,
    0xf1, 0x0, 0x0, 0x0, 0x0, 0xa, 0xff, 0xb0,
    0x0, 0x0, 0x0, 0x0, 0xf, 0xff, 0x50, 0x0,
    0x0, 0x0, 0x0, 0x5f, 0xff, 0x0, 0x0, 0x0,
    0x0, 0x0, 0xbf, 0xfa, 0x0, 0x0, 0x0, 0x0,
    0x1, 0xff, 0xf4, 0x0, 0x0, 0x0, 0x0, 0x6,
    0xff, 0xe0, 0x0, 0x0, 0x0, 0x0, 0xc, 0xff,
    0x90, 0x0, 0x0, 0x0, 0x0, 0x2f, 0xff, 0x30,
    0x0, 0x0, 0x0, 0x0, 0x7f, 0xfd, 0x0, 0x0,
    0x0, 0x0, 0x0, 0xdf, 0xf8, 0x0, 0x0, 0x0,
    0x0, 0x3, 0xff, 0xf2, 0x0, 0x0, 0x0, 0x0,
    0x8, 0xff, 0xc0, 0x0, 0x0, 0x0, 0x0, 0xe,
    0xff, 0x70, 0x0, 0x0, 0x0, 0x0, 0x4f, 0xff,
    0x10, 0x0, 0x0, 0x0, 0x0, 0x9f, 0xfb, 0x0,
    0x0, 0x0, 0x0, 0x0, 0x78, 0x83, 0x0, 0x0,
    0x0, 0x0, 0x0,

    /* U+0030 "0" */
    0x0, 0x0, 0x4, 0x9d, 0xef, 0xeb, 0x70, 0x0,
    0x0, 0x0, 0x1, 0xbf, 0xff, 0xff, 0xff, 0xfe,
    0x50, 0x0, 0x0, 0xc, 0xff, 0xff, 0xff, 0xff,
    0xff, 0xf5, 0x0, 0x0, 0x8f, 0xff, 0xfe, 0x99,
    0xbf, 0xff, 0xfe, 0x10, 0x1, 0xff, 0xff, 0xa0,
    0x0, 0x4, 0xff, 0xff, 0x80, 0x6, 0xff, 0xfe,
    0x0, 0x0, 0x0, 0x8f, 0xff, 0xd0, 0xb, 0xff,
    0xf8, 0x0, 0x0, 0x0, 0x1f, 0xff, 0xf2, 0xe,
    0xff, 0xf5, 0x0, 0x0, 0x0, 0xe, 0xff, 0xf5,
    0xf, 0xff, 0xf2, 0x0, 0x0, 0x0, 0xc, 0xff,
    0xf7, 0x1f, 0xff, 0xf1, 0x0, 0x0, 0x0, 0xb,
    0xff, 0xf8, 0x2f, 0xff, 0xf1, 0x0, 0x0, 0x0,
    0xa, 0xff, 0xf9, 0x2f, 0xff, 0xf1, 0x0, 0x0,
    0x0, 0xa, 0xff, 0xf9, 0x2f, 0xff, 0xf1, 0x0,
    0x0, 0x0, 0xa, 0xff, 0xf9, 0x2f, 0xff, 0xf1,
    0x0, 0x0, 0x0, 0xa, 0xff, 0xf9, 0x2f, 0xff,
    0xf1, 0x0, 0x0, 0x0, 0xa, 0xff, 0xf9, 0x2f,
    0xff, 0xf1, 0x0, 0x0, 0x0, 0xa, 0xff, 0xf9,
    0x1f, 0xff, 0xf2, 0x0, 0x0, 0x0, 0xb, 0xff,
    0xf8, 0xf, 0xff, 0xf3, 0x0, 0x0, 0x0, 0xc,
    0xff, 0xf7, 0xd, 0xff, 0xf5, 0x0, 0x0, 0x0,
    0xe, 0xff, 0xf4, 0xa, 0xff, 0xf9, 0x0, 0x0,
    0x0, 0x2f, 0xff, 0xf1, 0x6, 0xff, 0xfe, 0x0,
    0x0, 0x0, 0x8f, 0xff, 0xd0, 0x0, 0xff, 0xff,
    0xa0, 0x0, 0x4, 0xff, 0xff, 0x70, 0x0, 0x7f,
    0xff, 0xfe, 0x98, 0xbf, 0xff, 0xfe, 0x0, 0x0,
    0xc, 0xff, 0xff, 0xff, 0xff, 0xff, 0xf4, 0x0,
    0x0, 0x0, 0xaf, 0xff, 0xff, 0xff, 0xfe, 0x40,
    0x0, 0x0, 0x0, 0x3, 0x9d, 0xff, 0xeb, 0x70,
    0x0, 0x0,

    /* U+0031 "1" */
    0x0, 0x0, 0x0, 0x0, 0x17, 0xd7, 0x0, 0x0,
    0x0, 0x5b, 0xff, 0xf7, 0x0, 0x3, 0x9f, 0xff,
    0xff, 0xf7, 0x7, 0xdf, 0xff, 0xff, 0xff, 0xf7,
    0xf, 0xff, 0xff, 0xff, 0xff, 0xf7, 0xf, 0xff,
    0xfc, 0x7d, 0xff, 0xf7, 0xf, 0xd7, 0x20, 0xc,
    0xff, 0xf7, 0x3, 0x0, 0x0, 0xc, 0xff, 0xf7,
    0x0, 0x0, 0x0, 0xc, 0xff, 0xf7, 0x0, 0x0,
    0x0, 0xc, 0xff, 0xf7, 0x0, 0x0, 0x0, 0xc,
    0xff, 0xf7, 0x0, 0x0, 0x0, 0xc, 0xff, 0xf7,
    0x0, 0x0, 0x0, 0xc, 0xff, 0xf7, 0x0, 0x0,
    0x0, 0xc, 0xff, 0xf7, 0x0, 0x0, 0x0, 0xc,
    0xff, 0xf7, 0x0, 0x0, 0x0, 0xc, 0xff, 0xf7,
    0x0, 0x0, 0x0, 0xc, 0xff, 0xf7, 0x0, 0x0,
    0x0, 0xc, 0xff, 0xf7, 0x0, 0x0, 0x0, 0xc,
    0xff, 0xf7, 0x0, 0x0, 0x0, 0xc, 0xff, 0xf7,
    0x0, 0x0, 0x0, 0xc, 0xff, 0xf7, 0x0, 0x0,
    0x0, 0xc, 0xff, 0xf7, 0x0, 0x0, 0x0, 0xc,
    0xff, 0xf7, 0x0, 0x0, 0x0, 0xc, 0xff, 0xf7,
    0x0, 0x0, 0x0, 0xc, 0xff, 0xf7, 0x0, 0x0,
    0x0, 0xc, 0xff, 0xf7,

    /* U+0032 "2" */
    0x0, 0x0, 0x5, 0xae, 0xff, 0xeb, 0x71, 0x0,
    0x0, 0x0, 0x0, 0x3e, 0xff, 0xff, 0xff, 0xff,
    0xf7, 0x0, 0x0, 0x0, 0x5f, 0xff, 0xff, 0xff,
    0xff, 0xff, 0xf8, 0x0, 0x0, 0x2f, 0xff, 0xff,
    0xc9, 0x9c, 0xff, 0xff, 0xf4, 0x0, 0xc, 0xff,
    0xff, 0x40, 0x0, 0x6, 0xff, 0xff, 0xb0, 0x2,
    0xff, 0xff, 0x50, 0x0, 0x0, 0x9, 0xff, 0xff,
    0x0, 0x6f, 0xff, 0xe0, 0x0, 0x0, 0x0, 0x4f,
    0xff, 0xf1, 0x8, 0xff, 0xfc, 0x0, 0x0, 0x0,
    0x2, 0xff, 0xff, 0x10, 0x23, 0x33, 0x20, 0x0,
    0x0, 0x0, 0x4f, 0xff, 0xf0, 0x0, 0x0, 0x0,
    0x0, 0x0, 0x0, 0x9, 0xff, 0xfa, 0x0, 0x0,
    0x0, 0x0, 0x0, 0x0, 0x1, 0xff, 0xff, 0x40,
    0x0, 0x0, 0x0, 0x0, 0x0, 0x0, 0xbf, 0xff,
    0xc0, 0x0, 0x0, 0x0, 0x0, 0x0, 0x0, 0x7f,
    0xff, 0xf2, 0x0, 0x0, 0x0, 0x0, 0x0, 0x0,
    0x5f, 0xff, 0xf7, 0x0, 0x0, 0x0, 0x0, 0x0,
    0x0, 0x4f, 0xff, 0xfa, 0x0, 0x0, 0x0, 0x0,
    0x0, 0x0, 0x3f, 0xff, 0xfb, 0x0, 0x0, 0x0,
    0x0, 0x0, 0x0, 0x2e, 0xff, 0xfc, 0x0, 0x0,
    0x0, 0x0, 0x0, 0x0, 0x2e, 0xff, 0xfd, 0x10,
    0x0, 0x0, 0x0, 0x0, 0x0, 0x1d, 0xff, 0xfd,
    0x10, 0x0, 0x0, 0x0, 0x0, 0x0, 0xd, 0xff,
    0xfe, 0x20, 0x0, 0x0, 0x0, 0x0, 0x0, 0xc,
    0xff, 0xfe, 0x20, 0x0, 0x0, 0x0, 0x0, 0x0,
    0xb, 0xff, 0xff, 0x30, 0x0, 0x0, 0x0, 0x0,
    0x0, 0xa, 0xff, 0xff, 0xb8, 0x88, 0x88, 0x88,
    0x88, 0x88, 0x11, 0xff, 0xff, 0xff, 0xff, 0xff,
    0xff, 0xff, 0xff, 0xf2, 0x1f, 0xff, 0xff, 0xff,
    0xff, 0xff, 0xff, 0xff, 0xff, 0x21, 0xff, 0xff,
    0xff, 0xff, 0xff, 0xff, 0xff, 0xff, 0xf2,

    /* U+0033 "3" */
    0x0, 0x0, 0x16, 0xbd, 0xff, 0xeb, 0x60, 0x0,
    0x0, 0x0, 0x6, 0xff, 0xff, 0xff, 0xff, 0xfe,
    0x50, 0x0, 0x0, 0x9f, 0xff, 0xff, 0xff, 0xff,
    0xff, 0xf7, 0x0, 0x6, 0xff, 0xff, 0xfb, 0x99,
    0xcf, 0xff, 0xff, 0x20, 0xe, 0xff, 0xfd, 0x20,
    0x0, 0x4, 0xff, 0xff, 0x90, 0x3f, 0xff, 0xf3,
    0x0, 0x0, 0x0, 0x9f, 0xff, 0xd0, 0x4c, 0xcc,
    0xb0, 0x0, 0x0, 0x0, 0x5f, 0xff, 0xf0, 0x0,
    0x0, 0x0, 0x0, 0x0, 0x0, 0x5f, 0xff, 0xf0,
    0x0, 0x0, 0x0, 0x0, 0x0, 0x0, 0x9f, 0xff,
    0xb0, 0x0, 0x0, 0x0, 0x0, 0x0, 0x6, 0xff,
    0xff, 0x30, 0x0, 0x0, 0x1, 0x77, 0x89, 0xdf,
    0xff, 0xf6, 0x0, 0x0, 0x0, 0x2, 0xff, 0xff,
    0xff, 0xfe, 0x50, 0x0, 0x0, 0x0, 0x2, 0xff,
    0xff, 0xff, 0xfa, 0x20, 0x0, 0x0, 0x0, 0x2,
    0xff, 0xff, 0xff, 0xff, 0xf5, 0x0, 0x0, 0x0,
    0x0, 0x0, 0x1, 0x5c, 0xff, 0xff, 0x30, 0x0,
    0x0, 0x0, 0x0, 0x0, 0x0, 0xcf, 0xff, 0xc0,
    0x0, 0x0, 0x0, 0x0, 0x0, 0x0, 0x3f, 0xff,
    0xf2, 0x0, 0x0, 0x0, 0x0, 0x0, 0x0, 0xf,
    0xff, 0xf5, 0x36, 0x66, 0x40, 0x0, 0x0, 0x0,
    0xe, 0xff, 0xf5, 0x8f, 0xff, 0xc0, 0x0, 0x0,
    0x0, 0xf, 0xff, 0xf4, 0x5f, 0xff, 0xf2, 0x0,
    0x0, 0x0, 0x6f, 0xff, 0xf1, 0x1f, 0xff, 0xfd,
    0x10, 0x0, 0x3, 0xff, 0xff, 0xb0, 0x8, 0xff,
    0xff, 0xfb, 0x89, 0xcf, 0xff, 0xff, 0x30, 0x0,
    0xbf, 0xff, 0xff, 0xff, 0xff, 0xff, 0xf6, 0x0,
    0x0, 0x8, 0xff, 0xff, 0xff, 0xff, 0xfe, 0x40,
    0x0, 0x0, 0x0, 0x17, 0xce, 0xff, 0xda, 0x50,
    0x0, 0x0,

    /* U+0034 "4" */
    0x0, 0x0, 0x0, 0x0, 0x0, 0x5, 0xff, 0xff,
    0x50, 0x0, 0x0, 0x0, 0x0, 0x0, 0x0, 0x1e,
    0xff, 0xff, 0x50, 0x0, 0x0, 0x0, 0x0, 0x0,
    0x0, 0xaf, 0xff, 0xff, 0x50, 0x0, 0x0, 0x0,
    0x0, 0x0, 0x4, 0xff, 0xff, 0xff, 0x50, 0x0,
    0x0, 0x0, 0x0, 0x0, 0xd, 0xff, 0xff, 0xff,
    0x50, 0x0, 0x0, 0x0, 0x0, 0x0, 0x8f, 0xff,
    0xff, 0xff, 0x50, 0x0, 0x0, 0x0, 0x0, 0x3,
    0xff, 0xfa, 0xef, 0xff, 0x50, 0x0, 0x0, 0x0,
    0x0, 0xc, 0xff, 0xf1, 0xef, 0xff, 0x50, 0x0,
    0x0, 0x0, 0x0, 0x7f, 0xff, 0x60, 0xef, 0xff,
    0x50, 0x0, 0x0, 0x0, 0x2, 0xff, 0xfc, 0x0,
    0xef, 0xff, 0x50, 0x0, 0x0, 0x0, 0xb, 0xff,
    0xf2, 0x0, 0xef, 0xff, 0x50, 0x0, 0x0, 0x0,
    0x6f, 0xff, 0x80, 0x0, 0xef, 0xff, 0x50, 0x0,
    0x0, 0x1, 0xef, 0xfd, 0x0, 0x0, 0xef, 0xff,
    0x50, 0x0, 0x0, 0xa, 0xff, 0xf4, 0x0, 0x0,
    0xef, 0xff, 0x50, 0x0, 0x0, 0x4f, 0xff, 0x90,
    0x0, 0x0, 0xef, 0xff, 0x50, 0x0, 0x0, 0xef,
    0xfe, 0x10, 0x0, 0x0, 0xef, 0xff, 0x50, 0x0,
    0x9, 0xff, 0xfc, 0x88, 0x88, 0x88, 0xff, 0xff,
    0xb8, 0x84, 0xf, 0xff, 0xff, 0xff, 0xff, 0xff,
    0xff, 0xff, 0xff, 0xf8, 0xf, 0xff, 0xff, 0xff,
    0xff, 0xff, 0xff, 0xff, 0xff, 0xf8, 0xf, 0xff,
    0xff, 0xff, 0xff, 0xff, 0xff, 0xff, 0xff, 0xf8,
    0x0, 0x0, 0x0, 0x0, 0x0, 0x0, 0xef, 0xff,
    0x50, 0x0, 0x0, 0x0, 0x0, 0x0, 0x0, 0x0,
    0xef, 0xff, 0x50, 0x0, 0x0, 0x0, 0x0, 0x0,
    0x0, 0x0, 0xef, 0xff, 0x50, 0x0, 0x0, 0x0,
    0x0, 0x0, 0x0, 0x0, 0xef, 0xff, 0x50, 0x0,
    0x0, 0x0, 0x0, 0x0, 0x0, 0x0, 0xef, 0xff,
    0x50, 0x0, 0x0, 0x0, 0x0, 0x0, 0x0, 0x0,
    0xef, 0xff, 0x50, 0x0,

    /* U+0035 "5" */
    0x0, 0x9f, 0xff, 0xff, 0xff, 0xff, 0xff, 0xff,
    0x30, 0x0, 0xbf, 0xff, 0xff, 0xff, 0xff, 0xff,
    0xff, 0x30, 0x0, 0xdf, 0xff, 0xff, 0xff, 0xff,
    0xff, 0xff, 0x30, 0x0, 0xef, 0xff, 0xdd, 0xdd,
    0xdd, 0xdd, 0xdd, 0x20, 0x0, 0xff, 0xfe, 0x0,
    0x0, 0x0, 0x0, 0x0, 0x0, 0x2, 0xff, 0xfc,
    0x0, 0x0, 0x0, 0x0, 0x0, 0x0, 0x4, 0xff,
    0xfa, 0x0, 0x0, 0x0, 0x0, 0x0, 0x0, 0x5,
    0xff, 0xf8, 0x0, 0x0, 0x0, 0x0, 0x0, 0x0,
    0x7, 0xff, 0xf6, 0x15, 0x78, 0x74, 0x0, 0x0,
    0x0, 0x9, 0xff, 0xfc, 0xff, 0xff, 0xff, 0xe6,
    0x0, 0x0, 0xb, 0xff, 0xff, 0xff, 0xff, 0xff,
    0xff, 0x90, 0x0, 0xc, 0xff, 0xff, 0xff, 0xff,
    0xff, 0xff, 0xf6, 0x0, 0xc, 0xff, 0xfb, 0x40,
    0x2, 0x9f, 0xff, 0xff, 0x10, 0x0, 0x15, 0x60,
    0x0, 0x0, 0x6, 0xff, 0xff, 0x60, 0x0, 0x0,
    0x0, 0x0, 0x0, 0x0, 0xcf, 0xff, 0xb0, 0x0,
    0x0, 0x0, 0x0, 0x0, 0x0, 0x7f, 0xff, 0xe0,
    0x0, 0x0, 0x0, 0x0, 0x0, 0x0, 0x4f, 0xff,
    0xf0, 0x0, 0x0, 0x0, 0x0, 0x0, 0x0, 0x4f,
    0xff, 0xf0, 0x46, 0x66, 0x30, 0x0, 0x0, 0x0,
    0x5f, 0xff, 0xe0, 0x9f, 0xff, 0xa0, 0x0, 0x0,
    0x0, 0x9f, 0xff, 0xc0, 0x6f, 0xff, 0xf1, 0x0,
    0x0, 0x1, 0xef, 0xff, 0x80, 0x1f, 0xff, 0xfc,
    0x10, 0x0, 0x1b, 0xff, 0xff, 0x20, 0x7, 0xff,
    0xff, 0xfa, 0x8a, 0xef, 0xff, 0xf9, 0x0, 0x0,
    0xaf, 0xff, 0xff, 0xff, 0xff, 0xff, 0xc0, 0x0,
    0x0, 0x8, 0xff, 0xff, 0xff, 0xff, 0xfa, 0x0,
    0x0, 0x0, 0x0, 0x18, 0xce, 0xfe, 0xd9, 0x30,
    0x0, 0x0,

    /* U+0036 "6" */
    0x0, 0x0, 0x0, 0x1, 0x6a, 0xce, 0xf3, 0x0,
    0x0, 0x0, 0x0, 0x19, 0xff, 0xff, 0xff, 0x30,
    0x0, 0x0, 0x0, 0x4f, 0xff, 0xff, 0xff, 0xf3,
    0x0, 0x0, 0x0, 0x5f, 0xff, 0xff, 0xfe, 0xcb,
    0x20, 0x0, 0x0, 0x2f, 0xff, 0xfe, 0x71, 0x0,
    0x0, 0x0, 0x0, 0xc, 0xff, 0xfc, 0x10, 0x0,
    0x0, 0x0, 0x0, 0x5, 0xff, 0xfd, 0x0, 0x0,
    0x0, 0x0, 0x0, 0x0, 0xcf, 0xff, 0x30, 0x0,
    0x0, 0x0, 0x0, 0x0, 0x2f, 0xff, 0xd0, 0x4a,
    0xef, 0xec, 0x60, 0x0, 0x6, 0xff, 0xf9, 0xbf,
    0xff, 0xff, 0xff, 0xd2, 0x0, 0x9f, 0xff, 0xff,
    0xff, 0xff, 0xff, 0xff, 0xe1, 0xc, 0xff, 0xff,
    0xff, 0xb9, 0xaf, 0xff, 0xff, 0xa0, 0xdf, 0xff,
    0xfd, 0x20, 0x0, 0x1d, 0xff, 0xff, 0x2e, 0xff,
    0xfe, 0x10, 0x0, 0x0, 0x2f, 0xff, 0xf8, 0xef,
    0xff, 0x60, 0x0, 0x0, 0x0, 0xaf, 0xff, 0xbe,
    0xff, 0xf5, 0x0, 0x0, 0x0, 0x6, 0xff, 0xfd,
    0xef, 0xff, 0x50, 0x0, 0x0, 0x0, 0x4f, 0xff,
    0xfd, 0xff, 0xf6, 0x0, 0x0, 0x0, 0x4, 0xff,
    0xfe, 0xaf, 0xff, 0x90, 0x0, 0x0, 0x0, 0x6f,
    0xff, 0xd7, 0xff, 0xfe, 0x0, 0x0, 0x0, 0xa,
    0xff, 0xfa, 0x1f, 0xff, 0xf6, 0x0, 0x0, 0x2,
    0xff, 0xff, 0x60, 0xaf, 0xff, 0xf4, 0x0, 0x1,
    0xdf, 0xff, 0xe0, 0x1, 0xef, 0xff, 0xfb, 0x9a,
    0xff, 0xff, 0xf6, 0x0, 0x4, 0xff, 0xff, 0xff,
    0xff, 0xff, 0xf9, 0x0, 0x0, 0x3, 0xdf, 0xff,
    0xff, 0xff, 0xf7, 0x0, 0x0, 0x0, 0x0, 0x6b,
    0xef, 0xec, 0x82, 0x0, 0x0,

    /* U+0037 "7" */
    0xcf, 0xff, 0xff, 0xff, 0xff, 0xff, 0xff, 0xff,
    0xff, 0xcf, 0xff, 0xff, 0xff, 0xff, 0xff, 0xff,
    0xff, 0xff, 0xcf, 0xff, 0xff, 0xff, 0xff, 0xff,
    0xff, 0xff, 0xfe, 0x68, 0x88, 0x88, 0x88, 0x88,
    0x88, 0x8d, 0xff, 0xf7, 0x0, 0x0, 0x0, 0x0,
    0x0, 0x0, 0xe, 0xff, 0xf1, 0x0, 0x0, 0x0,
    0x0, 0x0, 0x0, 0x7f, 0xff, 0xa0, 0x0, 0x0,
    0x0, 0x0, 0x0, 0x0, 0xef, 0xff, 0x30, 0x0,
    0x0, 0x0, 0x0, 0x0, 0x5, 0xff, 0xfc, 0x0,
    0x0, 0x0, 0x0, 0x0, 0x0, 0xc, 0xff, 0xf5,
    0x0, 0x0, 0x0, 0x0, 0x0, 0x0, 0x4f, 0xff,
    0xe0, 0x0, 0x0, 0x0, 0x0, 0x0, 0x0, 0xbf,
    0xff, 0x70, 0x0, 0x0, 0x0, 0x0, 0x0, 0x2,
    0xff, 0xff, 0x10, 0x0, 0x0, 0x0, 0x0, 0x0,
    0x9, 0xff, 0xf9, 0x0, 0x0, 0x0, 0x0, 0x0,
    0x0, 0x1f, 0xff, 0xf2, 0x0, 0x0, 0x0, 0x0,
    0x0, 0x0, 0x8f, 0xff, 0xb0, 0x0, 0x0, 0x0,
    0x0, 0x0, 0x0, 0xef, 0xff, 0x40, 0x0, 0x0,
    0x0, 0x0, 0x0, 0x7, 0xff, 0xfd, 0x0, 0x0,
    0x0, 0x0, 0x0, 0x0, 0xe, 0xff, 0xf6, 0x0,
    0x0, 0x0, 0x0, 0x0, 0x0, 0x5f, 0xff, 0xe0,
    0x0, 0x0, 0x0, 0x0, 0x0, 0x0, 0xcf, 0xff,
    0x80, 0x0, 0x0, 0x0, 0x0, 0x0, 0x4, 0xff,
    0xff, 0x10, 0x0, 0x0, 0x0, 0x0, 0x0, 0xb,
    0xff, 0xfa, 0x0, 0x0, 0x0, 0x0, 0x0, 0x0,
    0x2f, 0xff, 0xf3, 0x0, 0x0, 0x0, 0x0, 0x0,
    0x0, 0xaf, 0xff, 0xc0, 0x0, 0x0, 0x0, 0x0,
    0x0, 0x1, 0xff, 0xff, 0x50, 0x0, 0x0, 0x0,
    0x0, 0x0, 0x8, 0xff, 0xfe, 0x0, 0x0, 0x0,
    0x0, 0x0,

    /* U+0038 "8" */
    0x0, 0x0, 0x5, 0xad, 0xff, 0xec, 0x71, 0x0,
    0x0, 0x0, 0x2, 0xdf, 0xff, 0xff, 0xff, 0xff,
    0x70, 0x0, 0x0, 0x2e, 0xff, 0xff, 0xff, 0xff,
    0xff, 0xf8, 0x0, 0x0, 0xcf, 0xff, 0xfe, 0xa9,
    0xcf, 0xff, 0xff, 0x30, 0x3, 0xff, 0xff, 0xa0,
    0x0, 0x5, 0xff, 0xff, 0xa0, 0x7, 0xff, 0xff,
    0x0, 0x0, 0x0, 0x9f, 0xff, 0xe0, 0x9, 0xff,
    0xfc, 0x0, 0x0, 0x0, 0x4f, 0xff, 0xf0, 0x7,
    0xff, 0xfc, 0x0, 0x0, 0x0, 0x4f, 0xff, 0xe0,
    0x4, 0xff, 0xff, 0x10, 0x0, 0x0, 0x8f, 0xff,
    0xb0, 0x0, 0xdf, 0xff, 0xa0, 0x0, 0x4, 0xff,
    0xff, 0x40, 0x0, 0x3f, 0xff, 0xfe, 0xa9, 0xcf,
    0xff, 0xf9, 0x0, 0x0, 0x3, 0xdf, 0xff, 0xff,
    0xff, 0xff, 0x80, 0x0, 0x0, 0x0, 0x8f, 0xff,
    0xff, 0xff, 0xfd, 0x20, 0x0, 0x0, 0x1d, 0xff,
    0xff, 0xff, 0xff, 0xff, 0xf5, 0x0, 0x0, 0xcf,
    0xff, 0xd5, 0x10, 0x3a, 0xff, 0xff, 0x40, 0x7,
    0xff, 0xfe, 0x10, 0x0, 0x0, 0x9f, 0xff, 0xd0,
    0xd, 0xff, 0xf6, 0x0, 0x0, 0x0, 0xf, 0xff,
    0xf4, 0x1f, 0xff, 0xf2, 0x0, 0x0, 0x0, 0xc,
    0xff, 0xf8, 0x2f, 0xff, 0xf1, 0x0, 0x0, 0x0,
    0xb, 0xff, 0xf9, 0x1f, 0xff, 0xf3, 0x0, 0x0,
    0x0, 0xc, 0xff, 0xf8, 0xe, 0xff, 0xf9, 0x0,
    0x0, 0x0, 0x2f, 0xff, 0xf5, 0x9, 0xff, 0xff,
    0x60, 0x0, 0x1, 0xdf, 0xff, 0xf1, 0x2, 0xff,
    0xff, 0xfd, 0x98, 0xaf, 0xff, 0xff, 0x80, 0x0,
    0x5f, 0xff, 0xff, 0xff, 0xff, 0xff, 0xfb, 0x0,
    0x0, 0x4, 0xef, 0xff, 0xff, 0xff, 0xff, 0x90,
    0x0, 0x0, 0x0, 0x5, 0xad, 0xff, 0xec, 0x82,
    0x0, 0x0,

    /* U+0039 "9" */
    0x0, 0x0, 0x5, 0xae, 0xff, 0xd9, 0x30, 0x0,
    0x0, 0x0, 0x2, 0xcf, 0xff, 0xff, 0xff, 0xf8,
    0x0, 0x0, 0x0, 0x2e, 0xff, 0xff, 0xff, 0xff,
    0xff, 0xa0, 0x0, 0x0, 0xdf, 0xff, 0xfd, 0x9a,
    0xef, 0xff, 0xf6, 0x0, 0x7, 0xff, 0xff, 0x70,
    0x0, 0xb, 0xff, 0xff, 0x10, 0xd, 0xff, 0xfa,
    0x0, 0x0, 0x0, 0xdf, 0xff, 0x70, 0x2f, 0xff,
    0xf2, 0x0, 0x0, 0x0, 0x6f, 0xff, 0xc0, 0x4f,
    0xff, 0xf0, 0x0, 0x0, 0x0, 0x2f, 0xff, 0xf0,
    0x5f, 0xff, 0xd0, 0x0, 0x0, 0x0, 0xf, 0xff,
    0xf2, 0x4f, 0xff, 0xe0, 0x0, 0x0, 0x0, 0xf,
    0xff, 0xf3, 0x3f, 0xff, 0xf2, 0x0, 0x0, 0x0,
    0xf, 0xff, 0xf4, 0xf, 0xff, 0xf8, 0x0, 0x0,
    0x0, 0x4f, 0xff, 0xf4, 0xa, 0xff, 0xff, 0x50,
    0x0, 0x4, 0xff, 0xff, 0xf4, 0x3, 0xff, 0xff,
    0xfb, 0x78, 0xcf, 0xff, 0xff, 0xf3, 0x0, 0x7f,
    0xff, 0xff, 0xff, 0xff, 0xff, 0xff, 0xf2, 0x0,
    0x7, 0xff, 0xff, 0xff, 0xfe, 0x4f, 0xff, 0xf0,
    0x0, 0x0, 0x29, 0xdf, 0xfc, 0x70, 0x3f, 0xff,
    0xd0, 0x0, 0x0, 0x0, 0x0, 0x0, 0x0, 0x8f,
    0xff, 0x90, 0x0, 0x0, 0x0, 0x0, 0x0, 0x0,
    0xdf, 0xff, 0x40, 0x0, 0x0, 0x0, 0x0, 0x0,
    0x7, 0xff, 0xfe, 0x0, 0x0, 0x0, 0x0, 0x0,
    0x0, 0x5f, 0xff, 0xf6, 0x0, 0x0, 0x0, 0x0,
    0x0, 0x3a, 0xff, 0xff, 0xc0, 0x0, 0x0, 0x0,
    0x6b, 0xcf, 0xff, 0xff, 0xfe, 0x20, 0x0, 0x0,
    0x0, 0xaf, 0xff, 0xff, 0xff, 0xd1, 0x0, 0x0,
    0x0, 0x0, 0xaf, 0xff, 0xff, 0xe7, 0x0, 0x0,
    0x0, 0x0, 0x0, 0xaf, 0xec, 0x94, 0x0, 0x0,
    0x0, 0x0,

    /* U+003A ":" */
    0xa, 0xfd, 0x50, 0x8f, 0xff, 0xf1, 0xaf, 0xff,
    0xf3, 0x7f, 0xff, 0xe0, 0x8, 0xcb, 0x30, 0x0,
    0x0, 0x0, 0x0, 0x0, 0x0, 0x0, 0x0, 0x0,
    0x0, 0x0, 0x0, 0x0, 0x0, 0x0, 0x0, 0x0,
    0x0, 0x0, 0x0, 0x0, 0x0, 0x0, 0x0, 0x0,
    0x0, 0x0, 0x0, 0x0, 0x0, 0x7, 0xcb, 0x30,
    0x6f, 0xff, 0xe0, 0xaf, 0xff, 0xf3, 0x8f, 0xff,
    0xf1, 0xa, 0xfe, 0x50,

    /* U+0041 "A" */
    0x0, 0x0, 0x0, 0x0, 0x3, 0xff, 0xff, 0x20,
    0x0, 0x0, 0x0, 0x0, 0x0, 0x0, 0x0, 0x0,
    0x9, 0xff, 0xff, 0x80, 0x0, 0x0, 0x0, 0x0,
    0x0, 0x0, 0x0, 0x0, 0xe, 0xff, 0xff, 0xe0,
    0x0, 0x0, 0x0, 0x0, 0x0, 0x0, 0x0, 0x0,
    0x5f, 0xff, 0xff, 0xf4, 0x0, 0x0, 0x0, 0x0,
    0x0, 0x0, 0x0, 0x0, 0xbf, 0xff, 0xff, 0xfa,
    0x0, 0x0, 0x0, 0x0, 0x0, 0x0, 0x0, 0x1,
    0xff, 0xfe, 0xff, 0xff, 0x0, 0x0, 0x0, 0x0,
    0x0, 0x0, 0x0, 0x6, 0xff, 0xf9, 0xaf, 0xff,
    0x60, 0x0, 0x0, 0x0, 0x0, 0x0, 0x0, 0xc,
    0xff, 0xf3, 0x4f, 0xff, 0xc0, 0x0, 0x0, 0x0,
    0x0, 0x0, 0x0, 0x2f, 0xff, 0xe0, 0xe, 0xff,
    0xf2, 0x0, 0x0, 0x0, 0x0, 0x0, 0x0, 0x8f,
    0xff, 0x80, 0x9, 0xff, 0xf8, 0x0, 0x0, 0x0,
    0x0, 0x0, 0x0, 0xef, 0xff, 0x30, 0x3, 0xff,
    0xfd, 0x0, 0x0, 0x0, 0x0, 0x0, 0x4, 0xff,
    0xfd, 0x0, 0x0, 0xef, 0xff, 0x40, 0x0, 0x0,
    0x0, 0x0, 0xa, 0xff, 0xf7, 0x0, 0x0, 0x8f,
    0xff, 0x90, 0x0, 0x0, 0x0, 0x0, 0x1f, 0xff,
    0xf2, 0x0, 0x0, 0x3f, 0xff, 0xf0, 0x0, 0x0,
    0x0, 0x0, 0x6f, 0xff, 0xc0, 0x0, 0x0, 0xd,
    0xff, 0xf5, 0x0, 0x0, 0x0, 0x0, 0xcf, 0xff,
    0x70, 0x0, 0x0, 0x7, 0xff, 0xfb, 0x0, 0x0,
    0x0, 0x2, 0xff, 0xff, 0xff, 0xff, 0xff, 0xff,
    0xff, 0xff, 0x10, 0x0, 0x0, 0x8, 0xff, 0xff,
    0xff, 0xff, 0xff, 0xff, 0xff, 0xff, 0x70, 0x0,
    0x0, 0xe, 0xff, 0xff, 0xff, 0xff, 0xff, 0xff,
    0xff, 0xff, 0xd0, 0x0, 0x0, 0x4f, 0xff, 0xfb,
    0xbb, 0xbb, 0xbb, 0xbb, 0xbf, 0xff, 0xf3, 0x0,
    0x0, 0xaf, 0xff, 0xc0, 0x0, 0x0, 0x0, 0x0,
    0xd, 0xff, 0xf9, 0x0, 0x0, 0xff, 0xff, 0x60,
    0x0, 0x0, 0x0, 0x0, 0x7, 0xff, 0xff, 0x0,
    0x6, 0xff, 0xff, 0x10, 0x0, 0x0, 0x0, 0x0,
    0x2, 0xff, 0xff, 0x50, 0xc, 0xff, 0xfc, 0x0,
    0x0, 0x0, 0x0, 0x0, 0x0, 0xdf, 0xff, 0xb0,
    0x2f, 0xff, 0xf6, 0x0, 0x0, 0x0, 0x0, 0x0,
    0x0, 0x7f, 0xff, 0xf1, 0x8f, 0xff, 0xf1, 0x0,
    0x0, 0x0, 0x0, 0x0, 0x0, 0x2f, 0xff, 0xf7,

    /* U+0042 "B" */
    0x6f, 0xff, 0xff, 0xff, 0xff, 0xfd, 0xb7, 0x10,
    0x0, 0x6, 0xff, 0xff, 0xff, 0xff, 0xff, 0xff,
    0xff, 0x90, 0x0, 0x6f, 0xff, 0xff, 0xff, 0xff,
    0xff, 0xff, 0xff, 0xb0, 0x6, 0xff, 0xff, 0xbb,
    0xbb, 0xbc, 0xff, 0xff, 0xff, 0x70, 0x6f, 0xff,
    0xf0, 0x0, 0x0, 0x0, 0x6f, 0xff, 0xfd, 0x6,
    0xff, 0xff, 0x0, 0x0, 0x0, 0x0, 0x8f, 0xff,
    0xf1, 0x6f, 0xff, 0xf0, 0x0, 0x0, 0x0, 0x3,
    0xff, 0xff, 0x36, 0xff, 0xff, 0x0, 0x0, 0x0,
    0x0, 0x3f, 0xff, 0xf2, 0x6f, 0xff, 0xf0, 0x0,
    0x0, 0x0, 0x7, 0xff, 0xff, 0x6, 0xff, 0xff,
    0x0, 0x0, 0x0, 0x4, 0xff, 0xff, 0x80, 0x6f,
    0xff, 0xf7, 0x77, 0x77, 0x9c, 0xff, 0xff, 0xc0,
    0x6, 0xff, 0xff, 0xff, 0xff, 0xff, 0xff, 0xff,
    0x80, 0x0, 0x6f, 0xff, 0xff, 0xff, 0xff, 0xff,
    0xff, 0xe8, 0x0, 0x6, 0xff, 0xff, 0xff, 0xff,
    0xff, 0xff, 0xff, 0xfd, 0x10, 0x6f, 0xff, 0xf0,
    0x0, 0x0, 0x1, 0x7f, 0xff, 0xfc, 0x6, 0xff,
    0xff, 0x0, 0x0, 0x0, 0x0, 0x4f, 0xff, 0xf5,
    0x6f, 0xff, 0xf0, 0x0, 0x0, 0x0, 0x0, 0xcf,
    0xff, 0xa6, 0xff, 0xff, 0x0, 0x0, 0x0, 0x0,
    0x9, 0xff, 0xfc, 0x6f, 0xff, 0xf0, 0x0, 0x0,
    0x0, 0x0, 0x9f, 0xff, 0xd6, 0xff, 0xff, 0x0,
    0x0, 0x0, 0x0, 0xb, 0xff, 0xfc, 0x6f, 0xff,
    0xf0, 0x0, 0x0, 0x0, 0x3, 0xff, 0xff, 0x96,
    0xff, 0xff, 0x0, 0x0, 0x0, 0x4, 0xef, 0xff,
    0xf4, 0x6f, 0xff, 0xfa, 0xaa, 0xaa, 0xbd, 0xff,
    0xff, 0xfc, 0x6, 0xff, 0xff, 0xff, 0xff, 0xff,
    0xff, 0xff, 0xfe, 0x10, 0x6f, 0xff, 0xff, 0xff,
    0xff, 0xff, 0xff, 0xfb, 0x10, 0x6, 0xff, 0xff,
    0xff, 0xff, 0xff, 0xec, 0x82, 0x0, 0x0,

    /* U+0043 "C" */
    0x0, 0x0, 0x0, 0x5, 0xad, 0xff, 0xec, 0x94,
    0x0, 0x0, 0x0, 0x0, 0x0, 0x5, 0xef, 0xff,
    0xff, 0xff, 0xff, 0xc2, 0x0, 0x0, 0x0, 0x0,
    0x8f, 0xff, 0xff, 0xff, 0xff, 0xff, 0xff, 0x50,
    0x0, 0x0, 0x8, 0xff, 0xff, 0xff, 0xcb, 0xdf,
    0xff, 0xff, 0xf3, 0x0, 0x0, 0x4f, 0xff, 0xfe,
    0x60, 0x0, 0x0, 0x8f, 0xff, 0xfd, 0x0, 0x0,
    0xcf, 0xff, 0xf2, 0x0, 0x0, 0x0, 0x6, 0xff,
    0xff, 0x50, 0x3, 0xff, 0xff, 0x60, 0x0, 0x0,
    0x0, 0x0, 0xdf, 0xff, 0xa0, 0x9, 0xff, 0xfe,
    0x0, 0x0, 0x0, 0x0, 0x0, 0x8f, 0xff, 0xe0,
    0xd, 0xff, 0xfa, 0x0, 0x0, 0x0, 0x0, 0x0,
    0x4c, 0xcc, 0xc0, 0xf, 0xff, 0xf7, 0x0, 0x0,
    0x0, 0x0, 0x0, 0x0, 0x0, 0x0, 0x2f, 0xff,
    0xf5, 0x0, 0x0, 0x0, 0x0, 0x0, 0x0, 0x0,
    0x0, 0x2f, 0xff, 0xf4, 0x0, 0x0, 0x0, 0x0,
    0x0, 0x0, 0x0, 0x0, 0x3f, 0xff, 0xf4, 0x0,
    0x0, 0x0, 0x0, 0x0, 0x0, 0x0, 0x0, 0x3f,
    0xff, 0xf4, 0x0, 0x0, 0x0, 0x0, 0x0, 0x0,
    0x0, 0x0, 0x3f, 0xff, 0xf4, 0x0, 0x0, 0x0,
    0x0, 0x0, 0x0, 0x0, 0x0, 0x2f, 0xff, 0xf5,
    0x0, 0x0, 0x0, 0x0, 0x0, 0x0, 0x0, 0x0,
    0xf, 0xff, 0xf7, 0x0, 0x0, 0x0, 0x0, 0x0,
    0x0, 0x0, 0x0, 0xd, 0xff, 0xfa, 0x0, 0x0,
    0x0, 0x0, 0x0, 0x3a, 0xaa, 0xa0, 0x9, 0xff,
    0xfe, 0x0, 0x0, 0x0, 0x0, 0x0, 0x8f, 0xff,
    0xe0, 0x4, 0xff, 0xff, 0x50, 0x0, 0x0, 0x0,
    0x0, 0xdf, 0xff, 0xb0, 0x0, 0xdf, 0xff, 0xe2,
    0x0, 0x0, 0x0, 0x6, 0xff, 0xff, 0x50, 0x0,
    0x5f, 0xff, 0xfe, 0x40, 0x0, 0x1, 0x7f, 0xff,
    0xfd, 0x0, 0x0, 0x9, 0xff, 0xff, 0xfe, 0xcb,
    0xdf, 0xff, 0xff, 0xf3, 0x0, 0x0, 0x0, 0xaf,
    0xff, 0xff, 0xff, 0xff, 0xff, 0xff, 0x50, 0x0,
    0x0, 0x0, 0x6, 0xef, 0xff, 0xff, 0xff, 0xff,
    0xc2, 0x0, 0x0, 0x0, 0x0, 0x0, 0x6, 0xbe,
    0xff, 0xec, 0x83, 0x0, 0x0, 0x0,

    /* U+0044 "D" */
    0x6f, 0xff, 0xff, 0xff, 0xfe, 0xc8, 0x30, 0x0,
    0x0, 0x0, 0x6f, 0xff, 0xff, 0xff, 0xff, 0xff,
    0xfc, 0x30, 0x0, 0x0, 0x6f, 0xff, 0xff, 0xff,
    0xff, 0xff, 0xff, 0xf8, 0x0, 0x0, 0x6f, 0xff,
    0xfb, 0xbb, 0xbd, 0xff, 0xff, 0xff, 0x90, 0x0,
    0x6f, 0xff, 0xf0, 0x0, 0x0, 0x16, 0xef, 0xff,
    0xf5, 0x0, 0x6f, 0xff, 0xf0, 0x0, 0x0, 0x0,
    0x2e, 0xff, 0xfe, 0x10, 0x6f, 0xff, 0xf0, 0x0,
    0x0, 0x0, 0x3, 0xff, 0xff, 0x80, 0x6f, 0xff,
    0xf0, 0x0, 0x0, 0x0, 0x0, 0xaf, 0xff, 0xe0,
    0x6f, 0xff, 0xf0, 0x0, 0x0, 0x0, 0x0, 0x4f,
    0xff, 0xf3, 0x6f, 0xff, 0xf0, 0x0, 0x0, 0x0,
    0x0, 0xf, 0xff, 0xf6, 0x6f, 0xff, 0xf0, 0x0,
    0x0, 0x0, 0x0, 0xe, 0xff, 0xf9, 0x6f, 0xff,
    0xf0, 0x0, 0x0, 0x0, 0x0, 0xd, 0xff, 0xfa,
    0x6f, 0xff, 0xf0, 0x0, 0x0, 0x0, 0x0, 0xc,
    0xff, 0xfa, 0x6f, 0xff, 0xf0, 0x0, 0x0, 0x0,
    0x0, 0xc, 0xff, 0xfa, 0x6f, 0xff, 0xf0, 0x0,
    0x0, 0x0, 0x0, 0xd, 0xff, 0xfa, 0x6f, 0xff,
    0xf0, 0x0, 0x0, 0x0, 0x0, 0xe, 0xff, 0xf9,
    0x6f, 0xff, 0xf0, 0x0, 0x0, 0x0, 0x0, 0x1f,
    0xff, 0xf6, 0x6f, 0xff, 0xf0, 0x0, 0x0, 0x0,
    0x0, 0x5f, 0xff, 0xf3, 0x6f, 0xff, 0xf0, 0x0,
    0x0, 0x0, 0x0, 0xbf, 0xff, 0xe0, 0x6f, 0xff,
    0xf0, 0x0, 0x0, 0x0, 0x4, 0xff, 0xff, 0x80,
    0x6f, 0xff, 0xf0, 0x0, 0x0, 0x0, 0x2e, 0xff,
    0xff, 0x10, 0x6f, 0xff, 0xf0, 0x0, 0x0, 0x17,
    0xff, 0xff, 0xf6, 0x0, 0x6f, 0xff, 0xfa, 0xaa,
    0xbd, 0xff, 0xff, 0xff, 0x90, 0x0, 0x6f, 0xff,
    0xff, 0xff, 0xff, 0xff, 0xff, 0xf8, 0x0, 0x0,
    0x6f, 0xff, 0xff, 0xff, 0xff, 0xff, 0xfc, 0x30,
    0x0, 0x0, 0x6f, 0xff, 0xff, 0xff, 0xfe, 0xc8,
    0x30, 0x0, 0x0, 0x0,

    /* U+0045 "E" */
    0x6f, 0xff, 0xff, 0xff, 0xff, 0xff, 0xff, 0xff,
    0xf3, 0x6f, 0xff, 0xff, 0xff, 0xff, 0xff, 0xff,
    0xff, 0xf3, 0x6f, 0xff, 0xff, 0xff, 0xff, 0xff,
    0xff, 0xff, 0xf3, 0x6f, 0xff, 0xfb, 0xbb, 0xbb,
    0xbb, 0xbb, 0xbb, 0xb2, 0x6f, 0xff, 0xf0, 0x0,
    0x0, 0x0, 0x0, 0x0, 0x0, 0x6f, 0xff, 0xf0,
    0x0, 0x0, 0x0, 0x0, 0x0, 0x0, 0x6f, 0xff,
    0xf0, 0x0, 0x0, 0x0, 0x0, 0x0, 0x0, 0x6f,
    0xff, 0xf0, 0x0, 0x0, 0x0, 0x0, 0x0, 0x0,
    0x6f, 0xff, 0xf0, 0x0, 0x0, 0x0, 0x0, 0x0,
    0x0, 0x6f, 0xff, 0xf0, 0x0, 0x0, 0x0, 0x0,
    0x0, 0x0, 0x6f, 0xff, 0xfa, 0xaa, 0xaa, 0xaa,
    0xaa, 0xa5, 0x0, 0x6f, 0xff, 0xff, 0xff, 0xff,
    0xff, 0xff, 0xf9, 0x0, 0x6f, 0xff, 0xff, 0xff,
    0xff, 0xff, 0xff, 0xf9, 0x0, 0x6f, 0xff, 0xff,
    0xff, 0xff, 0xff, 0xff, 0xf9, 0x0, 0x6f, 0xff,
    0xf0, 0x0, 0x0, 0x0, 0x0, 0x0, 0x0, 0x6f,
    0xff, 0xf0, 0x0, 0x0, 0x0, 0x0, 0x0, 0x0,
    0x6f, 0xff, 0xf0, 0x0, 0x0, 0x0, 0x0, 0x0,
    0x0, 0x6f, 0xff, 0xf0, 0x0, 0x0, 0x0, 0x0,
    0x0, 0x0, 0x6f, 0xff, 0xf0, 0x0, 0x0, 0x0,
    0x0, 0x0, 0x0, 0x6f, 0xff, 0xf0, 0x0, 0x0,
    0x0, 0x0, 0x0, 0x0, 0x6f, 0xff, 0xf0, 0x0,
    0x0, 0x0, 0x0, 0x0, 0x0, 0x6f, 0xff, 0xf0,
    0x0, 0x0, 0x0, 0x0, 0x0, 0x0, 0x6f, 0xff,
    0xfa, 0xaa, 0xaa, 0xaa, 0xaa, 0xaa, 0xa3, 0x6f,
    0xff, 0xff, 0xff, 0xff, 0xff, 0xff, 0xff, 0xf5,
    0x6f, 0xff, 0xff, 0xff, 0xff, 0xff, 0xff, 0xff,
    0xf5, 0x6f, 0xff, 0xff, 0xff, 0xff, 0xff, 0xff,
    0xff, 0xf5,

    /* U+0046 "F" */
    0x6f, 0xff, 0xff, 0xff, 0xff, 0xff, 0xff, 0xff,
    0xd6, 0xff, 0xff, 0xff, 0xff, 0xff, 0xff, 0xff,
    0xfd, 0x6f, 0xff, 0xff, 0xff, 0xff, 0xff, 0xff,
    0xff, 0xd6, 0xff, 0xff, 0xbb, 0xbb, 0xbb, 0xbb,
    0xbb, 0xb9, 0x6f, 0xff, 0xf0, 0x0, 0x0, 0x0,
    0x0, 0x0, 0x6, 0xff, 0xff, 0x0, 0x0, 0x0,
    0x0, 0x0, 0x0, 0x6f, 0xff, 0xf0, 0x0, 0x0,
    0x0, 0x0, 0x0, 0x6, 0xff, 0xff, 0x0, 0x0,
    0x0, 0x0, 0x0, 0x0, 0x6f, 0xff, 0xf0, 0x0,
    0x0, 0x0, 0x0, 0x0, 0x6, 0xff, 0xff, 0x0,
    0x0, 0x0, 0x0, 0x0, 0x0, 0x6f, 0xff, 0xf0,
    0x0, 0x0, 0x0, 0x0, 0x0, 0x6, 0xff, 0xff,
    0xff, 0xff, 0xff, 0xff, 0xff, 0x50, 0x6f, 0xff,
    0xff, 0xff, 0xff, 0xff, 0xff, 0xf5, 0x6, 0xff,
    0xff, 0xff, 0xff, 0xff, 0xff, 0xff, 0x50, 0x6f,
    0xff, 0xfa, 0xaa, 0xaa, 0xaa, 0xaa, 0xa3, 0x6,
    0xff, 0xff, 0x0, 0x0, 0x0, 0x0, 0x0, 0x0,
    0x6f, 0xff, 0xf0, 0x0, 0x0, 0x0, 0x0, 0x0,
    0x6, 0xff, 0xff, 0x0, 0x0, 0x0, 0x0, 0x0,
    0x0, 0x6f, 0xff, 0xf0, 0x0, 0x0, 0x0, 0x0,
    0x0, 0x6, 0xff, 0xff, 0x0, 0x0, 0x0, 0x0,
    0x0, 0x0, 0x6f, 0xff, 0xf0, 0x0, 0x0, 0x0,
    0x0, 0x0, 0x6, 0xff, 0xff, 0x0, 0x0, 0x0,
    0x0, 0x0, 0x0, 0x6f, 0xff, 0xf0, 0x0, 0x0,
    0x0, 0x0, 0x0, 0x6, 0xff, 0xff, 0x0, 0x0,
    0x0, 0x0, 0x0, 0x0, 0x6f, 0xff, 0xf0, 0x0,
    0x0, 0x0, 0x0, 0x0, 0x6, 0xff, 0xff, 0x0,
    0x0, 0x0, 0x0, 0x0, 0x0,

    /* U+0047 "G" */
    0x0, 0x0, 0x0, 0x5, 0xad, 0xef, 0xed, 0xa6,
    0x0, 0x0, 0x0, 0x0, 0x0, 0x5, 0xef, 0xff,
    0xff, 0xff, 0xff, 0xe6, 0x0, 0x0, 0x0, 0x0,
    0x8f, 0xff, 0xff, 0xff, 0xff, 0xff, 0xff, 0xa0,
    0x0, 0x0, 0x8, 0xff, 0xff, 0xff, 0xcb, 0xcf,
    0xff, 0xff, 0xf8, 0x0, 0x0, 0x3f, 0xff, 0xff,
    0x60, 0x0, 0x0, 0x5e, 0xff, 0xff, 0x20, 0x0,
    0xcf, 0xff, 0xf3, 0x0, 0x0, 0x0, 0x2, 0xff,
    0xff, 0x90, 0x3, 0xff, 0xff, 0x80, 0x0, 0x0,
    0x0, 0x0, 0x9f, 0xff, 0xe0, 0x8, 0xff, 0xff,
    0x10, 0x0, 0x0, 0x0, 0x0, 0x3d, 0xdd, 0xd1,
    0xc, 0xff, 0xfb, 0x0, 0x0, 0x0, 0x0, 0x0,
    0x0, 0x0, 0x0, 0xf, 0xff, 0xf8, 0x0, 0x0,
    0x0, 0x0, 0x0, 0x0, 0x0, 0x0, 0xf, 0xff,
    0xf6, 0x0, 0x0, 0x0, 0x0, 0x0, 0x0, 0x0,
    0x0, 0x1f, 0xff, 0xf5, 0x0, 0x0, 0x0, 0x0,
    0x0, 0x0, 0x0, 0x0, 0x2f, 0xff, 0xf5, 0x0,
    0x0, 0x7, 0xff, 0xff, 0xff, 0xff, 0xf3, 0x2f,
    0xff, 0xf5, 0x0, 0x0, 0x7, 0xff, 0xff, 0xff,
    0xff, 0xf3, 0x1f, 0xff, 0xf5, 0x0, 0x0, 0x7,
    0xff, 0xff, 0xff, 0xff, 0xf3, 0xf, 0xff, 0xf6,
    0x0, 0x0, 0x3, 0x77, 0x77, 0x9f, 0xff, 0xf3,
    0xe, 0xff, 0xf9, 0x0, 0x0, 0x0, 0x0, 0x0,
    0x3f, 0xff, 0xf3, 0xb, 0xff, 0xfc, 0x0, 0x0,
    0x0, 0x0, 0x0, 0x3f, 0xff, 0xf3, 0x7, 0xff,
    0xff, 0x20, 0x0, 0x0, 0x0, 0x0, 0x3f, 0xff,
    0xf3, 0x2, 0xff, 0xff, 0xb0, 0x0, 0x0, 0x0,
    0x0, 0x3f, 0xff, 0xf3, 0x0, 0xaf, 0xff, 0xf7,
    0x0, 0x0, 0x0, 0x0, 0x4f, 0xff, 0xf3, 0x0,
    0x2f, 0xff, 0xff, 0x91, 0x0, 0x0, 0x5, 0xef,
    0xff, 0xf3, 0x0, 0x5, 0xff, 0xff, 0xff, 0xdb,
    0xbc, 0xff, 0xff, 0xff, 0xe1, 0x0, 0x0, 0x6f,
    0xff, 0xff, 0xff, 0xff, 0xff, 0xff, 0xfd, 0x20,
    0x0, 0x0, 0x3, 0xcf, 0xff, 0xff, 0xff, 0xff,
    0xfe, 0x80, 0x0, 0x0, 0x0, 0x0, 0x3, 0x8c,
    0xef, 0xfd, 0xc8, 0x40, 0x0, 0x0,

    /* U+0048 "H" */
    0x6f, 0xff, 0xf0, 0x0, 0x0, 0x0, 0x0, 0x0,
    0x8f, 0xff, 0xe6, 0xff, 0xff, 0x0, 0x0, 0x0,
    0x0, 0x0, 0x8, 0xff, 0xfe, 0x6f, 0xff, 0xf0,
    0x0, 0x0, 0x0, 0x0, 0x0, 0x8f, 0xff, 0xe6,
    0xff, 0xff, 0x0, 0x0, 0x0, 0x0, 0x0, 0x8,
    0xff, 0xfe, 0x6f, 0xff, 0xf0, 0x0, 0x0, 0x0,
    0x0, 0x0, 0x8f, 0xff, 0xe6, 0xff, 0xff, 0x0,
    0x0, 0x0, 0x0, 0x0, 0x8, 0xff, 0xfe, 0x6f,
    0xff, 0xf0, 0x0, 0x0, 0x0, 0x0, 0x0, 0x8f,
    0xff, 0xe6, 0xff, 0xff, 0x0, 0x0, 0x0, 0x0,
    0x0, 0x8, 0xff, 0xfe, 0x6f, 0xff, 0xf0, 0x0,
    0x0, 0x0, 0x0, 0x0, 0x8f, 0xff, 0xe6, 0xff,
    0xff, 0x0, 0x0, 0x0, 0x0, 0x0, 0x8, 0xff,
    0xfe, 0x6f, 0xff, 0xfb, 0xbb, 0xbb, 0xbb, 0xbb,
    0xbb, 0xdf, 0xff, 0xe6, 0xff, 0xff, 0xff, 0xff,
    0xff, 0xff, 0xff, 0xff, 0xff, 0xfe, 0x6f, 0xff,
    0xff, 0xff, 0xff, 0xff, 0xff, 0xff, 0xff, 0xff,
    0xe6, 0xff, 0xff, 0xff, 0xff, 0xff, 0xff, 0xff,
    0xff, 0xff, 0xfe, 0x6f, 0xff, 0xf0, 0x0, 0x0,
    0x0, 0x0, 0x0, 0x8f, 0xff, 0xe6, 0xff, 0xff,
    0x0, 0x0, 0x0, 0x0, 0x0, 0x8, 0xff, 0xfe,
    0x6f, 0xff, 0xf0, 0x0, 0x0, 0x0, 0x0, 0x0,
    0x8f, 0xff, 0xe6, 0xff, 0xff, 0x0, 0x0, 0x0,
    0x0, 0x0, 0x8, 0xff, 0xfe, 0x6f, 0xff, 0xf0,
    0x0, 0x0, 0x0, 0x0, 0x0, 0x8f, 0xff, 0xe6,
    0xff, 0xff, 0x0, 0x0, 0x0, 0x0, 0x0, 0x8,
    0xff, 0xfe, 0x6f, 0xff, 0xf0, 0x0, 0x0, 0x0,
    0x0, 0x0, 0x8f, 0xff, 0xe6, 0xff, 0xff, 0x0,
    0x0, 0x0, 0x0, 0x0, 0x8, 0xff, 0xfe, 0x6f,
    0xff, 0xf0, 0x0, 0x0, 0x0, 0x0, 0x0, 0x8f,
    0xff, 0xe6, 0xff, 0xff, 0x0, 0x0, 0x0, 0x0,
    0x0, 0x8, 0xff, 0xfe, 0x6f, 0xff, 0xf0, 0x0,
    0x0, 0x0, 0x0, 0x0, 0x8f, 0xff, 0xe6, 0xff,
    0xff, 0x0, 0x0, 0x0, 0x0, 0x0, 0x8, 0xff,
    0xfe,

    /* U+0049 "I" */
    0x2f, 0xff, 0xf4, 0x2f, 0xff, 0xf4, 0x2f, 0xff,
    0xf4, 0x2f, 0xff, 0xf4, 0x2f, 0xff, 0xf4, 0x2f,
    0xff, 0xf4, 0x2f, 0xff, 0xf4, 0x2f, 0xff, 0xf4,
    0x2f, 0xff, 0xf4, 0x2f, 0xff, 0xf4, 0x2f, 0xff,
    0xf4, 0x2f, 0xff, 0xf4, 0x2f, 0xff, 0xf4, 0x2f,
    0xff, 0xf4, 0x2f, 0xff, 0xf4, 0x2f, 0xff, 0xf4,
    0x2f, 0xff, 0xf4, 0x2f, 0xff, 0xf4, 0x2f, 0xff,
    0xf4, 0x2f, 0xff, 0xf4, 0x2f, 0xff, 0xf4, 0x2f,
    0xff, 0xf4, 0x2f, 0xff, 0xf4, 0x2f, 0xff, 0xf4,
    0x2f, 0xff, 0xf4, 0x2f, 0xff, 0xf4,

    /* U+004A "J" */
    0x0, 0x0, 0x0, 0x0, 0x0, 0x0, 0xe, 0xff,
    0xf8, 0x0, 0x0, 0x0, 0x0, 0x0, 0x0, 0xe,
    0xff, 0xf8, 0x0, 0x0, 0x0, 0x0, 0x0, 0x0,
    0xe, 0xff, 0xf8, 0x0, 0x0, 0x0, 0x0, 0x0,
    0x0, 0xe, 0xff, 0xf8, 0x0, 0x0, 0x0, 0x0,
    0x0, 0x0, 0xe, 0xff, 0xf8, 0x0, 0x0, 0x0,
    0x0, 0x0, 0x0, 0xe, 0xff, 0xf8, 0x0, 0x0,
    0x0, 0x0, 0x0, 0x0, 0xe, 0xff, 0xf8, 0x0,
    0x0, 0x0, 0x0, 0x0, 0x0, 0xe, 0xff, 0xf8,
    0x0, 0x0, 0x0, 0x0, 0x0, 0x0, 0xe, 0xff,
    0xf8, 0x0, 0x0, 0x0, 0x0, 0x0, 0x0, 0xe,
    0xff, 0xf8, 0x0, 0x0, 0x0, 0x0, 0x0, 0x0,
    0xe, 0xff, 0xf8, 0x0, 0x0, 0x0, 0x0, 0x0,
    0x0, 0xe, 0xff, 0xf8, 0x0, 0x0, 0x0, 0x0,
    0x0, 0x0, 0xe, 0xff, 0xf8, 0x0, 0x0, 0x0,
    0x0, 0x0, 0x0, 0xe, 0xff, 0xf8, 0x0, 0x0,
    0x0, 0x0, 0x0, 0x0, 0xe, 0xff, 0xf8, 0x0,
    0x0, 0x0, 0x0, 0x0, 0x0, 0xe, 0xff, 0xf8,
    0x0, 0x0, 0x0, 0x0, 0x0, 0x0, 0xe, 0xff,
    0xf8, 0x0, 0x0, 0x0, 0x0, 0x0, 0x0, 0xe,
    0xff, 0xf8, 0x2c, 0xcc, 0xc2, 0x0, 0x0, 0x0,
    0xf, 0xff, 0xf7, 0x1f, 0xff, 0xf5, 0x0, 0x0,
    0x0, 0x2f, 0xff, 0xf6, 0xe, 0xff, 0xfa, 0x0,
    0x0, 0x0, 0x8f, 0xff, 0xf2, 0xa, 0xff, 0xff,
    0x70, 0x0, 0x6, 0xff, 0xff, 0xd0, 0x2, 0xff,
    0xff, 0xfe, 0xba, 0xef, 0xff, 0xff, 0x40, 0x0,
    0x6f, 0xff, 0xff, 0xff, 0xff, 0xff, 0xf8, 0x0,
    0x0, 0x5, 0xff, 0xff, 0xff, 0xff, 0xff, 0x60,
    0x0, 0x0, 0x0, 0x6, 0xbe, 0xff, 0xeb, 0x71,
    0x0, 0x0,

    /* U+004B "K" */
    0x6f, 0xff, 0xf0, 0x0, 0x0, 0x0, 0x0, 0x6f,
    0xff, 0xfe, 0x16, 0xff, 0xff, 0x0, 0x0, 0x0,
    0x0, 0x4f, 0xff, 0xff, 0x20, 0x6f, 0xff, 0xf0,
    0x0, 0x0, 0x0, 0x2e, 0xff, 0xff, 0x50, 0x6,
    0xff, 0xff, 0x0, 0x0, 0x0, 0xd, 0xff, 0xff,
    0x70, 0x0, 0x6f, 0xff, 0xf0, 0x0, 0x0, 0xb,
    0xff, 0xff, 0xa0, 0x0, 0x6, 0xff, 0xff, 0x0,
    0x0, 0x8, 0xff, 0xff, 0xc0, 0x0, 0x0, 0x6f,
    0xff, 0xf0, 0x0, 0x5, 0xff, 0xff, 0xe1, 0x0,
    0x0, 0x6, 0xff, 0xff, 0x0, 0x3, 0xff, 0xff,
    0xf3, 0x0, 0x0, 0x0, 0x6f, 0xff, 0xf0, 0x1,
    0xef, 0xff, 0xf5, 0x0, 0x0, 0x0, 0x6, 0xff,
    0xff, 0x0, 0xcf, 0xff, 0xf8, 0x0, 0x0, 0x0,
    0x0, 0x6f, 0xff, 0xf0, 0x9f, 0xff, 0xfb, 0x0,
    0x0, 0x0, 0x0, 0x6, 0xff, 0xff, 0x7f, 0xff,
    0xff, 0x10, 0x0, 0x0, 0x0, 0x0, 0x6f, 0xff,
    0xff, 0xff, 0xff, 0xf8, 0x0, 0x0, 0x0, 0x0,
    0x6, 0xff, 0xff, 0xff, 0xff, 0xff, 0xf4, 0x0,
    0x0, 0x0, 0x0, 0x6f, 0xff, 0xff, 0xff, 0xff,
    0xff, 0xe0, 0x0, 0x0, 0x0, 0x6, 0xff, 0xff,
    0xff, 0x48, 0xff, 0xff, 0xa0, 0x0, 0x0, 0x0,
    0x6f, 0xff, 0xff, 0x50, 0xc, 0xff, 0xff, 0x50,
    0x0, 0x0, 0x6, 0xff, 0xff, 0x60, 0x0, 0x2f,
    0xff, 0xfe, 0x10, 0x0, 0x0, 0x6f, 0xff, 0xf0,
    0x0, 0x0, 0x7f, 0xff, 0xfb, 0x0, 0x0, 0x6,
    0xff, 0xff, 0x0, 0x0, 0x0, 0xcf, 0xff, 0xf6,
    0x0, 0x0, 0x6f, 0xff, 0xf0, 0x0, 0x0, 0x2,
    0xff, 0xff, 0xf2, 0x0, 0x6, 0xff, 0xff, 0x0,
    0x0, 0x0, 0x6, 0xff, 0xff, 0xc0, 0x0, 0x6f,
    0xff, 0xf0, 0x0, 0x0, 0x0, 0xb, 0xff, 0xff,
    0x70, 0x6, 0xff, 0xff, 0x0, 0x0, 0x0, 0x0,
    0x1f, 0xff, 0xff, 0x30, 0x6f, 0xff, 0xf0, 0x0,
    0x0, 0x0, 0x0, 0x5f, 0xff, 0xfd, 0x6, 0xff,
    0xff, 0x0, 0x0, 0x0, 0x0, 0x0, 0xaf, 0xff,
    0xf9,

    /* U+004C "L" */
    0x6f, 0xff, 0xf0, 0x0, 0x0, 0x0, 0x0, 0x0,
    0x6, 0xff, 0xff, 0x0, 0x0, 0x0, 0x0, 0x0,
    0x0, 0x6f, 0xff, 0xf0, 0x0, 0x0, 0x0, 0x0,
    0x0, 0x6, 0xff, 0xff, 0x0, 0x0, 0x0, 0x0,
    0x0, 0x0, 0x6f, 0xff, 0xf0, 0x0, 0x0, 0x0,
    0x0, 0x0, 0x6, 0xff, 0xff, 0x0, 0x0, 0x0,
    0x0, 0x0, 0x0, 0x6f, 0xff, 0xf0, 0x0, 0x0,
    0x0, 0x0, 0x0, 0x6, 0xff, 0xff, 0x0, 0x0,
    0x0, 0x0, 0x0, 0x0, 0x6f, 0xff, 0xf0, 0x0,
    0x0, 0x0, 0x0, 0x0, 0x6, 0xff, 0xff, 0x0,
    0x0, 0x0, 0x0, 0x0, 0x0, 0x6f, 0xff, 0xf0,
    0x0, 0x0, 0x0, 0x0, 0x0, 0x6, 0xff, 0xff,
    0x0, 0x0, 0x0, 0x0, 0x0, 0x0, 0x6f, 0xff,
    0xf0, 0x0, 0x0, 0x0, 0x0, 0x0, 0x6, 0xff,
    0xff, 0x0, 0x0, 0x0, 0x0, 0x0, 0x0, 0x6f,
    0xff, 0xf0, 0x0, 0x0, 0x0, 0x0, 0x0, 0x6,
    0xff, 0xff, 0x0, 0x0, 0x0, 0x0, 0x0, 0x0,
    0x6f, 0xff, 0xf0, 0x0, 0x0, 0x0, 0x0, 0x0,
    0x6, 0xff, 0xff, 0x0, 0x0, 0x0, 0x0, 0x0,
    0x0, 0x6f, 0xff, 0xf0, 0x0, 0x0, 0x0, 0x0,
    0x0, 0x6, 0xff, 0xff, 0x0, 0x0, 0x0, 0x0,
    0x0, 0x0, 0x6f, 0xff, 0xf0, 0x0, 0x0, 0x0,
    0x0, 0x0, 0x6, 0xff, 0xff, 0x0, 0x0, 0x0,
    0x0, 0x0, 0x0, 0x6f, 0xff, 0xfa, 0xaa, 0xaa,
    0xaa, 0xaa, 0xaa, 0x76, 0xff, 0xff, 0xff, 0xff,
    0xff, 0xff, 0xff, 0xfa, 0x6f, 0xff, 0xff, 0xff,
    0xff, 0xff, 0xff, 0xff, 0xa6, 0xff, 0xff, 0xff,
    0xff, 0xff, 0xff, 0xff, 0xfa,

    /* U+004D "M" */
    0x6f, 0xff, 0xff, 0x80, 0x0, 0x0, 0x0, 0x0,
    0x0, 0x0, 0x1f, 0xff, 0xff, 0xd6, 0xff, 0xff,
    0xfe, 0x0, 0x0, 0x0, 0x0, 0x0, 0x0, 0x7,
    0xff, 0xff, 0xfd, 0x6f, 0xff, 0xff, 0xf4, 0x0,
    0x0, 0x0, 0x0, 0x0, 0x0, 0xdf, 0xff, 0xff,
    0xd6, 0xff, 0xff, 0xff, 0xa0, 0x0, 0x0, 0x0,
    0x0, 0x0, 0x2f, 0xff, 0xff, 0xfd, 0x6f, 0xff,
    0xff, 0xff, 0x10, 0x0, 0x0, 0x0, 0x0, 0x8,
    0xff, 0xff, 0xff, 0xd6, 0xff, 0xff, 0xff, 0xf6,
    0x0, 0x0, 0x0, 0x0, 0x0, 0xef, 0xff, 0xff,
    0xfd, 0x6f, 0xff, 0xdf, 0xff, 0xc0, 0x0, 0x0,
    0x0, 0x0, 0x4f, 0xff, 0xdf, 0xff, 0xd6, 0xff,
    0xfa, 0xdf, 0xff, 0x20, 0x0, 0x0, 0x0, 0xa,
    0xff, 0xf7, 0xff, 0xfd, 0x6f, 0xff, 0xb7, 0xff,
    0xf8, 0x0, 0x0, 0x0, 0x1, 0xff, 0xfe, 0x3f,
    0xff, 0xd6, 0xff, 0xfb, 0x1f, 0xff, 0xe0, 0x0,
    0x0, 0x0, 0x6f, 0xff, 0x84, 0xff, 0xfd, 0x6f,
    0xff, 0xc0, 0xbf, 0xff, 0x40, 0x0, 0x0, 0xc,
    0xff, 0xf2, 0x4f, 0xff, 0xd6, 0xff, 0xfc, 0x5,
    0xff, 0xfa, 0x0, 0x0, 0x2, 0xff, 0xfc, 0x5,
    0xff, 0xfd, 0x6f, 0xff, 0xd0, 0xe, 0xff, 0xf0,
    0x0, 0x0, 0x8f, 0xff, 0x60, 0x6f, 0xff, 0xd6,
    0xff, 0xfe, 0x0, 0x9f, 0xff, 0x50, 0x0, 0xd,
    0xff, 0xf1, 0x6, 0xff, 0xfd, 0x6f, 0xff, 0xe0,
    0x3, 0xff, 0xfb, 0x0, 0x3, 0xff, 0xfa, 0x0,
    0x7f, 0xff, 0xd6, 0xff, 0xff, 0x0, 0xd, 0xff,
    0xf1, 0x0, 0x9f, 0xff, 0x40, 0x7, 0xff, 0xfd,
    0x6f, 0xff, 0xf0, 0x0, 0x7f, 0xff, 0x70, 0xf,
    0xff, 0xe0, 0x0, 0x8f, 0xff, 0xd6, 0xff, 0xff,
    0x0, 0x1, 0xff, 0xfd, 0x5, 0xff, 0xf8, 0x0,
    0x8, 0xff, 0xfd, 0x6f, 0xff, 0xf0, 0x0, 0xb,
    0xff, 0xf3, 0xbf, 0xff, 0x20, 0x0, 0x9f, 0xff,
    0xd6, 0xff, 0xff, 0x0, 0x0, 0x5f, 0xff, 0xbf,
    0xff, 0xc0, 0x0, 0x9, 0xff, 0xfd, 0x6f, 0xff,
    0xf0, 0x0, 0x0, 0xef, 0xff, 0xff, 0xf6, 0x0,
    0x0, 0x9f, 0xff, 0xd6, 0xff, 0xff, 0x0, 0x0,
    0x8, 0xff, 0xff, 0xff, 0x0, 0x0, 0x9, 0xff,
    0xfd, 0x6f, 0xff, 0xf0, 0x0, 0x0, 0x2f, 0xff,
    0xff, 0xa0, 0x0, 0x0, 0x9f, 0xff, 0xd6, 0xff,
    0xff, 0x0, 0x0, 0x0, 0xcf, 0xff, 0xf4, 0x0,
    0x0, 0x9, 0xff, 0xfd, 0x6f, 0xff, 0xf0, 0x0,
    0x0, 0x6, 0xff, 0xfd, 0x0, 0x0, 0x0, 0x9f,
    0xff, 0xd6, 0xff, 0xff, 0x0, 0x0, 0x0, 0x1f,
    0xff, 0x80, 0x0, 0x0, 0x9, 0xff, 0xfd,

    /* U+004E "N" */
    0x6f, 0xff, 0xf5, 0x0, 0x0, 0x0, 0x0, 0x0,
    0x8f, 0xff, 0xe6, 0xff, 0xff, 0xe1, 0x0, 0x0,
    0x0, 0x0, 0x8, 0xff, 0xfe, 0x6f, 0xff, 0xff,
    0x90, 0x0, 0x0, 0x0, 0x0, 0x8f, 0xff, 0xe6,
    0xff, 0xff, 0xff, 0x30, 0x0, 0x0, 0x0, 0x8,
    0xff, 0xfe, 0x6f, 0xff, 0xff, 0xfd, 0x0, 0x0,
    0x0, 0x0, 0x8f, 0xff, 0xe6, 0xff, 0xff, 0xff,
    0xf7, 0x0, 0x0, 0x0, 0x8, 0xff, 0xfe, 0x6f,
    0xff, 0xff, 0xff, 0xf1, 0x0, 0x0, 0x0, 0x8f,
    0xff, 0xe6, 0xff, 0xff, 0xef, 0xff, 0xa0, 0x0,
    0x0, 0x8, 0xff, 0xfe, 0x6f, 0xff, 0xf6, 0xff,
    0xff, 0x40, 0x0, 0x0, 0x8f, 0xff, 0xe6, 0xff,
    0xff, 0xb, 0xff, 0xfe, 0x0, 0x0, 0x8, 0xff,
    0xfe, 0x6f, 0xff, 0xf0, 0x2f, 0xff, 0xf8, 0x0,
    0x0, 0x8f, 0xff, 0xe6, 0xff, 0xff, 0x0, 0x8f,
    0xff, 0xf2, 0x0, 0x8, 0xff, 0xfe, 0x6f, 0xff,
    0xf0, 0x0, 0xdf, 0xff, 0xc0, 0x0, 0x8f, 0xff,
    0xe6, 0xff, 0xff, 0x0, 0x4, 0xff, 0xff, 0x60,
    0x8, 0xff, 0xfe, 0x6f, 0xff, 0xf0, 0x0, 0xa,
    0xff, 0xfe, 0x10, 0x8f, 0xff, 0xe6, 0xff, 0xff,
    0x0, 0x0, 0x1f, 0xff, 0xfa, 0x8, 0xff, 0xfe,
    0x6f, 0xff, 0xf0, 0x0, 0x0, 0x6f, 0xff, 0xf4,
    0x8f, 0xff, 0xe6, 0xff, 0xff, 0x0, 0x0, 0x0,
    0xcf, 0xff, 0xd8, 0xff, 0xfe, 0x6f, 0xff, 0xf0,
    0x0, 0x0, 0x3, 0xff, 0xff, 0xef, 0xff, 0xe6,
    0xff, 0xff, 0x0, 0x0, 0x0, 0x9, 0xff, 0xff,
    0xff, 0xfe, 0x6f, 0xff, 0xf0, 0x0, 0x0, 0x0,
    0xe, 0xff, 0xff, 0xff, 0xe6, 0xff, 0xff, 0x0,
    0x0, 0x0, 0x0, 0x5f, 0xff, 0xff, 0xfe, 0x6f,
    0xff, 0xf0, 0x0, 0x0, 0x0, 0x0, 0xbf, 0xff,
    0xff, 0xe6, 0xff, 0xff, 0x0, 0x0, 0x0, 0x0,
    0x2, 0xff, 0xff, 0xfe, 0x6f, 0xff, 0xf0, 0x0,
    0x0, 0x0, 0x0, 0x7, 0xff, 0xff, 0xe6, 0xff,
    0xff, 0x0, 0x0, 0x0, 0x0, 0x0, 0xd, 0xff,
    0xfe,

    /* U+004F "O" */
    0x0, 0x0, 0x0, 0x4, 0x9d, 0xff, 0xec, 0x93,
    0x0, 0x0, 0x0, 0x0, 0x0, 0x0, 0x3d, 0xff,
    0xff, 0xff, 0xff, 0xfb, 0x20, 0x0, 0x0, 0x0,
    0x0, 0x6f, 0xff, 0xff, 0xff, 0xff, 0xff, 0xff,
    0x40, 0x0, 0x0, 0x0, 0x6f, 0xff, 0xff, 0xfe,
    0xde, 0xff, 0xff, 0xff, 0x40, 0x0, 0x0, 0x2f,
    0xff, 0xff, 0x92, 0x0, 0x3, 0xaf, 0xff, 0xfe,
    0x0, 0x0, 0xa, 0xff, 0xff, 0x60, 0x0, 0x0,
    0x0, 0x8f, 0xff, 0xf8, 0x0, 0x2, 0xff, 0xff,
    0x90, 0x0, 0x0, 0x0, 0x0, 0xcf, 0xff, 0xf0,
    0x0, 0x8f, 0xff, 0xf1, 0x0, 0x0, 0x0, 0x0,
    0x3, 0xff, 0xff, 0x50, 0xc, 0xff, 0xfb, 0x0,
    0x0, 0x0, 0x0, 0x0, 0xe, 0xff, 0xf9, 0x0,
    0xff, 0xff, 0x80, 0x0, 0x0, 0x0, 0x0, 0x0,
    0xaf, 0xff, 0xc0, 0x1f, 0xff, 0xf5, 0x0, 0x0,
    0x0, 0x0, 0x0, 0x8, 0xff, 0xfe, 0x2, 0xff,
    0xff, 0x40, 0x0, 0x0, 0x0, 0x0, 0x0, 0x7f,
    0xff, 0xf0, 0x3f, 0xff, 0xf3, 0x0, 0x0, 0x0,
    0x0, 0x0, 0x6, 0xff, 0xff, 0x3, 0xff, 0xff,
    0x30, 0x0, 0x0, 0x0, 0x0, 0x0, 0x6f, 0xff,
    0xf0, 0x2f, 0xff, 0xf4, 0x0, 0x0, 0x0, 0x0,
    0x0, 0x7, 0xff, 0xff, 0x1, 0xff, 0xff, 0x50,
    0x0, 0x0, 0x0, 0x0, 0x0, 0x8f, 0xff, 0xe0,
    0xf, 0xff, 0xf8, 0x0, 0x0, 0x0, 0x0, 0x0,
    0xa, 0xff, 0xfc, 0x0, 0xcf, 0xff, 0xb0, 0x0,
    0x0, 0x0, 0x0, 0x0, 0xef, 0xff, 0x90, 0x8,
    0xff, 0xff, 0x10, 0x0, 0x0, 0x0, 0x0, 0x3f,
    0xff, 0xf5, 0x0, 0x2f, 0xff, 0xf9, 0x0, 0x0,
    0x0, 0x0, 0xb, 0xff, 0xff, 0x0, 0x0, 0xbf,
    0xff, 0xf5, 0x0, 0x0, 0x0, 0x6, 0xff, 0xff,
    0x80, 0x0, 0x2, 0xff, 0xff, 0xf8, 0x10, 0x0,
    0x29, 0xff, 0xff, 0xe1, 0x0, 0x0, 0x6, 0xff,
    0xff, 0xff, 0xdc, 0xdf, 0xff, 0xff, 0xf4, 0x0,
    0x0, 0x0, 0x6, 0xff, 0xff, 0xff, 0xff, 0xff,
    0xff, 0xf5, 0x0, 0x0, 0x0, 0x0, 0x3, 0xcf,
    0xff, 0xff, 0xff, 0xff, 0xc2, 0x0, 0x0, 0x0,
    0x0, 0x0, 0x0, 0x49, 0xdf, 0xfe, 0xc9, 0x30,
    0x0, 0x0, 0x0,

    /* U+0050 "P" */
    0x6f, 0xff, 0xff, 0xff, 0xff, 0xfe, 0xd9, 0x50,
    0x0, 0x0, 0x6f, 0xff, 0xff, 0xff, 0xff, 0xff,
    0xff, 0xfe, 0x40, 0x0, 0x6f, 0xff, 0xff, 0xff,
    0xff, 0xff, 0xff, 0xff, 0xf7, 0x0, 0x6f, 0xff,
    0xfb, 0xbb, 0xbb, 0xbc, 0xff, 0xff, 0xff, 0x50,
    0x6f, 0xff, 0xf0, 0x0, 0x0, 0x0, 0x18, 0xff,
    0xff, 0xe0, 0x6f, 0xff, 0xf0, 0x0, 0x0, 0x0,
    0x0, 0x8f, 0xff, 0xf5, 0x6f, 0xff, 0xf0, 0x0,
    0x0, 0x0, 0x0, 0xf, 0xff, 0xf9, 0x6f, 0xff,
    0xf0, 0x0, 0x0, 0x0, 0x0, 0xc, 0xff, 0xfa,
    0x6f, 0xff, 0xf0, 0x0, 0x0, 0x0, 0x0, 0xc,
    0xff, 0xfb, 0x6f, 0xff, 0xf0, 0x0, 0x0, 0x0,
    0x0, 0xe, 0xff, 0xf9, 0x6f, 0xff, 0xf0, 0x0,
    0x0, 0x0, 0x0, 0x6f, 0xff, 0xf6, 0x6f, 0xff,
    0xf0, 0x0, 0x0, 0x0, 0x6, 0xff, 0xff, 0xf1,
    0x6f, 0xff, 0xfb, 0xbb, 0xbb, 0xbc, 0xff, 0xff,
    0xff, 0x70, 0x6f, 0xff, 0xff, 0xff, 0xff, 0xff,
    0xff, 0xff, 0xfa, 0x0, 0x6f, 0xff, 0xff, 0xff,
    0xff, 0xff, 0xff, 0xff, 0x60, 0x0, 0x6f, 0xff,
    0xff, 0xff, 0xff, 0xfe, 0xda, 0x60, 0x0, 0x0,
    0x6f, 0xff, 0xf0, 0x0, 0x0, 0x0, 0x0, 0x0,
    0x0, 0x0, 0x6f, 0xff, 0xf0, 0x0, 0x0, 0x0,
    0x0, 0x0, 0x0, 0x0, 0x6f, 0xff, 0xf0, 0x0,
    0x0, 0x0, 0x0, 0x0, 0x0, 0x0, 0x6f, 0xff,
    0xf0, 0x0, 0x0, 0x0, 0x0, 0x0, 0x0, 0x0,
    0x6f, 0xff, 0xf0, 0x0, 0x0, 0x0, 0x0, 0x0,
    0x0, 0x0, 0x6f, 0xff, 0xf0, 0x0, 0x0, 0x0,
    0x0, 0x0, 0x0, 0x0, 0x6f, 0xff, 0xf0, 0x0,
    0x0, 0x0, 0x0, 0x0, 0x0, 0x0, 0x6f, 0xff,
    0xf0, 0x0, 0x0, 0x0, 0x0, 0x0, 0x0, 0x0,
    0x6f, 0xff, 0xf0, 0x0, 0x0, 0x0, 0x0, 0x0,
    0x0, 0x0, 0x6f, 0xff, 0xf0, 0x0, 0x0, 0x0,
    0x0, 0x0, 0x0, 0x0,

    /* U+0051 "Q" */
    0x0, 0x0, 0x0, 0x5, 0xad, 0xff, 0xec, 0x83,
    0x0, 0x0, 0x0, 0x0, 0x0, 0x4, 0xdf, 0xff,
    0xff, 0xff, 0xff, 0xb1, 0x0, 0x0, 0x0, 0x0,
    0x8f, 0xff, 0xff, 0xff, 0xff, 0xff, 0xfe, 0x30,
    0x0, 0x0, 0x7, 0xff, 0xff, 0xff, 0xed, 0xff,
    0xff, 0xff, 0xf3, 0x0, 0x0, 0x3f, 0xff, 0xff,
    0x81, 0x0, 0x3, 0xbf, 0xff, 0xfd, 0x0, 0x0,
    0xcf, 0xff, 0xf4, 0x0, 0x0, 0x0, 0x9, 0xff,
    0xff, 0x70, 0x3, 0xff, 0xff, 0x80, 0x0, 0x0,
    0x0, 0x0, 0xdf, 0xff, 0xe0, 0x9, 0xff, 0xff,
    0x0, 0x0, 0x0, 0x0, 0x0, 0x5f, 0xff, 0xf4,
    0xe, 0xff, 0xfa, 0x0, 0x0, 0x0, 0x0, 0x0,
    0xf, 0xff, 0xf8, 0x1f, 0xff, 0xf6, 0x0, 0x0,
    0x0, 0x0, 0x0, 0xc, 0xff, 0xfb, 0x3f, 0xff,
    0xf3, 0x0, 0x0, 0x0, 0x0, 0x0, 0xa, 0xff,
    0xfd, 0x4f, 0xff, 0xf2, 0x0, 0x0, 0x0, 0x0,
    0x0, 0x9, 0xff, 0xfe, 0x4f, 0xff, 0xf2, 0x0,
    0x0, 0x0, 0x0, 0x0, 0x8, 0xff, 0xfe, 0x4f,
    0xff, 0xf2, 0x0, 0x0, 0x0, 0x0, 0x0, 0x8,
    0xff, 0xfe, 0x4f, 0xff, 0xf2, 0x0, 0x0, 0x0,
    0x0, 0x0, 0x9, 0xff, 0xfe, 0x3f, 0xff, 0xf4,
    0x0, 0x0, 0x0, 0x0, 0x0, 0xa, 0xff, 0xfd,
    0x1f, 0xff, 0xf6, 0x0, 0x0, 0x0, 0x0, 0x0,
    0xc, 0xff, 0xfb, 0xe, 0xff, 0xfa, 0x0, 0x0,
    0x0, 0x0, 0x0, 0xf, 0xff, 0xf8, 0x9, 0xff,
    0xff, 0x0, 0x0, 0x0, 0x0, 0x0, 0x5f, 0xff,
    0xf4, 0x4, 0xff, 0xff, 0x70, 0x0, 0x0, 0x0,
    0x0, 0xcf, 0xff, 0xe0, 0x0, 0xcf, 0xff, 0xf4,
    0x0, 0x0, 0x0, 0x8, 0xff, 0xff, 0x70, 0x0,
    0x3f, 0xff, 0xff, 0x71, 0x0, 0x2, 0xaf, 0xff,
    0xfd, 0x0, 0x0, 0x7, 0xff, 0xff, 0xff, 0xdc,
    0xef, 0xff, 0xff, 0xf2, 0x0, 0x0, 0x0, 0x8f,
    0xff, 0xff, 0xff, 0xff, 0xff, 0xfe, 0x30, 0x0,
    0x0, 0x0, 0x4, 0xdf, 0xff, 0xff, 0xff, 0xff,
    0xfe, 0x40, 0x0, 0x0, 0x0, 0x0, 0x4, 0xad,
    0xff, 0xed, 0xff, 0xff, 0xf7, 0x0, 0x0, 0x0,
    0x0, 0x0, 0x0, 0x0, 0x0, 0x7f, 0xff, 0xff,
    0xa0, 0x0, 0x0, 0x0, 0x0, 0x0, 0x0, 0x0,
    0x4, 0xff, 0xff, 0xfa, 0x0, 0x0, 0x0, 0x0,
    0x0, 0x0, 0x0, 0x0, 0x2d, 0xff, 0xd1, 0x0,
    0x0, 0x0, 0x0, 0x0, 0x0, 0x0, 0x0, 0x1,
    0xbc, 0x10, 0x0, 0x0, 0x0, 0x0, 0x0, 0x0,
    0x0, 0x0, 0x0, 0x0, 0x0,

    /* U+0052 "R" */
    0x6f, 0xff, 0xff, 0xff, 0xff, 0xfe, 0xb7, 0x20,
    0x0, 0x0, 0x6f, 0xff, 0xff, 0xff, 0xff, 0xff,
    0xff, 0xf9, 0x10, 0x0, 0x6f, 0xff, 0xff, 0xff,
    0xff, 0xff, 0xff, 0xff, 0xd1, 0x0, 0x6f, 0xff,
    0xfb, 0xbb, 0xbb, 0xce, 0xff, 0xff, 0xfb, 0x0,
    0x6f, 0xff, 0xf0, 0x0, 0x0, 0x0, 0x5e, 0xff,
    0xff, 0x30, 0x6f, 0xff, 0xf0, 0x0, 0x0, 0x0,
    0x3, 0xff, 0xff, 0x90, 0x6f, 0xff, 0xf0, 0x0,
    0x0, 0x0, 0x0, 0xcf, 0xff, 0xb0, 0x6f, 0xff,
    0xf0, 0x0, 0x0, 0x0, 0x0, 0xaf, 0xff, 0xd0,
    0x6f, 0xff, 0xf0, 0x0, 0x0, 0x0, 0x0, 0xaf,
    0xff, 0xc0, 0x6f, 0xff, 0xf0, 0x0, 0x0, 0x0,
    0x0, 0xef, 0xff, 0xa0, 0x6f, 0xff, 0xf0, 0x0,
    0x0, 0x0, 0x8, 0xff, 0xff, 0x50, 0x6f, 0xff,
    0xf0, 0x0, 0x0, 0x4, 0xaf, 0xff, 0xfd, 0x0,
    0x6f, 0xff, 0xff, 0xff, 0xff, 0xff, 0xff, 0xff,
    0xe2, 0x0, 0x6f, 0xff, 0xff, 0xff, 0xff, 0xff,
    0xff, 0xfd, 0x20, 0x0, 0x6f, 0xff, 0xff, 0xff,
    0xff, 0xff, 0xff, 0x80, 0x0, 0x0, 0x6f, 0xff,
    0xfb, 0xbb, 0xbb, 0xff, 0xff, 0x90, 0x0, 0x0,
    0x6f, 0xff, 0xf0, 0x0, 0x0, 0x9f, 0xff, 0xf2,
    0x0, 0x0, 0x6f, 0xff, 0xf0, 0x0, 0x0, 0x1f,
    0xff, 0xf9, 0x0, 0x0, 0x6f, 0xff, 0xf0, 0x0,
    0x0, 0x9, 0xff, 0xff, 0x20, 0x0, 0x6f, 0xff,
    0xf0, 0x0, 0x0, 0x1, 0xff, 0xff, 0x90, 0x0,
    0x6f, 0xff, 0xf0, 0x0, 0x0, 0x0, 0x9f, 0xff,
    0xf2, 0x0, 0x6f, 0xff, 0xf0, 0x0, 0x0, 0x0,
    0x2f, 0xff, 0xfa, 0x0, 0x6f, 0xff, 0xf0, 0x0,
    0x0, 0x0, 0x9, 0xff, 0xff, 0x20, 0x6f, 0xff,
    0xf0, 0x0, 0x0, 0x0, 0x2, 0xff, 0xff, 0xa0,
    0x6f, 0xff, 0xf0, 0x0, 0x0, 0x0, 0x0, 0x9f,
    0xff, 0xf2, 0x6f, 0xff, 0xf0, 0x0, 0x0, 0x0,
    0x0, 0x2f, 0xff, 0xfa,

    /* U+0053 "S" */
    0x0, 0x0, 0x1, 0x7b, 0xef, 0xfd, 0xc7, 0x20,
    0x0, 0x0, 0x0, 0x0, 0x9f, 0xff, 0xff, 0xff,
    0xff, 0xfa, 0x10, 0x0, 0x0, 0x1d, 0xff, 0xff,
    0xff, 0xff, 0xff, 0xff, 0xe2, 0x0, 0x0, 0xcf,
    0xff, 0xff, 0xdb, 0xbc, 0xff, 0xff, 0xfd, 0x10,
    0x6, 0xff, 0xff, 0xc3, 0x0, 0x0, 0x1a, 0xff,
    0xff, 0x90, 0xb, 0xff, 0xfe, 0x10, 0x0, 0x0,
    0x0, 0xaf, 0xff, 0xf0, 0xd, 0xff, 0xf9, 0x0,
    0x0, 0x0, 0x0, 0x3f, 0xff, 0xf4, 0xd, 0xff,
    0xf9, 0x0, 0x0, 0x0, 0x0, 0xd, 0xdd, 0xd4,
    0xa, 0xff, 0xfe, 0x10, 0x0, 0x0, 0x0, 0x0,
    0x0, 0x0, 0x4, 0xff, 0xff, 0xc2, 0x0, 0x0,
    0x0, 0x0, 0x0, 0x0, 0x0, 0xbf, 0xff, 0xff,
    0xb4, 0x0, 0x0, 0x0, 0x0, 0x0, 0x0, 0xc,
    0xff, 0xff, 0xff, 0xfa, 0x50, 0x0, 0x0, 0x0,
    0x0, 0x0, 0x8f, 0xff, 0xff, 0xff, 0xfe, 0x81,
    0x0, 0x0, 0x0, 0x0, 0x1, 0x9e, 0xff, 0xff,
    0xff, 0xfe, 0x50, 0x0, 0x0, 0x0, 0x0, 0x0,
    0x5a, 0xef, 0xff, 0xff, 0xf8, 0x0, 0x0, 0x0,
    0x0, 0x0, 0x0, 0x4, 0xbf, 0xff, 0xff, 0x50,
    0x0, 0x0, 0x0, 0x0, 0x0, 0x0, 0x4, 0xef,
    0xff, 0xd0, 0x1, 0x11, 0x0, 0x0, 0x0, 0x0,
    0x0, 0x5f, 0xff, 0xf3, 0xaf, 0xff, 0xc0, 0x0,
    0x0, 0x0, 0x0, 0x1f, 0xff, 0xf5, 0x8f, 0xff,
    0xf0, 0x0, 0x0, 0x0, 0x0, 0x1f, 0xff, 0xf6,
    0x4f, 0xff, 0xf8, 0x0, 0x0, 0x0, 0x0, 0x6f,
    0xff, 0xf4, 0xc, 0xff, 0xff, 0x91, 0x0, 0x0,
    0x5, 0xff, 0xff, 0xf0, 0x2, 0xff, 0xff, 0xff,
    0xca, 0xab, 0xef, 0xff, 0xff, 0x70, 0x0, 0x3e,
    0xff, 0xff, 0xff, 0xff, 0xff, 0xff, 0xfa, 0x0,
    0x0, 0x1, 0x9f, 0xff, 0xff, 0xff, 0xff, 0xff,
    0x70, 0x0, 0x0, 0x0, 0x1, 0x6b, 0xdf, 0xfe,
    0xda, 0x60, 0x0, 0x0,

    /* U+0054 "T" */
    0x3f, 0xff, 0xff, 0xff, 0xff, 0xff, 0xff, 0xff,
    0xff, 0xff, 0xf1, 0x3f, 0xff, 0xff, 0xff, 0xff,
    0xff, 0xff, 0xff, 0xff, 0xff, 0xf1, 0x3f, 0xff,
    0xff, 0xff, 0xff, 0xff, 0xff, 0xff, 0xff, 0xff,
    0xf1, 0x2b, 0xbb, 0xbb, 0xbb, 0xcf, 0xff, 0xfb,
    0xbb, 0xbb, 0xbb, 0xb1, 0x0, 0x0, 0x0, 0x0,
    0x4f, 0xff, 0xf1, 0x0, 0x0, 0x0, 0x0, 0x0,
    0x0, 0x0, 0x0, 0x4f, 0xff, 0xf1, 0x0, 0x0,
    0x0, 0x0, 0x0, 0x0, 0x0, 0x0, 0x4f, 0xff,
    0xf1, 0x0, 0x0, 0x0, 0x0, 0x0, 0x0, 0x0,
    0x0, 0x4f, 0xff, 0xf1, 0x0, 0x0, 0x0, 0x0,
    0x0, 0x0, 0x0, 0x0, 0x4f, 0xff, 0xf1, 0x0,
    0x0, 0x0, 0x0, 0x0, 0x0, 0x0, 0x0, 0x4f,
    0xff, 0xf1, 0x0, 0x0, 0x0, 0x0, 0x0, 0x0,
    0x0, 0x0, 0x4f, 0xff, 0xf1, 0x0, 0x0, 0x0,
    0x0, 0x0, 0x0, 0x0, 0x0, 0x4f, 0xff, 0xf1,
    0x0, 0x0, 0x0, 0x0, 0x0, 0x0, 0x0, 0x0,
    0x4f, 0xff, 0xf1, 0x0, 0x0, 0x0, 0x0, 0x0,
    0x0, 0x0, 0x0, 0x4f, 0xff, 0xf1, 0x0, 0x0,
    0x0, 0x0, 0x0, 0x0, 0x0, 0x0, 0x4f, 0xff,
    0xf1, 0x0, 0x0, 0x0, 0x0, 0x0, 0x0, 0x0,
    0x0, 0x4f, 0xff, 0xf1, 0x0, 0x0, 0x0, 0x0,
    0x0, 0x0, 0x0, 0x0, 0x4f, 0xff, 0xf1, 0x0,
    0x0, 0x0, 0x0, 0x0, 0x0, 0x0, 0x0, 0x4f,
    0xff, 0xf1, 0x0, 0x0, 0x0, 0x0, 0x0, 0x0,
    0x0, 0x0, 0x4f, 0xff, 0xf1, 0x0, 0x0, 0x0,
    0x0, 0x0, 0x0, 0x0, 0x0, 0x4f, 0xff, 0xf1,
    0x0, 0x0, 0x0, 0x0, 0x0, 0x0, 0x0, 0x0,
    0x4f, 0xff, 0xf1, 0x0, 0x0, 0x0, 0x0, 0x0,
    0x0, 0x0, 0x0, 0x4f, 0xff, 0xf1, 0x0, 0x0,
    0x0, 0x0, 0x0, 0x0, 0x0, 0x0, 0x4f, 0xff,
    0xf1, 0x0, 0x0, 0x0, 0x0, 0x0, 0x0, 0x0,
    0x0, 0x4f, 0xff, 0xf1, 0x0, 0x0, 0x0, 0x0,
    0x0, 0x0, 0x0, 0x0, 0x4f, 0xff, 0xf1, 0x0,
    0x0, 0x0, 0x0, 0x0, 0x0, 0x0, 0x0, 0x4f,
    0xff, 0xf1, 0x0, 0x0, 0x0, 0x0,

    /* U+0055 "U" */
    0xcf, 0xff, 0xa0, 0x0, 0x0, 0x0, 0x0, 0x1f,
    0xff, 0xf5, 0xcf, 0xff, 0xa0, 0x0, 0x0, 0x0,
    0x0, 0x1f, 0xff, 0xf5, 0xcf, 0xff, 0xa0, 0x0,
    0x0, 0x0, 0x0, 0x1f, 0xff, 0xf5, 0xcf, 0xff,
    0xa0, 0x0, 0x0, 0x0, 0x0, 0x1f, 0xff, 0xf5,
    0xcf, 0xff, 0xa0, 0x0, 0x0, 0x0, 0x0, 0x1f,
    0xff, 0xf5, 0xcf, 0xff, 0xa0, 0x0, 0x0, 0x0,
    0x0, 0x1f, 0xff, 0xf5, 0xcf, 0xff, 0xa0, 0x0,
    0x0, 0x0, 0x0, 0x1f, 0xff, 0xf5, 0xcf, 0xff,
    0xa0, 0x0, 0x0, 0x0, 0x0, 0x1f, 0xff, 0xf5,
    0xcf, 0xff, 0xa0, 0x0, 0x0, 0x0, 0x0, 0x1f,
    0xff, 0xf5, 0xcf, 0xff, 0xa0, 0x0, 0x0, 0x0,
    0x0, 0x1f, 0xff, 0xf5, 0xcf, 0xff, 0xa0, 0x0,
    0x0, 0x0, 0x0, 0x1f, 0xff, 0xf5, 0xcf, 0xff,
    0xa0, 0x0, 0x0, 0x0, 0x0, 0x1f, 0xff, 0xf5,
    0xcf, 0xff, 0xa0, 0x0, 0x0, 0x0, 0x0, 0x1f,
    0xff, 0xf5, 0xcf, 0xff, 0xa0, 0x0, 0x0, 0x0,
    0x0, 0x1f, 0xff, 0xf5, 0xcf, 0xff, 0xa0, 0x0,
    0x0, 0x0, 0x0, 0x1f, 0xff, 0xf5, 0xcf, 0xff,
    0xa0, 0x0, 0x0, 0x0, 0x0, 0x1f, 0xff, 0xf5,
    0xcf, 0xff, 0xa0, 0x0, 0x0, 0x0, 0x0, 0x1f,
    0xff, 0xf5, 0xcf, 0xff, 0xa0, 0x0, 0x0, 0x0,
    0x0, 0x2f, 0xff, 0xf4, 0xbf, 0xff, 0xc0, 0x0,
    0x0, 0x0, 0x0, 0x4f, 0xff, 0xf3, 0x8f, 0xff,
    0xf1, 0x0, 0x0, 0x0, 0x0, 0x8f, 0xff, 0xf0,
    0x3f, 0xff, 0xf8, 0x0, 0x0, 0x0, 0x1, 0xef,
    0xff, 0xc0, 0xc, 0xff, 0xff, 0x81, 0x0, 0x0,
    0x3d, 0xff, 0xff, 0x40, 0x3, 0xff, 0xff, 0xff,
    0xca, 0xbd, 0xff, 0xff, 0xfa, 0x0, 0x0, 0x5f,
    0xff, 0xff, 0xff, 0xff, 0xff, 0xff, 0xc0, 0x0,
    0x0, 0x3, 0xdf, 0xff, 0xff, 0xff, 0xff, 0xf8,
    0x0, 0x0, 0x0, 0x0, 0x4, 0x9c, 0xef, 0xfd,
    0xb7, 0x10, 0x0, 0x0,

    /* U+0056 "V" */
    0x8f, 0xff, 0xf5, 0x0, 0x0, 0x0, 0x0, 0x0,
    0x0, 0xff, 0xff, 0xd0, 0x2f, 0xff, 0xfa, 0x0,
    0x0, 0x0, 0x0, 0x0, 0x5, 0xff, 0xff, 0x70,
    0xc, 0xff, 0xff, 0x0, 0x0, 0x0, 0x0, 0x0,
    0xa, 0xff, 0xff, 0x20, 0x7, 0xff, 0xff, 0x40,
    0x0, 0x0, 0x0, 0x0, 0xf, 0xff, 0xfc, 0x0,
    0x1, 0xff, 0xff, 0x90, 0x0, 0x0, 0x0, 0x0,
    0x4f, 0xff, 0xf6, 0x0, 0x0, 0xbf, 0xff, 0xe0,
    0x0, 0x0, 0x0, 0x0, 0x9f, 0xff, 0xf1, 0x0,
    0x0, 0x6f, 0xff, 0xf3, 0x0, 0x0, 0x0, 0x0,
    0xef, 0xff, 0xb0, 0x0, 0x0, 0x1f, 0xff, 0xf8,
    0x0, 0x0, 0x0, 0x3, 0xff, 0xff, 0x50, 0x0,
    0x0, 0xa, 0xff, 0xfd, 0x0, 0x0, 0x0, 0x8,
    0xff, 0xff, 0x0, 0x0, 0x0, 0x5, 0xff, 0xff,
    0x20, 0x0, 0x0, 0xd, 0xff, 0xfa, 0x0, 0x0,
    0x0, 0x0, 0xff, 0xff, 0x70, 0x0, 0x0, 0x2f,
    0xff, 0xf4, 0x0, 0x0, 0x0, 0x0, 0xaf, 0xff,
    0xc0, 0x0, 0x0, 0x7f, 0xff, 0xe0, 0x0, 0x0,
    0x0, 0x0, 0x4f, 0xff, 0xf1, 0x0, 0x0, 0xcf,
    0xff, 0x90, 0x0, 0x0, 0x0, 0x0, 0xe, 0xff,
    0xf6, 0x0, 0x1, 0xff, 0xff, 0x30, 0x0, 0x0,
    0x0, 0x0, 0x9, 0xff, 0xfb, 0x0, 0x6, 0xff,
    0xfd, 0x0, 0x0, 0x0, 0x0, 0x0, 0x3, 0xff,
    0xff, 0x0, 0xc, 0xff, 0xf8, 0x0, 0x0, 0x0,
    0x0, 0x0, 0x0, 0xdf, 0xff, 0x50, 0x1f, 0xff,
    0xf2, 0x0, 0x0, 0x0, 0x0, 0x0, 0x0, 0x8f,
    0xff, 0xa0, 0x6f, 0xff, 0xc0, 0x0, 0x0, 0x0,
    0x0, 0x0, 0x0, 0x2f, 0xff, 0xe0, 0xbf, 0xff,
    0x70, 0x0, 0x0, 0x0, 0x0, 0x0, 0x0, 0xc,
    0xff, 0xf4, 0xff, 0xff, 0x10, 0x0, 0x0, 0x0,
    0x0, 0x0, 0x0, 0x7, 0xff, 0xfd, 0xff, 0xfb,
    0x0, 0x0, 0x0, 0x0, 0x0, 0x0, 0x0, 0x1,
    0xff, 0xff, 0xff, 0xf6, 0x0, 0x0, 0x0, 0x0,
    0x0, 0x0, 0x0, 0x0, 0xbf, 0xff, 0xff, 0xf1,
    0x0, 0x0, 0x0, 0x0, 0x0, 0x0, 0x0, 0x0,
    0x6f, 0xff, 0xff, 0xa0, 0x0, 0x0, 0x0, 0x0,
    0x0, 0x0, 0x0, 0x0, 0xf, 0xff, 0xff, 0x50,
    0x0, 0x0, 0x0, 0x0, 0x0, 0x0, 0x0, 0x0,
    0xa, 0xff, 0xff, 0x0, 0x0, 0x0, 0x0, 0x0,

    /* U+0057 "W" */
    0xf, 0xff, 0xf5, 0x0, 0x0, 0x0, 0x0, 0xff,
    0xff, 0x0, 0x0, 0x0, 0x0, 0x7f, 0xff, 0xe0,
    0xd, 0xff, 0xf8, 0x0, 0x0, 0x0, 0x4, 0xff,
    0xff, 0x30, 0x0, 0x0, 0x0, 0xbf, 0xff, 0xb0,
    0x9, 0xff, 0xfc, 0x0, 0x0, 0x0, 0x8, 0xff,
    0xff, 0x70, 0x0, 0x0, 0x0, 0xef, 0xff, 0x70,
    0x5, 0xff, 0xff, 0x0, 0x0, 0x0, 0xc, 0xff,
    0xff, 0xb0, 0x0, 0x0, 0x1, 0xff, 0xff, 0x30,
    0x2, 0xff, 0xff, 0x20, 0x0, 0x0, 0xf, 0xff,
    0xff, 0xe0, 0x0, 0x0, 0x4, 0xff, 0xff, 0x0,
    0x0, 0xef, 0xff, 0x50, 0x0, 0x0, 0x4f, 0xff,
    0xff, 0xf2, 0x0, 0x0, 0x7, 0xff, 0xfc, 0x0,
    0x0, 0xaf, 0xff, 0x90, 0x0, 0x0, 0x8f, 0xff,
    0xff, 0xf6, 0x0, 0x0, 0xa, 0xff, 0xf8, 0x0,
    0x0, 0x7f, 0xff, 0xc0, 0x0, 0x0, 0xcf, 0xfd,
    0xef, 0xfa, 0x0, 0x0, 0xe, 0xff, 0xf5, 0x0,
    0x0, 0x3f, 0xff, 0xf0, 0x0, 0x0, 0xff, 0xf9,
    0x9f, 0xfe, 0x0, 0x0, 0x1f, 0xff, 0xf1, 0x0,
    0x0, 0xf, 0xff, 0xf3, 0x0, 0x4, 0xff, 0xf5,
    0x5f, 0xff, 0x20, 0x0, 0x4f, 0xff, 0xd0, 0x0,
    0x0, 0xc, 0xff, 0xf6, 0x0, 0x8, 0xff, 0xf1,
    0x1f, 0xff, 0x60, 0x0, 0x7f, 0xff, 0xa0, 0x0,
    0x0, 0x8, 0xff, 0xf9, 0x0, 0xc, 0xff, 0xd0,
    0xd, 0xff, 0xa0, 0x0, 0xaf, 0xff, 0x60, 0x0,
    0x0, 0x5, 0xff, 0xfc, 0x0, 0xf, 0xff, 0x80,
    0x9, 0xff, 0xe0, 0x0, 0xdf, 0xff, 0x30, 0x0,
    0x0, 0x1, 0xff, 0xff, 0x0, 0x4f, 0xff, 0x40,
    0x5, 0xff, 0xf1, 0x1, 0xff, 0xff, 0x0, 0x0,
    0x0, 0x0, 0xdf, 0xff, 0x30, 0x8f, 0xff, 0x0,
    0x1, 0xff, 0xf5, 0x4, 0xff, 0xfb, 0x0, 0x0,
    0x0, 0x0, 0xaf, 0xff, 0x60, 0xcf, 0xfc, 0x0,
    0x0, 0xdf, 0xf9, 0x7, 0xff, 0xf8, 0x0, 0x0,
    0x0, 0x0, 0x6f, 0xff, 0x90, 0xff, 0xf8, 0x0,
    0x0, 0x9f, 0xfd, 0xa, 0xff, 0xf4, 0x0, 0x0,
    0x0, 0x0, 0x2f, 0xff, 0xd4, 0xff, 0xf3, 0x0,
    0x0, 0x5f, 0xff, 0x1d, 0xff, 0xf1, 0x0, 0x0,
    0x0, 0x0, 0xf, 0xff, 0xf8, 0xff, 0xf0, 0x0,
    0x0, 0x1f, 0xff, 0x6f, 0xff, 0xd0, 0x0, 0x0,
    0x0, 0x0, 0xb, 0xff, 0xfe, 0xff, 0xb0, 0x0,
    0x0, 0xc, 0xff, 0xdf, 0xff, 0x90, 0x0, 0x0,
    0x0, 0x0, 0x8, 0xff, 0xff, 0xff, 0x70, 0x0,
    0x0, 0x8, 0xff, 0xff, 0xff, 0x50, 0x0, 0x0,
    0x0, 0x0, 0x4, 0xff, 0xff, 0xff, 0x30, 0x0,
    0x0, 0x4, 0xff, 0xff, 0xff, 0x20, 0x0, 0x0,
    0x0, 0x0, 0x0, 0xff, 0xff, 0xfe, 0x0, 0x0,
    0x0, 0x0, 0xff, 0xff, 0xfe, 0x0, 0x0, 0x0,
    0x0, 0x0, 0x0, 0xdf, 0xff, 0xfa, 0x0, 0x0,
    0x0, 0x0, 0xcf, 0xff, 0xfb, 0x0, 0x0, 0x0,
    0x0, 0x0, 0x0, 0x9f, 0xff, 0xf6, 0x0, 0x0,
    0x0, 0x0, 0x8f, 0xff, 0xf7, 0x0, 0x0, 0x0,
    0x0, 0x0, 0x0, 0x5f, 0xff, 0xf2, 0x0, 0x0,
    0x0, 0x0, 0x4f, 0xff, 0xf3, 0x0, 0x0, 0x0,

    /* U+0058 "X" */
    0xc, 0xff, 0xff, 0x40, 0x0, 0x0, 0x0, 0x0,
    0x8f, 0xff, 0xf9, 0x0, 0x3f, 0xff, 0xfd, 0x0,
    0x0, 0x0, 0x0, 0x1f, 0xff, 0xfe, 0x10, 0x0,
    0x9f, 0xff, 0xf7, 0x0, 0x0, 0x0, 0xa, 0xff,
    0xff, 0x60, 0x0, 0x1, 0xef, 0xff, 0xe1, 0x0,
    0x0, 0x3, 0xff, 0xff, 0xc0, 0x0, 0x0, 0x6,
    0xff, 0xff, 0x90, 0x0, 0x0, 0xcf, 0xff, 0xf3,
    0x0, 0x0, 0x0, 0xc, 0xff, 0xff, 0x20, 0x0,
    0x5f, 0xff, 0xf9, 0x0, 0x0, 0x0, 0x0, 0x3f,
    0xff, 0xfb, 0x0, 0xd, 0xff, 0xfe, 0x10, 0x0,
    0x0, 0x0, 0x0, 0x9f, 0xff, 0xf4, 0x7, 0xff,
    0xff, 0x60, 0x0, 0x0, 0x0, 0x0, 0x1, 0xef,
    0xff, 0xc1, 0xef, 0xff, 0xc0, 0x0, 0x0, 0x0,
    0x0, 0x0, 0x6, 0xff, 0xff, 0xdf, 0xff, 0xf3,
    0x0, 0x0, 0x0, 0x0, 0x0, 0x0, 0xc, 0xff,
    0xff, 0xff, 0xf9, 0x0, 0x0, 0x0, 0x0, 0x0,
    0x0, 0x0, 0x3f, 0xff, 0xff, 0xfe, 0x10, 0x0,
    0x0, 0x0, 0x0, 0x0, 0x0, 0x0, 0x9f, 0xff,
    0xff, 0x60, 0x0, 0x0, 0x0, 0x0, 0x0, 0x0,
    0x0, 0xb, 0xff, 0xff, 0xf8, 0x0, 0x0, 0x0,
    0x0, 0x0, 0x0, 0x0, 0x5, 0xff, 0xff, 0xff,
    0xf2, 0x0, 0x0, 0x0, 0x0, 0x0, 0x0, 0x0,
    0xef, 0xff, 0xff, 0xff, 0xc0, 0x0, 0x0, 0x0,
    0x0, 0x0, 0x0, 0x8f, 0xff, 0xfd, 0xff, 0xff,
    0x50, 0x0, 0x0, 0x0, 0x0, 0x0, 0x2f, 0xff,
    0xfc, 0x1e, 0xff, 0xfe, 0x0, 0x0, 0x0, 0x0,
    0x0, 0xb, 0xff, 0xff, 0x30, 0x6f, 0xff, 0xf9,
    0x0, 0x0, 0x0, 0x0, 0x5, 0xff, 0xff, 0xa0,
    0x0, 0xdf, 0xff, 0xf2, 0x0, 0x0, 0x0, 0x0,
    0xef, 0xff, 0xf1, 0x0, 0x4, 0xff, 0xff, 0xc0,
    0x0, 0x0, 0x0, 0x8f, 0xff, 0xf7, 0x0, 0x0,
    0xb, 0xff, 0xff, 0x60, 0x0, 0x0, 0x2f, 0xff,
    0xfe, 0x0, 0x0, 0x0, 0x2f, 0xff, 0xfe, 0x10,
    0x0, 0xc, 0xff, 0xff, 0x50, 0x0, 0x0, 0x0,
    0x8f, 0xff, 0xf9, 0x0, 0x5, 0xff, 0xff, 0xc0,
    0x0, 0x0, 0x0, 0x0, 0xef, 0xff, 0xf3, 0x1,
    0xef, 0xff, 0xf3, 0x0, 0x0, 0x0, 0x0, 0x6,
    0xff, 0xff, 0xc0,

    /* U+0059 "Y" */
    0x9f, 0xff, 0xf4, 0x0, 0x0, 0x0, 0x0, 0x0,
    0x6f, 0xff, 0xf8, 0x1f, 0xff, 0xfc, 0x0, 0x0,
    0x0, 0x0, 0x0, 0xdf, 0xff, 0xe0, 0x9, 0xff,
    0xff, 0x30, 0x0, 0x0, 0x0, 0x5, 0xff, 0xff,
    0x70, 0x1, 0xff, 0xff, 0xb0, 0x0, 0x0, 0x0,
    0xc, 0xff, 0xfe, 0x0, 0x0, 0x8f, 0xff, 0xf2,
    0x0, 0x0, 0x0, 0x4f, 0xff, 0xf6, 0x0, 0x0,
    0x1e, 0xff, 0xfa, 0x0, 0x0, 0x0, 0xbf, 0xff,
    0xd0, 0x0, 0x0, 0x7, 0xff, 0xff, 0x20, 0x0,
    0x3, 0xff, 0xff, 0x50, 0x0, 0x0, 0x0, 0xef,
    0xff, 0x90, 0x0, 0xb, 0xff, 0xfd, 0x0, 0x0,
    0x0, 0x0, 0x6f, 0xff, 0xf1, 0x0, 0x2f, 0xff,
    0xf5, 0x0, 0x0, 0x0, 0x0, 0xe, 0xff, 0xf8,
    0x0, 0xaf, 0xff, 0xc0, 0x0, 0x0, 0x0, 0x0,
    0x6, 0xff, 0xff, 0x1, 0xff, 0xff, 0x40, 0x0,
    0x0, 0x0, 0x0, 0x0, 0xdf, 0xff, 0x79, 0xff,
    0xfc, 0x0, 0x0, 0x0, 0x0, 0x0, 0x0, 0x5f,
    0xff, 0xef, 0xff, 0xf3, 0x0, 0x0, 0x0, 0x0,
    0x0, 0x0, 0xc, 0xff, 0xff, 0xff, 0xb0, 0x0,
    0x0, 0x0, 0x0, 0x0, 0x0, 0x4, 0xff, 0xff,
    0xff, 0x30, 0x0, 0x0, 0x0, 0x0, 0x0, 0x0,
    0x0, 0xcf, 0xff, 0xfa, 0x0, 0x0, 0x0, 0x0,
    0x0, 0x0, 0x0, 0x0, 0x5f, 0xff, 0xf3, 0x0,
    0x0, 0x0, 0x0, 0x0, 0x0, 0x0, 0x0, 0x4f,
    0xff, 0xf3, 0x0, 0x0, 0x0, 0x0, 0x0, 0x0,
    0x0, 0x0, 0x4f, 0xff, 0xf3, 0x0, 0x0, 0x0,
    0x0, 0x0, 0x0, 0x0, 0x0, 0x4f, 0xff, 0xf3,
    0x0, 0x0, 0x0, 0x0, 0x0, 0x0, 0x0, 0x0,
    0x4f, 0xff, 0xf3, 0x0, 0x0, 0x0, 0x0, 0x0,
    0x0, 0x0, 0x0, 0x4f, 0xff, 0xf3, 0x0, 0x0,
    0x0, 0x0, 0x0, 0x0, 0x0, 0x0, 0x4f, 0xff,
    0xf3, 0x0, 0x0, 0x0, 0x0, 0x0, 0x0, 0x0,
    0x0, 0x4f, 0xff, 0xf3, 0x0, 0x0, 0x0, 0x0,
    0x0, 0x0, 0x0, 0x0, 0x4f, 0xff, 0xf3, 0x0,
    0x0, 0x0, 0x0, 0x0, 0x0, 0x0, 0x0, 0x4f,
    0xff, 0xf3, 0x0, 0x0, 0x0, 0x0,

    /* U+005A "Z" */
    0x8f, 0xff, 0xff, 0xff, 0xff, 0xff, 0xff, 0xff,
    0xff, 0xf0, 0x8f, 0xff, 0xff, 0xff, 0xff, 0xff,
    0xff, 0xff, 0xff, 0xf0, 0x8f, 0xff, 0xff, 0xff,
    0xff, 0xff, 0xff, 0xff, 0xff, 0xf0, 0x5b, 0xbb,
    0xbb, 0xbb, 0xbb, 0xbb, 0xbd, 0xff, 0xff, 0xa0,
    0x0, 0x0, 0x0, 0x0, 0x0, 0x0, 0xd, 0xff,
    0xfe, 0x10, 0x0, 0x0, 0x0, 0x0, 0x0, 0x0,
    0x9f, 0xff, 0xf4, 0x0, 0x0, 0x0, 0x0, 0x0,
    0x0, 0x4, 0xff, 0xff, 0x90, 0x0, 0x0, 0x0,
    0x0, 0x0, 0x0, 0x1e, 0xff, 0xfd, 0x0, 0x0,
    0x0, 0x0, 0x0, 0x0, 0x0, 0xaf, 0xff, 0xf3,
    0x0, 0x0, 0x0, 0x0, 0x0, 0x0, 0x5, 0xff,
    0xff, 0x80, 0x0, 0x0, 0x0, 0x0, 0x0, 0x0,
    0x1e, 0xff, 0xfd, 0x0, 0x0, 0x0, 0x0, 0x0,
    0x0, 0x0, 0xbf, 0xff, 0xf3, 0x0, 0x0, 0x0,
    0x0, 0x0, 0x0, 0x6, 0xff, 0xff, 0x70, 0x0,
    0x0, 0x0, 0x0, 0x0, 0x0, 0x2f, 0xff, 0xfc,
    0x0, 0x0, 0x0, 0x0, 0x0, 0x0, 0x0, 0xcf,
    0xff, 0xf2, 0x0, 0x0, 0x0, 0x0, 0x0, 0x0,
    0x7, 0xff, 0xff, 0x70, 0x0, 0x0, 0x0, 0x0,
    0x0, 0x0, 0x2f, 0xff, 0xfc, 0x0, 0x0, 0x0,
    0x0, 0x0, 0x0, 0x0, 0xcf, 0xff, 0xf2, 0x0,
    0x0, 0x0, 0x0, 0x0, 0x0, 0x8, 0xff, 0xff,
    0x60, 0x0, 0x0, 0x0, 0x0, 0x0, 0x0, 0x3f,
    0xff, 0xfb, 0x0, 0x0, 0x0, 0x0, 0x0, 0x0,
    0x0, 0xdf, 0xff, 0xe1, 0x0, 0x0, 0x0, 0x0,
    0x0, 0x0, 0x8, 0xff, 0xff, 0x50, 0x0, 0x0,
    0x0, 0x0, 0x0, 0x0, 0x3f, 0xff, 0xff, 0xaa,
    0xaa, 0xaa, 0xaa, 0xaa, 0xaa, 0xa5, 0x9f, 0xff,
    0xff, 0xff, 0xff, 0xff, 0xff, 0xff, 0xff, 0xf7,
    0x9f, 0xff, 0xff, 0xff, 0xff, 0xff, 0xff, 0xff,
    0xff, 0xf7, 0x9f, 0xff, 0xff, 0xff, 0xff, 0xff,
    0xff, 0xff, 0xff, 0xf7,

    /* U+0061 "a" */
    0x0, 0x0, 0x16, 0xbd, 0xff, 0xda, 0x40, 0x0,
    0x0, 0x0, 0x6e, 0xff, 0xff, 0xff, 0xff, 0xb1,
    0x0, 0x0, 0x7f, 0xff, 0xff, 0xff, 0xff, 0xff,
    0xc0, 0x0, 0x4f, 0xff, 0xfe, 0x86, 0x8d, 0xff,
    0xff, 0x70, 0xb, 0xff, 0xfd, 0x0, 0x0, 0xc,
    0xff, 0xfd, 0x0, 0xff, 0xff, 0x60, 0x0, 0x0,
    0x4f, 0xff, 0xf1, 0x0, 0x0, 0x0, 0x0, 0x0,
    0x1, 0xff, 0xff, 0x20, 0x0, 0x0, 0x0, 0x0,
    0x0, 0x1f, 0xff, 0xf3, 0x0, 0x0, 0x38, 0xbe,
    0xff, 0xff, 0xff, 0xff, 0x30, 0x2, 0xbf, 0xff,
    0xff, 0xff, 0xff, 0xff, 0xf3, 0x2, 0xef, 0xff,
    0xff, 0xdc, 0xcc, 0xff, 0xff, 0x30, 0xcf, 0xff,
    0xe5, 0x0, 0x0, 0x1f, 0xff, 0xf3, 0x2f, 0xff,
    0xf3, 0x0, 0x0, 0x1, 0xff, 0xff, 0x35, 0xff,
    0xfe, 0x0, 0x0, 0x0, 0x1f, 0xff, 0xf3, 0x6f,
    0xff, 0xf0, 0x0, 0x0, 0x4, 0xff, 0xff, 0x34,
    0xff, 0xff, 0x80, 0x0, 0x5, 0xef, 0xff, 0xf3,
    0xe, 0xff, 0xff, 0xc9, 0x9d, 0xff, 0xff, 0xff,
    0x30, 0x5f, 0xff, 0xff, 0xff, 0xff, 0xff, 0xff,
    0xf4, 0x0, 0x6f, 0xff, 0xff, 0xff, 0xf7, 0xdf,
    0xff, 0x70, 0x0, 0x29, 0xdf, 0xfd, 0x92, 0x9,
    0xff, 0xfb,

    /* U+0062 "b" */
    0xdf, 0xff, 0x70, 0x0, 0x0, 0x0, 0x0, 0x0,
    0xd, 0xff, 0xf7, 0x0, 0x0, 0x0, 0x0, 0x0,
    0x0, 0xdf, 0xff, 0x70, 0x0, 0x0, 0x0, 0x0,
    0x0, 0xd, 0xff, 0xf7, 0x0, 0x0, 0x0, 0x0,
    0x0, 0x0, 0xdf, 0xff, 0x70, 0x0, 0x0, 0x0,
    0x0, 0x0, 0xd, 0xff, 0xf7, 0x0, 0x0, 0x0,
    0x0, 0x0, 0x0, 0xdf, 0xff, 0x70, 0x0, 0x0,
    0x0, 0x0, 0x0, 0xd, 0xff, 0xf7, 0x5, 0xbe,
    0xfe, 0xb5, 0x0, 0x0, 0xdf, 0xff, 0x7b, 0xff,
    0xff, 0xff, 0xfb, 0x0, 0xd, 0xff, 0xff, 0xff,
    0xff, 0xff, 0xff, 0xfb, 0x0, 0xdf, 0xff, 0xff,
    0xfb, 0xac, 0xff, 0xff, 0xf6, 0xd, 0xff, 0xff,
    0xa0, 0x0, 0x3, 0xef, 0xff, 0xe0, 0xdf, 0xff,
    0xc0, 0x0, 0x0, 0x4, 0xff, 0xff, 0x4d, 0xff,
    0xf7, 0x0, 0x0, 0x0, 0xd, 0xff, 0xf8, 0xdf,
    0xff, 0x70, 0x0, 0x0, 0x0, 0x9f, 0xff, 0xbd,
    0xff, 0xf7, 0x0, 0x0, 0x0, 0x7, 0xff, 0xfc,
    0xdf, 0xff, 0x70, 0x0, 0x0, 0x0, 0x6f, 0xff,
    0xdd, 0xff, 0xf7, 0x0, 0x0, 0x0, 0x6, 0xff,
    0xfd, 0xdf, 0xff, 0x70, 0x0, 0x0, 0x0, 0x7f,
    0xff, 0xcd, 0xff, 0xf7, 0x0, 0x0, 0x0, 0x9,
    0xff, 0xfb, 0xdf, 0xff, 0x70, 0x0, 0x0, 0x0,
    0xdf, 0xff, 0x8d, 0xff, 0xfc, 0x0, 0x0, 0x0,
    0x4f, 0xff, 0xf4, 0xdf, 0xff, 0xfa, 0x0, 0x0,
    0x3e, 0xff, 0xfe, 0xd, 0xff, 0xff, 0xff, 0xb9,
    0xcf, 0xff, 0xff, 0x60, 0xdf, 0xff, 0xef, 0xff,
    0xff, 0xff, 0xff, 0xb0, 0xd, 0xff, 0xf4, 0xcf,
    0xff, 0xff, 0xff, 0xb0, 0x0, 0xdf, 0xff, 0x10,
    0x6b, 0xef, 0xeb, 0x50, 0x0, 0x0,

    /* U+0063 "c" */
    0x0, 0x0, 0x5, 0xad, 0xff, 0xda, 0x40, 0x0,
    0x0, 0x0, 0x2c, 0xff, 0xff, 0xff, 0xff, 0xc1,
    0x0, 0x0, 0x2e, 0xff, 0xff, 0xff, 0xff, 0xff,
    0xe1, 0x0, 0xd, 0xff, 0xff, 0xd9, 0x9d, 0xff,
    0xff, 0xb0, 0x7, 0xff, 0xff, 0x60, 0x0, 0x8,
    0xff, 0xff, 0x30, 0xef, 0xff, 0x80, 0x0, 0x0,
    0xb, 0xff, 0xf8, 0x3f, 0xff, 0xf1, 0x0, 0x0,
    0x0, 0x6f, 0xff, 0xb6, 0xff, 0xfd, 0x0, 0x0,
    0x0, 0x1, 0x44, 0x43, 0x8f, 0xff, 0xb0, 0x0,
    0x0, 0x0, 0x0, 0x0, 0x9, 0xff, 0xfa, 0x0,
    0x0, 0x0, 0x0, 0x0, 0x0, 0x9f, 0xff, 0xa0,
    0x0, 0x0, 0x0, 0x0, 0x0, 0x8, 0xff, 0xfb,
    0x0, 0x0, 0x0, 0x0, 0x0, 0x0, 0x6f, 0xff,
    0xd0, 0x0, 0x0, 0x0, 0x0, 0x0, 0x3, 0xff,
    0xff, 0x10, 0x0, 0x0, 0x3, 0xcc, 0xc9, 0xe,
    0xff, 0xf8, 0x0, 0x0, 0x0, 0x9f, 0xff, 0x90,
    0x7f, 0xff, 0xf5, 0x0, 0x0, 0x6f, 0xff, 0xf3,
    0x0, 0xdf, 0xff, 0xfc, 0x89, 0xcf, 0xff, 0xfb,
    0x0, 0x3, 0xef, 0xff, 0xff, 0xff, 0xff, 0xfd,
    0x10, 0x0, 0x2, 0xcf, 0xff, 0xff, 0xff, 0xfa,
    0x10, 0x0, 0x0, 0x0, 0x5a, 0xdf, 0xfd, 0x93,
    0x0, 0x0,

    /* U+0064 "d" */
    0x0, 0x0, 0x0, 0x0, 0x0, 0x0, 0x3f, 0xff,
    0xf0, 0x0, 0x0, 0x0, 0x0, 0x0, 0x0, 0x3f,
    0xff, 0xf0, 0x0, 0x0, 0x0, 0x0, 0x0, 0x0,
    0x3f, 0xff, 0xf0, 0x0, 0x0, 0x0, 0x0, 0x0,
    0x0, 0x3f, 0xff, 0xf0, 0x0, 0x0, 0x0, 0x0,
    0x0, 0x0, 0x3f, 0xff, 0xf0, 0x0, 0x0, 0x0,
    0x0, 0x0, 0x0, 0x3f, 0xff, 0xf0, 0x0, 0x0,
    0x0, 0x0, 0x0, 0x0, 0x3f, 0xff, 0xf0, 0x0,
    0x0, 0x28, 0xdf, 0xfc, 0x70, 0x3f, 0xff, 0xf0,
    0x0, 0x6, 0xff, 0xff, 0xff, 0xfe, 0x6f, 0xff,
    0xf0, 0x0, 0x6f, 0xff, 0xff, 0xff, 0xff, 0xff,
    0xff, 0xf0, 0x1, 0xff, 0xff, 0xfe, 0xaa, 0xdf,
    0xff, 0xff, 0xf0, 0x9, 0xff, 0xff, 0x80, 0x0,
    0x6, 0xff, 0xff, 0xf0, 0xf, 0xff, 0xfa, 0x0,
    0x0, 0x0, 0x7f, 0xff, 0xf0, 0x3f, 0xff, 0xf3,
    0x0, 0x0, 0x0, 0x3f, 0xff, 0xf0, 0x6f, 0xff,
    0xe0, 0x0, 0x0, 0x0, 0x3f, 0xff, 0xf0, 0x8f,
    0xff, 0xc0, 0x0, 0x0, 0x0, 0x3f, 0xff, 0xf0,
    0x9f, 0xff, 0xb0, 0x0, 0x0, 0x0, 0x3f, 0xff,
    0xf0, 0x9f, 0xff, 0xa0, 0x0, 0x0, 0x0, 0x3f,
    0xff, 0xf0, 0x8f, 0xff, 0xb0, 0x0, 0x0, 0x0,
    0x3f, 0xff, 0xf0, 0x6f, 0xff, 0xe0, 0x0, 0x0,
    0x0, 0x3f, 0xff, 0xf0, 0x3f, 0xff, 0xf2, 0x0,
    0x0, 0x0, 0x3f, 0xff, 0xf0, 0xe, 0xff, 0xf9,
    0x0, 0x0, 0x0, 0x8f, 0xff, 0xf0, 0x8, 0xff,
    0xff, 0x70, 0x0, 0x6, 0xff, 0xff, 0xf0, 0x1,
    0xef, 0xff, 0xfd, 0xaa, 0xdf, 0xff, 0xff, 0xf0,
    0x0, 0x5f, 0xff, 0xff, 0xff, 0xff, 0xff, 0xff,
    0xf0, 0x0, 0x6, 0xff, 0xff, 0xff, 0xfe, 0x3f,
    0xff, 0xf0, 0x0, 0x0, 0x28, 0xdf, 0xfc, 0x81,
    0xd, 0xff, 0xf0,

    /* U+0065 "e" */
    0x0, 0x0, 0x3, 0x9d, 0xff, 0xea, 0x50, 0x0,
    0x0, 0x0, 0x0, 0x9f, 0xff, 0xff, 0xff, 0xfc,
    0x20, 0x0, 0x0, 0xc, 0xff, 0xff, 0xff, 0xff,
    0xff, 0xe1, 0x0, 0x0, 0xaf, 0xff, 0xfd, 0x99,
    0xcf, 0xff, 0xfb, 0x0, 0x4, 0xff, 0xff, 0x70,
    0x0, 0x5, 0xff, 0xff, 0x40, 0xb, 0xff, 0xfb,
    0x0, 0x0, 0x0, 0xaf, 0xff, 0xa0, 0x1f, 0xff,
    0xf3, 0x0, 0x0, 0x0, 0x4f, 0xff, 0xd0, 0x4f,
    0xff, 0xf0, 0x0, 0x0, 0x0, 0x1f, 0xff, 0xf0,
    0x7f, 0xff, 0xff, 0xff, 0xff, 0xff, 0xff, 0xff,
    0xf2, 0x8f, 0xff, 0xff, 0xff, 0xff, 0xff, 0xff,
    0xff, 0xf2, 0x8f, 0xff, 0xff, 0xff, 0xff, 0xff,
    0xff, 0xff, 0xf3, 0x7f, 0xff, 0xd3, 0x33, 0x33,
    0x33, 0x33, 0x33, 0x30, 0x6f, 0xff, 0xf0, 0x0,
    0x0, 0x0, 0x0, 0x0, 0x0, 0x2f, 0xff, 0xf4,
    0x0, 0x0, 0x0, 0x0, 0x0, 0x0, 0xd, 0xff,
    0xfd, 0x0, 0x0, 0x0, 0x0, 0xa2, 0x0, 0x6,
    0xff, 0xff, 0xc1, 0x0, 0x0, 0x2c, 0xfe, 0x20,
    0x0, 0xbf, 0xff, 0xff, 0xb8, 0x9c, 0xff, 0xff,
    0xa0, 0x0, 0x1c, 0xff, 0xff, 0xff, 0xff, 0xff,
    0xfc, 0x0, 0x0, 0x0, 0x9f, 0xff, 0xff, 0xff,
    0xff, 0x90, 0x0, 0x0, 0x0, 0x2, 0x8c, 0xef,
    0xec, 0x82, 0x0, 0x0,

    /* U+0066 "f" */
    0x0, 0x0, 0x0, 0x18, 0xcf, 0xfe, 0x90, 0x0,
    0x0, 0x5f, 0xff, 0xff, 0xfb, 0x0, 0x0, 0x4f,
    0xff, 0xff, 0xff, 0xb0, 0x0, 0xc, 0xff, 0xff,
    0xeb, 0xa7, 0x0, 0x1, 0xff, 0xff, 0xa0, 0x0,
    0x0, 0x0, 0x4f, 0xff, 0xf2, 0x0, 0x0, 0x0,
    0x4, 0xff, 0xff, 0x0, 0x0, 0x0, 0x0, 0x5f,
    0xff, 0xf0, 0x0, 0x0, 0x3f, 0xff, 0xff, 0xff,
    0xff, 0xfd, 0x3, 0xff, 0xff, 0xff, 0xff, 0xff,
    0xd0, 0x3f, 0xff, 0xff, 0xff, 0xff, 0xfd, 0x0,
    0x44, 0x8f, 0xff, 0xf4, 0x44, 0x30, 0x0, 0x5,
    0xff, 0xff, 0x0, 0x0, 0x0, 0x0, 0x5f, 0xff,
    0xf0, 0x0, 0x0, 0x0, 0x5, 0xff, 0xff, 0x0,
    0x0, 0x0, 0x0, 0x5f, 0xff, 0xf0, 0x0, 0x0,
    0x0, 0x5, 0xff, 0xff, 0x0, 0x0, 0x0, 0x0,
    0x5f, 0xff, 0xf0, 0x0, 0x0, 0x0, 0x5, 0xff,
    0xff, 0x0, 0x0, 0x0, 0x0, 0x5f, 0xff, 0xf0,
    0x0, 0x0, 0x0, 0x5, 0xff, 0xff, 0x0, 0x0,
    0x0, 0x0, 0x5f, 0xff, 0xf0, 0x0, 0x0, 0x0,
    0x5, 0xff, 0xff, 0x0, 0x0, 0x0, 0x0, 0x5f,
    0xff, 0xf0, 0x0, 0x0, 0x0, 0x5, 0xff, 0xff,
    0x0, 0x0, 0x0, 0x0, 0x5f, 0xff, 0xf0, 0x0,
    0x0, 0x0, 0x5, 0xff, 0xff, 0x0, 0x0, 0x0,
    0x0, 0x5f, 0xff, 0xf0, 0x0, 0x0,

    /* U+0067 "g" */
    0x0, 0x0, 0x18, 0xdf, 0xfd, 0x92, 0xa, 0xff,
    0xf3, 0x0, 0x5, 0xff, 0xff, 0xff, 0xff, 0x6c,
    0xff, 0xf3, 0x0, 0x4f, 0xff, 0xff, 0xff, 0xff,
    0xff, 0xff, 0xf3, 0x1, 0xef, 0xff, 0xfe, 0xaa,
    0xdf, 0xff, 0xff, 0xf3, 0x8, 0xff, 0xff, 0x90,
    0x0, 0x4, 0xef, 0xff, 0xf3, 0xe, 0xff, 0xfc,
    0x0, 0x0, 0x0, 0x4f, 0xff, 0xf3, 0x2f, 0xff,
    0xf4, 0x0, 0x0, 0x0, 0x1f, 0xff, 0xf3, 0x6f,
    0xff, 0xf0, 0x0, 0x0, 0x0, 0x1f, 0xff, 0xf3,
    0x7f, 0xff, 0xc0, 0x0, 0x0, 0x0, 0x1f, 0xff,
    0xf3, 0x8f, 0xff, 0xb0, 0x0, 0x0, 0x0, 0x1f,
    0xff, 0xf3, 0x8f, 0xff, 0xb0, 0x0, 0x0, 0x0,
    0x1f, 0xff, 0xf3, 0x7f, 0xff, 0xc0, 0x0, 0x0,
    0x0, 0x1f, 0xff, 0xf3, 0x5f, 0xff, 0xe0, 0x0,
    0x0, 0x0, 0x1f, 0xff, 0xf3, 0x2f, 0xff, 0xf3,
    0x0, 0x0, 0x0, 0x1f, 0xff, 0xf3, 0xe, 0xff,
    0xfb, 0x0, 0x0, 0x0, 0x4f, 0xff, 0xf3, 0x8,
    0xff, 0xff, 0x90, 0x0, 0x4, 0xef, 0xff, 0xf3,
    0x1, 0xef, 0xff, 0xfe, 0xaa, 0xdf, 0xff, 0xff,
    0xf3, 0x0, 0x4f, 0xff, 0xff, 0xff, 0xff, 0xff,
    0xff, 0xf3, 0x0, 0x4, 0xef, 0xff, 0xff, 0xff,
    0x5f, 0xff, 0xf3, 0x0, 0x0, 0x18, 0xdf, 0xfd,
    0x81, 0x1f, 0xff, 0xf3, 0x0, 0x0, 0x0, 0x0,
    0x0, 0x0, 0x2f, 0xff, 0xf2, 0x0, 0x1, 0x0,
    0x0, 0x0, 0x0, 0x5f, 0xff, 0xf0, 0x0, 0x1e,
    0x30, 0x0, 0x0, 0x0, 0xcf, 0xff, 0xc0, 0x0,
    0xbf, 0xf5, 0x0, 0x0, 0xa, 0xff, 0xff, 0x60,
    0x4, 0xff, 0xff, 0xd9, 0x89, 0xef, 0xff, 0xfd,
    0x0, 0x0, 0xcf, 0xff, 0xff, 0xff, 0xff, 0xff,
    0xe2, 0x0, 0x0, 0x8, 0xff, 0xff, 0xff, 0xff,
    0xfb, 0x10, 0x0, 0x0, 0x0, 0x17, 0xbe, 0xfe,
    0xd9, 0x40, 0x0, 0x0,

    /* U+0068 "h" */
    0xef, 0xff, 0x60, 0x0, 0x0, 0x0, 0x0, 0x0,
    0xef, 0xff, 0x60, 0x0, 0x0, 0x0, 0x0, 0x0,
    0xef, 0xff, 0x60, 0x0, 0x0, 0x0, 0x0, 0x0,
    0xef, 0xff, 0x60, 0x0, 0x0, 0x0, 0x0, 0x0,
    0xef, 0xff, 0x60, 0x0, 0x0, 0x0, 0x0, 0x0,
    0xef, 0xff, 0x60, 0x0, 0x0, 0x0, 0x0, 0x0,
    0xef, 0xff, 0x60, 0x0, 0x0, 0x0, 0x0, 0x0,
    0xef, 0xff, 0x60, 0x39, 0xef, 0xec, 0x70, 0x0,
    0xef, 0xff, 0x68, 0xff, 0xff, 0xff, 0xfd, 0x10,
    0xef, 0xff, 0xdf, 0xff, 0xff, 0xff, 0xff, 0xb0,
    0xef, 0xff, 0xff, 0xfb, 0xad, 0xff, 0xff, 0xf3,
    0xef, 0xff, 0xf9, 0x0, 0x0, 0x5f, 0xff, 0xf8,
    0xef, 0xff, 0xb0, 0x0, 0x0, 0xa, 0xff, 0xfb,
    0xef, 0xff, 0x60, 0x0, 0x0, 0x7, 0xff, 0xfc,
    0xef, 0xff, 0x60, 0x0, 0x0, 0x6, 0xff, 0xfd,
    0xef, 0xff, 0x60, 0x0, 0x0, 0x6, 0xff, 0xfd,
    0xef, 0xff, 0x60, 0x0, 0x0, 0x6, 0xff, 0xfd,
    0xef, 0xff, 0x60, 0x0, 0x0, 0x6, 0xff, 0xfd,
    0xef, 0xff, 0x60, 0x0, 0x0, 0x6, 0xff, 0xfd,
    0xef, 0xff, 0x60, 0x0, 0x0, 0x6, 0xff, 0xfd,
    0xef, 0xff, 0x60, 0x0, 0x0, 0x6, 0xff, 0xfd,
    0xef, 0xff, 0x60, 0x0, 0x0, 0x6, 0xff, 0xfd,
    0xef, 0xff, 0x60, 0x0, 0x0, 0x6, 0xff, 0xfd,
    0xef, 0xff, 0x60, 0x0, 0x0, 0x6, 0xff, 0xfd,
    0xef, 0xff, 0x60, 0x0, 0x0, 0x6, 0xff, 0xfd,
    0xef, 0xff, 0x60, 0x0, 0x0, 0x6, 0xff, 0xfd,
    0xef, 0xff, 0x60, 0x0, 0x0, 0x6, 0xff, 0xfd,

    /* U+0069 "i" */
    0x1b, 0xfd, 0x30, 0x9f, 0xff, 0xd0, 0xcf, 0xff,
    0xf0, 0x7f, 0xff, 0xb0, 0x6, 0xa8, 0x0, 0x0,
    0x0, 0x0, 0x8f, 0xff, 0xb0, 0x8f, 0xff, 0xb0,
    0x8f, 0xff, 0xb0, 0x8f, 0xff, 0xb0, 0x8f, 0xff,
    0xb0, 0x8f, 0xff, 0xb0, 0x8f, 0xff, 0xb0, 0x8f,
    0xff, 0xb0, 0x8f, 0xff, 0xb0, 0x8f, 0xff, 0xb0,
    0x8f, 0xff, 0xb0, 0x8f, 0xff, 0xb0, 0x8f, 0xff,
    0xb0, 0x8f, 0xff, 0xb0, 0x8f, 0xff, 0xb0, 0x8f,
    0xff, 0xb0, 0x8f, 0xff, 0xb0, 0x8f, 0xff, 0xb0,
    0x8f, 0xff, 0xb0, 0x8f, 0xff, 0xb0,

    /* U+006A "j" */
    0x0, 0x0, 0x3d, 0xfb, 0x10, 0x0, 0xd, 0xff,
    0xfa, 0x0, 0x0, 0xff, 0xff, 0xc0, 0x0, 0xb,
    0xff, 0xf8, 0x0, 0x0, 0x8, 0xa7, 0x0, 0x0,
    0x0, 0x0, 0x0, 0x0, 0x0, 0xaf, 0xff, 0xa0,
    0x0, 0xa, 0xff, 0xfa, 0x0, 0x0, 0xaf, 0xff,
    0xa0, 0x0, 0xa, 0xff, 0xfa, 0x0, 0x0, 0xaf,
    0xff, 0xa0, 0x0, 0xa, 0xff, 0xfa, 0x0, 0x0,
    0xaf, 0xff, 0xa0, 0x0, 0xa, 0xff, 0xfa, 0x0,
    0x0, 0xaf, 0xff, 0xa0, 0x0, 0xa, 0xff, 0xfa,
    0x0, 0x0, 0xaf, 0xff, 0xa0, 0x0, 0xa, 0xff,
    0xfa, 0x0, 0x0, 0xaf, 0xff, 0xa0, 0x0, 0xa,
    0xff, 0xfa, 0x0, 0x0, 0xaf, 0xff, 0xa0, 0x0,
    0xa, 0xff, 0xfa, 0x0, 0x0, 0xaf, 0xff, 0xa0,
    0x0, 0xa, 0xff, 0xfa, 0x0, 0x0, 0xaf, 0xff,
    0xa0, 0x0, 0xa, 0xff, 0xfa, 0x0, 0x0, 0xaf,
    0xff, 0xa0, 0x0, 0xa, 0xff, 0xfa, 0x0, 0x0,
    0xbf, 0xff, 0x90, 0x0, 0x1f, 0xff, 0xf7, 0x3b,
    0xae, 0xff, 0xff, 0x35, 0xff, 0xff, 0xff, 0xc0,
    0x5f, 0xff, 0xff, 0xe2, 0x3, 0xdf, 0xfd, 0x81,
    0x0,

    /* U+006B "k" */
    0xcf, 0xff, 0x70, 0x0, 0x0, 0x0, 0x0, 0x0,
    0xc, 0xff, 0xf7, 0x0, 0x0, 0x0, 0x0, 0x0,
    0x0, 0xcf, 0xff, 0x70, 0x0, 0x0, 0x0, 0x0,
    0x0, 0xc, 0xff, 0xf7, 0x0, 0x0, 0x0, 0x0,
    0x0, 0x0, 0xcf, 0xff, 0x70, 0x0, 0x0, 0x0,
    0x0, 0x0, 0xc, 0xff, 0xf7, 0x0, 0x0, 0x0,
    0x0, 0x0, 0x0, 0xcf, 0xff, 0x70, 0x0, 0x0,
    0x0, 0x0, 0x0, 0xc, 0xff, 0xf7, 0x0, 0x0,
    0x5, 0xff, 0xff, 0xb0, 0xcf, 0xff, 0x70, 0x0,
    0x3, 0xff, 0xff, 0xd1, 0xc, 0xff, 0xf7, 0x0,
    0x2, 0xef, 0xff, 0xe2, 0x0, 0xcf, 0xff, 0x70,
    0x0, 0xdf, 0xff, 0xf3, 0x0, 0xc, 0xff, 0xf7,
    0x0, 0xbf, 0xff, 0xf6, 0x0, 0x0, 0xcf, 0xff,
    0x70, 0x9f, 0xff, 0xf8, 0x0, 0x0, 0xc, 0xff,
    0xf7, 0x6f, 0xff, 0xfa, 0x0, 0x0, 0x0, 0xcf,
    0xff, 0xaf, 0xff, 0xfc, 0x0, 0x0, 0x0, 0xc,
    0xff, 0xff, 0xff, 0xff, 0x50, 0x0, 0x0, 0x0,
    0xcf, 0xff, 0xff, 0xff, 0xfd, 0x0, 0x0, 0x0,
    0xc, 0xff, 0xff, 0xff, 0xff, 0xf9, 0x0, 0x0,
    0x0, 0xcf, 0xff, 0xff, 0xcf, 0xff, 0xf3, 0x0,
    0x0, 0xc, 0xff, 0xff, 0x60, 0xef, 0xff, 0xd0,
    0x0, 0x0, 0xcf, 0xff, 0x90, 0x4, 0xff, 0xff,
    0x90, 0x0, 0xc, 0xff, 0xf7, 0x0, 0x9, 0xff,
    0xff, 0x40, 0x0, 0xcf, 0xff, 0x70, 0x0, 0xe,
    0xff, 0xfe, 0x0, 0xc, 0xff, 0xf7, 0x0, 0x0,
    0x4f, 0xff, 0xf9, 0x0, 0xcf, 0xff, 0x70, 0x0,
    0x0, 0xaf, 0xff, 0xf4, 0xc, 0xff, 0xf7, 0x0,
    0x0, 0x1, 0xef, 0xff, 0xe0, 0xcf, 0xff, 0x70,
    0x0, 0x0, 0x5, 0xff, 0xff, 0x90,

    /* U+006C "l" */
    0x8f, 0xff, 0xb8, 0xff, 0xfb, 0x8f, 0xff, 0xb8,
    0xff, 0xfb, 0x8f, 0xff, 0xb8, 0xff, 0xfb, 0x8f,
    0xff, 0xb8, 0xff, 0xfb, 0x8f, 0xff, 0xb8, 0xff,
    0xfb, 0x8f, 0xff, 0xb8, 0xff, 0xfb, 0x8f, 0xff,
    0xb8, 0xff, 0xfb, 0x8f, 0xff, 0xb8, 0xff, 0xfb,
    0x8f, 0xff, 0xb8, 0xff, 0xfb, 0x8f, 0xff, 0xb8,
    0xff, 0xfb, 0x8f, 0xff, 0xb8, 0xff, 0xfb, 0x8f,
    0xff, 0xb8, 0xff, 0xfb, 0x8f, 0xff, 0xb8, 0xff,
    0xfb, 0x8f, 0xff, 0xb0,

    /* U+006D "m" */
    0xdf, 0xff, 0x30, 0x4a, 0xef, 0xec, 0x70, 0x0,
    0x3, 0x9d, 0xff, 0xd8, 0x10, 0x0, 0xdf, 0xff,
    0x5b, 0xff, 0xff, 0xff, 0xfd, 0x10, 0x8f, 0xff,
    0xff, 0xff, 0xf4, 0x0, 0xdf, 0xff, 0xff, 0xff,
    0xff, 0xff, 0xff, 0xb9, 0xff, 0xff, 0xff, 0xff,
    0xfe, 0x10, 0xdf, 0xff, 0xff, 0xea, 0xad, 0xff,
    0xff, 0xff, 0xff, 0xca, 0xbf, 0xff, 0xff, 0x80,
    0xdf, 0xff, 0xf7, 0x0, 0x0, 0x7f, 0xff, 0xff,
    0xe2, 0x0, 0x1, 0xef, 0xff, 0xc0, 0xdf, 0xff,
    0xa0, 0x0, 0x0, 0xc, 0xff, 0xff, 0x30, 0x0,
    0x0, 0x6f, 0xff, 0xf0, 0xdf, 0xff, 0x70, 0x0,
    0x0, 0x9, 0xff, 0xfd, 0x0, 0x0, 0x0, 0x3f,
    0xff, 0xf1, 0xdf, 0xff, 0x70, 0x0, 0x0, 0x7,
    0xff, 0xfc, 0x0, 0x0, 0x0, 0x2f, 0xff, 0xf1,
    0xdf, 0xff, 0x70, 0x0, 0x0, 0x7, 0xff, 0xfc,
    0x0, 0x0, 0x0, 0x2f, 0xff, 0xf2, 0xdf, 0xff,
    0x70, 0x0, 0x0, 0x7, 0xff, 0xfc, 0x0, 0x0,
    0x0, 0x2f, 0xff, 0xf2, 0xdf, 0xff, 0x70, 0x0,
    0x0, 0x7, 0xff, 0xfc, 0x0, 0x0, 0x0, 0x2f,
    0xff, 0xf2, 0xdf, 0xff, 0x70, 0x0, 0x0, 0x7,
    0xff, 0xfc, 0x0, 0x0, 0x0, 0x2f, 0xff, 0xf2,
    0xdf, 0xff, 0x70, 0x0, 0x0, 0x7, 0xff, 0xfc,
    0x0, 0x0, 0x0, 0x2f, 0xff, 0xf2, 0xdf, 0xff,
    0x70, 0x0, 0x0, 0x7, 0xff, 0xfc, 0x0, 0x0,
    0x0, 0x2f, 0xff, 0xf2, 0xdf, 0xff, 0x70, 0x0,
    0x0, 0x7, 0xff, 0xfc, 0x0, 0x0, 0x0, 0x2f,
    0xff, 0xf2, 0xdf, 0xff, 0x70, 0x0, 0x0, 0x7,
    0xff, 0xfc, 0x0, 0x0, 0x0, 0x2f, 0xff, 0xf2,
    0xdf, 0xff, 0x70, 0x0, 0x0, 0x7, 0xff, 0xfc,
    0x0, 0x0, 0x0, 0x2f, 0xff, 0xf2, 0xdf, 0xff,
    0x70, 0x0, 0x0, 0x7, 0xff, 0xfc, 0x0, 0x0,
    0x0, 0x2f, 0xff, 0xf2, 0xdf, 0xff, 0x70, 0x0,
    0x0, 0x7, 0xff, 0xfc, 0x0, 0x0, 0x0, 0x2f,
    0xff, 0xf2, 0xdf, 0xff, 0x70, 0x0, 0x0, 0x7,
    0xff, 0xfc, 0x0, 0x0, 0x0, 0x2f, 0xff, 0xf2,

    /* U+006E "n" */
    0xef, 0xff, 0x20, 0x39, 0xdf, 0xfc, 0x70, 0x0,
    0xef, 0xff, 0x39, 0xff, 0xff, 0xff, 0xfd, 0x20,
    0xef, 0xff, 0xdf, 0xff, 0xff, 0xff, 0xff, 0xc0,
    0xef, 0xff, 0xff, 0xfb, 0xac, 0xff, 0xff, 0xf4,
    0xef, 0xff, 0xfa, 0x0, 0x0, 0x5f, 0xff, 0xf8,
    0xef, 0xff, 0xc0, 0x0, 0x0, 0xb, 0xff, 0xfb,
    0xef, 0xff, 0x60, 0x0, 0x0, 0x8, 0xff, 0xfd,
    0xef, 0xff, 0x60, 0x0, 0x0, 0x6, 0xff, 0xfd,
    0xef, 0xff, 0x60, 0x0, 0x0, 0x6, 0xff, 0xfd,
    0xef, 0xff, 0x60, 0x0, 0x0, 0x6, 0xff, 0xfd,
    0xef, 0xff, 0x60, 0x0, 0x0, 0x6, 0xff, 0xfd,
    0xef, 0xff, 0x60, 0x0, 0x0, 0x6, 0xff, 0xfd,
    0xef, 0xff, 0x60, 0x0, 0x0, 0x6, 0xff, 0xfd,
    0xef, 0xff, 0x60, 0x0, 0x0, 0x6, 0xff, 0xfd,
    0xef, 0xff, 0x60, 0x0, 0x0, 0x6, 0xff, 0xfd,
    0xef, 0xff, 0x60, 0x0, 0x0, 0x6, 0xff, 0xfd,
    0xef, 0xff, 0x60, 0x0, 0x0, 0x6, 0xff, 0xfd,
    0xef, 0xff, 0x60, 0x0, 0x0, 0x6, 0xff, 0xfd,
    0xef, 0xff, 0x60, 0x0, 0x0, 0x6, 0xff, 0xfd,
    0xef, 0xff, 0x60, 0x0, 0x0, 0x6, 0xff, 0xfd,

    /* U+006F "o" */
    0x0, 0x0, 0x3, 0x9d, 0xff, 0xeb, 0x60, 0x0,
    0x0, 0x0, 0x0, 0x1a, 0xff, 0xff, 0xff, 0xff,
    0xe4, 0x0, 0x0, 0x0, 0x1d, 0xff, 0xff, 0xff,
    0xff, 0xff, 0xf6, 0x0, 0x0, 0xc, 0xff, 0xff,
    0xea, 0x9c, 0xff, 0xff, 0xf3, 0x0, 0x5, 0xff,
    0xff, 0x90, 0x0, 0x3, 0xef, 0xff, 0xd0, 0x0,
    0xdf, 0xff, 0xb0, 0x0, 0x0, 0x4, 0xff, 0xff,
    0x40, 0x2f, 0xff, 0xf3, 0x0, 0x0, 0x0, 0xc,
    0xff, 0xf9, 0x6, 0xff, 0xfe, 0x0, 0x0, 0x0,
    0x0, 0x7f, 0xff, 0xd0, 0x8f, 0xff, 0xc0, 0x0,
    0x0, 0x0, 0x4, 0xff, 0xff, 0x9, 0xff, 0xfb,
    0x0, 0x0, 0x0, 0x0, 0x3f, 0xff, 0xf1, 0x9f,
    0xff, 0xa0, 0x0, 0x0, 0x0, 0x3, 0xff, 0xff,
    0x8, 0xff, 0xfb, 0x0, 0x0, 0x0, 0x0, 0x4f,
    0xff, 0xf0, 0x6f, 0xff, 0xe0, 0x0, 0x0, 0x0,
    0x7, 0xff, 0xfd, 0x2, 0xff, 0xff, 0x30, 0x0,
    0x0, 0x0, 0xcf, 0xff, 0xa0, 0xd, 0xff, 0xfb,
    0x0, 0x0, 0x0, 0x3f, 0xff, 0xf4, 0x0, 0x6f,
    0xff, 0xf8, 0x0, 0x0, 0x2e, 0xff, 0xfd, 0x0,
    0x0, 0xcf, 0xff, 0xfd, 0x98, 0xbf, 0xff, 0xff,
    0x40, 0x0, 0x1, 0xdf, 0xff, 0xff, 0xff, 0xff,
    0xff, 0x70, 0x0, 0x0, 0x1, 0xbf, 0xff, 0xff,
    0xff, 0xfe, 0x50, 0x0, 0x0, 0x0, 0x0, 0x39,
    0xde, 0xfe, 0xb6, 0x0, 0x0, 0x0,

    /* U+0070 "p" */
    0xdf, 0xff, 0x20, 0x6b, 0xef, 0xea, 0x40, 0x0,
    0xd, 0xff, 0xf5, 0xdf, 0xff, 0xff, 0xff, 0xa0,
    0x0, 0xdf, 0xff, 0xff, 0xff, 0xff, 0xff, 0xff,
    0xb0, 0xd, 0xff, 0xff, 0xfe, 0xba, 0xdf, 0xff,
    0xff, 0x60, 0xdf, 0xff, 0xf8, 0x0, 0x0, 0x5f,
    0xff, 0xfd, 0xd, 0xff, 0xfa, 0x0, 0x0, 0x0,
    0x7f, 0xff, 0xf3, 0xdf, 0xff, 0x70, 0x0, 0x0,
    0x0, 0xef, 0xff, 0x7d, 0xff, 0xf7, 0x0, 0x0,
    0x0, 0xa, 0xff, 0xfa, 0xdf, 0xff, 0x70, 0x0,
    0x0, 0x0, 0x7f, 0xff, 0xcd, 0xff, 0xf7, 0x0,
    0x0, 0x0, 0x6, 0xff, 0xfd, 0xdf, 0xff, 0x70,
    0x0, 0x0, 0x0, 0x7f, 0xff, 0xdd, 0xff, 0xf7,
    0x0, 0x0, 0x0, 0x8, 0xff, 0xfc, 0xdf, 0xff,
    0x70, 0x0, 0x0, 0x0, 0xaf, 0xff, 0xad, 0xff,
    0xf7, 0x0, 0x0, 0x0, 0xe, 0xff, 0xf7, 0xdf,
    0xff, 0xa0, 0x0, 0x0, 0x6, 0xff, 0xff, 0x3d,
    0xff, 0xff, 0x70, 0x0, 0x3, 0xff, 0xff, 0xd0,
    0xdf, 0xff, 0xff, 0xd9, 0x8b, 0xff, 0xff, 0xf5,
    0xd, 0xff, 0xff, 0xff, 0xff, 0xff, 0xff, 0xfa,
    0x0, 0xdf, 0xff, 0x8c, 0xff, 0xff, 0xff, 0xfa,
    0x0, 0xd, 0xff, 0xf7, 0x5, 0xbe, 0xfe, 0xa4,
    0x0, 0x0, 0xdf, 0xff, 0x70, 0x0, 0x0, 0x0,
    0x0, 0x0, 0xd, 0xff, 0xf7, 0x0, 0x0, 0x0,
    0x0, 0x0, 0x0, 0xdf, 0xff, 0x70, 0x0, 0x0,
    0x0, 0x0, 0x0, 0xd, 0xff, 0xf7, 0x0, 0x0,
    0x0, 0x0, 0x0, 0x0, 0xdf, 0xff, 0x70, 0x0,
    0x0, 0x0, 0x0, 0x0, 0xd, 0xff, 0xf7, 0x0,
    0x0, 0x0, 0x0, 0x0, 0x0, 0xdf, 0xff, 0x70,
    0x0, 0x0, 0x0, 0x0, 0x0, 0xd, 0xff, 0xf7,
    0x0, 0x0, 0x0, 0x0, 0x0, 0x0,

    /* U+0071 "q" */
    0x0, 0x0, 0x28, 0xdf, 0xfd, 0x81, 0xd, 0xff,
    0xf0, 0x0, 0x6, 0xff, 0xff, 0xff, 0xff, 0x4e,
    0xff, 0xf0, 0x0, 0x6f, 0xff, 0xff, 0xff, 0xff,
    0xff, 0xff, 0xf0, 0x2, 0xff, 0xff, 0xfd, 0x99,
    0xcf, 0xff, 0xff, 0xf0, 0x9, 0xff, 0xff, 0x70,
    0x0, 0x4, 0xff, 0xff, 0xf0, 0xf, 0xff, 0xfa,
    0x0, 0x0, 0x0, 0x6f, 0xff, 0xf0, 0x3f, 0xff,
    0xf3, 0x0, 0x0, 0x0, 0x3f, 0xff, 0xf0, 0x7f,
    0xff, 0xe0, 0x0, 0x0, 0x0, 0x3f, 0xff, 0xf0,
    0x8f, 0xff, 0xc0, 0x0, 0x0, 0x0, 0x3f, 0xff,
    0xf0, 0x9f, 0xff, 0xa0, 0x0, 0x0, 0x0, 0x3f,
    0xff, 0xf0, 0x9f, 0xff, 0xa0, 0x0, 0x0, 0x0,
    0x3f, 0xff, 0xf0, 0x8f, 0xff, 0xb0, 0x0, 0x0,
    0x0, 0x3f, 0xff, 0xf0, 0x6f, 0xff, 0xe0, 0x0,
    0x0, 0x0, 0x3f, 0xff, 0xf0, 0x3f, 0xff, 0xf2,
    0x0, 0x0, 0x0, 0x3f, 0xff, 0xf0, 0xe, 0xff,
    0xfa, 0x0, 0x0, 0x0, 0x6f, 0xff, 0xf0, 0x9,
    0xff, 0xff, 0x70, 0x0, 0x4, 0xff, 0xff, 0xf0,
    0x1, 0xff, 0xff, 0xfd, 0x99, 0xcf, 0xff, 0xff,
    0xf0, 0x0, 0x5f, 0xff, 0xff, 0xff, 0xff, 0xff,
    0xff, 0xf0, 0x0, 0x6, 0xff, 0xff, 0xff, 0xfe,
    0x7f, 0xff, 0xf0, 0x0, 0x0, 0x28, 0xdf, 0xfd,
    0x81, 0x3f, 0xff, 0xf0, 0x0, 0x0, 0x0, 0x0,
    0x0, 0x0, 0x3f, 0xff, 0xf0, 0x0, 0x0, 0x0,
    0x0, 0x0, 0x0, 0x3f, 0xff, 0xf0, 0x0, 0x0,
    0x0, 0x0, 0x0, 0x0, 0x3f, 0xff, 0xf0, 0x0,
    0x0, 0x0, 0x0, 0x0, 0x0, 0x3f, 0xff, 0xf0,
    0x0, 0x0, 0x0, 0x0, 0x0, 0x0, 0x3f, 0xff,
    0xf0, 0x0, 0x0, 0x0, 0x0, 0x0, 0x0, 0x3f,
    0xff, 0xf0, 0x0, 0x0, 0x0, 0x0, 0x0, 0x0,
    0x3f, 0xff, 0xf0, 0x0, 0x0, 0x0, 0x0, 0x0,
    0x0, 0x3f, 0xff, 0xf0,

    /* U+0072 "r" */
    0xdf, 0xff, 0x40, 0x8d, 0xff, 0x2d, 0xff, 0xf6,
    0xdf, 0xff, 0xf2, 0xdf, 0xff, 0xef, 0xff, 0xff,
    0x2d, 0xff, 0xff, 0xff, 0xff, 0xf2, 0xdf, 0xff,
    0xff, 0x95, 0x45, 0xd, 0xff, 0xff, 0x30, 0x0,
    0x0, 0xdf, 0xff, 0x80, 0x0, 0x0, 0xd, 0xff,
    0xf7, 0x0, 0x0, 0x0, 0xdf, 0xff, 0x70, 0x0,
    0x0, 0xd, 0xff, 0xf7, 0x0, 0x0, 0x0, 0xdf,
    0xff, 0x70, 0x0, 0x0, 0xd, 0xff, 0xf7, 0x0,
    0x0, 0x0, 0xdf, 0xff, 0x70, 0x0, 0x0, 0xd,
    0xff, 0xf7, 0x0, 0x0, 0x0, 0xdf, 0xff, 0x70,
    0x0, 0x0, 0xd, 0xff, 0xf7, 0x0, 0x0, 0x0,
    0xdf, 0xff, 0x70, 0x0, 0x0, 0xd, 0xff, 0xf7,
    0x0, 0x0, 0x0, 0xdf, 0xff, 0x70, 0x0, 0x0,
    0xd, 0xff, 0xf7, 0x0, 0x0, 0x0,

    /* U+0073 "s" */
    0x0, 0x0, 0x39, 0xdf, 0xfe, 0xc8, 0x10, 0x0,
    0x0, 0x0, 0xaf, 0xff, 0xff, 0xff, 0xff, 0x70,
    0x0, 0x0, 0xcf, 0xff, 0xff, 0xff, 0xff, 0xff,
    0x80, 0x0, 0x7f, 0xff, 0xfb, 0x65, 0x8e, 0xff,
    0xff, 0x30, 0xd, 0xff, 0xf9, 0x0, 0x0, 0x1e,
    0xff, 0xfa, 0x0, 0xff, 0xff, 0x30, 0x0, 0x0,
    0x8f, 0xff, 0xd0, 0xf, 0xff, 0xf5, 0x0, 0x0,
    0x1, 0x33, 0x32, 0x0, 0xbf, 0xff, 0xf7, 0x10,
    0x0, 0x0, 0x0, 0x0, 0x3, 0xff, 0xff, 0xff,
    0xc8, 0x40, 0x0, 0x0, 0x0, 0x4, 0xef, 0xff,
    0xff, 0xff, 0xf9, 0x20, 0x0, 0x0, 0x0, 0x7e,
    0xff, 0xff, 0xff, 0xff, 0x50, 0x0, 0x0, 0x0,
    0x3, 0x7b, 0xff, 0xff, 0xff, 0x40, 0x0, 0x0,
    0x0, 0x0, 0x0, 0x6f, 0xff, 0xfb, 0x5, 0x77,
    0x73, 0x0, 0x0, 0x0, 0x6f, 0xff, 0xf0, 0x9f,
    0xff, 0xb0, 0x0, 0x0, 0x3, 0xff, 0xff, 0x5,
    0xff, 0xff, 0x40, 0x0, 0x0, 0x9f, 0xff, 0xd0,
    0xd, 0xff, 0xff, 0xa6, 0x56, 0xbf, 0xff, 0xf7,
    0x0, 0x1e, 0xff, 0xff, 0xff, 0xff, 0xff, 0xfc,
    0x0, 0x0, 0x1b, 0xff, 0xff, 0xff, 0xff, 0xfa,
    0x0, 0x0, 0x0, 0x3, 0x9d, 0xef, 0xec, 0x93,
    0x0, 0x0,

    /* U+0074 "t" */
    0x0, 0xb, 0xff, 0xf8, 0x0, 0x0, 0x0, 0xbf,
    0xff, 0x80, 0x0, 0x0, 0xb, 0xff, 0xf8, 0x0,
    0x0, 0x0, 0xbf, 0xff, 0x80, 0x0, 0x0, 0xb,
    0xff, 0xf8, 0x0, 0xd, 0xff, 0xff, 0xff, 0xff,
    0xfe, 0xdf, 0xff, 0xff, 0xff, 0xff, 0xed, 0xff,
    0xff, 0xff, 0xff, 0xfe, 0x34, 0x4c, 0xff, 0xfa,
    0x44, 0x40, 0x0, 0xbf, 0xff, 0x80, 0x0, 0x0,
    0xb, 0xff, 0xf8, 0x0, 0x0, 0x0, 0xbf, 0xff,
    0x80, 0x0, 0x0, 0xb, 0xff, 0xf8, 0x0, 0x0,
    0x0, 0xbf, 0xff, 0x80, 0x0, 0x0, 0xb, 0xff,
    0xf8, 0x0, 0x0, 0x0, 0xbf, 0xff, 0x80, 0x0,
    0x0, 0xb, 0xff, 0xf8, 0x0, 0x0, 0x0, 0xbf,
    0xff, 0x80, 0x0, 0x0, 0xb, 0xff, 0xf8, 0x0,
    0x0, 0x0, 0xbf, 0xff, 0x90, 0x0, 0x0, 0xa,
    0xff, 0xfc, 0x0, 0x0, 0x0, 0x7f, 0xff, 0xfd,
    0xac, 0x0, 0x2, 0xff, 0xff, 0xff, 0xf0, 0x0,
    0x8, 0xff, 0xff, 0xff, 0x0, 0x0, 0x5, 0xcf,
    0xfe, 0xb0,

    /* U+0075 "u" */
    0xef, 0xff, 0x50, 0x0, 0x0, 0x6, 0xff, 0xfd,
    0xef, 0xff, 0x50, 0x0, 0x0, 0x6, 0xff, 0xfd,
    0xef, 0xff, 0x50, 0x0, 0x0, 0x6, 0xff, 0xfd,
    0xef, 0xff, 0x50, 0x0, 0x0, 0x6, 0xff, 0xfd,
    0xef, 0xff, 0x50, 0x0, 0x0, 0x6, 0xff, 0xfd,
    0xef, 0xff, 0x50, 0x0, 0x0, 0x6, 0xff, 0xfd,
    0xef, 0xff, 0x50, 0x0, 0x0, 0x6, 0xff, 0xfd,
    0xef, 0xff, 0x50, 0x0, 0x0, 0x6, 0xff, 0xfd,
    0xef, 0xff, 0x50, 0x0, 0x0, 0x6, 0xff, 0xfd,
    0xef, 0xff, 0x50, 0x0, 0x0, 0x6, 0xff, 0xfd,
    0xef, 0xff, 0x50, 0x0, 0x0, 0x6, 0xff, 0xfd,
    0xef, 0xff, 0x50, 0x0, 0x0, 0x6, 0xff, 0xfd,
    0xef, 0xff, 0x50, 0x0, 0x0, 0x6, 0xff, 0xfd,
    0xdf, 0xff, 0x70, 0x0, 0x0, 0x6, 0xff, 0xfd,
    0xcf, 0xff, 0xa0, 0x0, 0x0, 0xb, 0xff, 0xfd,
    0x9f, 0xff, 0xf4, 0x0, 0x0, 0x9f, 0xff, 0xfd,
    0x4f, 0xff, 0xff, 0xba, 0xbf, 0xff, 0xff, 0xfd,
    0xb, 0xff, 0xff, 0xff, 0xff, 0xff, 0xff, 0xfd,
    0x1, 0xdf, 0xff, 0xff, 0xff, 0xd6, 0xff, 0xfd,
    0x0, 0x6, 0xce, 0xfe, 0xb6, 0x3, 0xff, 0xfd,

    /* U+0076 "v" */
    0x7f, 0xff, 0xf0, 0x0, 0x0, 0x0, 0x3f, 0xff,
    0xf2, 0x1f, 0xff, 0xf3, 0x0, 0x0, 0x0, 0x8f,
    0xff, 0xd0, 0xc, 0xff, 0xf8, 0x0, 0x0, 0x0,
    0xcf, 0xff, 0x80, 0x7, 0xff, 0xfd, 0x0, 0x0,
    0x1, 0xff, 0xff, 0x20, 0x1, 0xff, 0xff, 0x10,
    0x0, 0x5, 0xff, 0xfd, 0x0, 0x0, 0xcf, 0xff,
    0x60, 0x0, 0xa, 0xff, 0xf8, 0x0, 0x0, 0x7f,
    0xff, 0xb0, 0x0, 0xe, 0xff, 0xf2, 0x0, 0x0,
    0x1f, 0xff, 0xf0, 0x0, 0x3f, 0xff, 0xd0, 0x0,
    0x0, 0xc, 0xff, 0xf4, 0x0, 0x8f, 0xff, 0x80,
    0x0, 0x0, 0x7, 0xff, 0xf9, 0x0, 0xcf, 0xff,
    0x30, 0x0, 0x0, 0x2, 0xff, 0xfd, 0x1, 0xff,
    0xfd, 0x0, 0x0, 0x0, 0x0, 0xcf, 0xff, 0x26,
    0xff, 0xf8, 0x0, 0x0, 0x0, 0x0, 0x7f, 0xff,
    0x7a, 0xff, 0xf3, 0x0, 0x0, 0x0, 0x0, 0x2f,
    0xff, 0xbe, 0xff, 0xd0, 0x0, 0x0, 0x0, 0x0,
    0xc, 0xff, 0xff, 0xff, 0x80, 0x0, 0x0, 0x0,
    0x0, 0x7, 0xff, 0xff, 0xff, 0x30, 0x0, 0x0,
    0x0, 0x0, 0x2, 0xff, 0xff, 0xfe, 0x0, 0x0,
    0x0, 0x0, 0x0, 0x0, 0xcf, 0xff, 0xf8, 0x0,
    0x0, 0x0, 0x0, 0x0, 0x0, 0x7f, 0xff, 0xf3,
    0x0, 0x0, 0x0, 0x0, 0x0, 0x0, 0x2f, 0xff,
    0xe0, 0x0, 0x0, 0x0,

    /* U+0077 "w" */
    0x4f, 0xff, 0xd0, 0x0, 0x0, 0x6, 0xff, 0xf1,
    0x0, 0x0, 0x3, 0xff, 0xff, 0x0, 0xff, 0xff,
    0x10, 0x0, 0x0, 0xbf, 0xff, 0x50, 0x0, 0x0,
    0x6f, 0xff, 0xb0, 0xc, 0xff, 0xf5, 0x0, 0x0,
    0xf, 0xff, 0xfa, 0x0, 0x0, 0xa, 0xff, 0xf7,
    0x0, 0x8f, 0xff, 0x80, 0x0, 0x4, 0xff, 0xff,
    0xf0, 0x0, 0x0, 0xdf, 0xff, 0x20, 0x4, 0xff,
    0xfc, 0x0, 0x0, 0x9f, 0xff, 0xff, 0x30, 0x0,
    0x1f, 0xff, 0xe0, 0x0, 0xf, 0xff, 0xf0, 0x0,
    0xd, 0xff, 0xff, 0xf8, 0x0, 0x4, 0xff, 0xfa,
    0x0, 0x0, 0xbf, 0xff, 0x30, 0x2, 0xff, 0xfd,
    0xff, 0xd0, 0x0, 0x8f, 0xff, 0x60, 0x0, 0x7,
    0xff, 0xf7, 0x0, 0x6f, 0xfe, 0x5f, 0xff, 0x10,
    0xc, 0xff, 0xf2, 0x0, 0x0, 0x3f, 0xff, 0xa0,
    0xb, 0xff, 0xa0, 0xff, 0xf6, 0x0, 0xff, 0xfe,
    0x0, 0x0, 0x0, 0xff, 0xfe, 0x0, 0xff, 0xf5,
    0xb, 0xff, 0xb0, 0x3f, 0xff, 0xa0, 0x0, 0x0,
    0xb, 0xff, 0xf1, 0x4f, 0xff, 0x10, 0x6f, 0xff,
    0x6, 0xff, 0xf5, 0x0, 0x0, 0x0, 0x6f, 0xff,
    0x58, 0xff, 0xc0, 0x2, 0xff, 0xf4, 0xaf, 0xff,
    0x10, 0x0, 0x0, 0x2, 0xff, 0xf9, 0xdf, 0xf7,
    0x0, 0xd, 0xff, 0x9d, 0xff, 0xd0, 0x0, 0x0,
    0x0, 0xe, 0xff, 0xef, 0xff, 0x30, 0x0, 0x8f,
    0xfe, 0xff, 0xf9, 0x0, 0x0, 0x0, 0x0, 0xaf,
    0xff, 0xff, 0xe0, 0x0, 0x3, 0xff, 0xff, 0xff,
    0x50, 0x0, 0x0, 0x0, 0x6, 0xff, 0xff, 0xf9,
    0x0, 0x0, 0xe, 0xff, 0xff, 0xf1, 0x0, 0x0,
    0x0, 0x0, 0x2f, 0xff, 0xff, 0x50, 0x0, 0x0,
    0xaf, 0xff, 0xfd, 0x0, 0x0, 0x0, 0x0, 0x0,
    0xdf, 0xff, 0xf0, 0x0, 0x0, 0x5, 0xff, 0xff,
    0x80, 0x0, 0x0, 0x0, 0x0, 0x9, 0xff, 0xfb,
    0x0, 0x0, 0x0, 0x1f, 0xff, 0xf4, 0x0, 0x0,
    0x0, 0x0, 0x0, 0x5f, 0xff, 0x70, 0x0, 0x0,
    0x0, 0xcf, 0xff, 0x0, 0x0, 0x0,

    /* U+0078 "x" */
    0xe, 0xff, 0xfb, 0x0, 0x0, 0x0, 0xaf, 0xff,
    0xf2, 0x5, 0xff, 0xff, 0x40, 0x0, 0x3, 0xff,
    0xff, 0x80, 0x0, 0xcf, 0xff, 0xd0, 0x0, 0xc,
    0xff, 0xfe, 0x0, 0x0, 0x3f, 0xff, 0xf6, 0x0,
    0x5f, 0xff, 0xf5, 0x0, 0x0, 0x9, 0xff, 0xfe,
    0x0, 0xdf, 0xff, 0xb0, 0x0, 0x0, 0x1, 0xef,
    0xff, 0x77, 0xff, 0xff, 0x20, 0x0, 0x0, 0x0,
    0x6f, 0xff, 0xfe, 0xff, 0xf8, 0x0, 0x0, 0x0,
    0x0, 0xd, 0xff, 0xff, 0xff, 0xe0, 0x0, 0x0,
    0x0, 0x0, 0x3, 0xff, 0xff, 0xff, 0x50, 0x0,
    0x0, 0x0, 0x0, 0x0, 0xaf, 0xff, 0xfc, 0x0,
    0x0, 0x0, 0x0, 0x0, 0x0, 0xcf, 0xff, 0xfe,
    0x0, 0x0, 0x0, 0x0, 0x0, 0x6, 0xff, 0xff,
    0xff, 0x80, 0x0, 0x0, 0x0, 0x0, 0x1e, 0xff,
    0xff, 0xff, 0xf2, 0x0, 0x0, 0x0, 0x0, 0x9f,
    0xff, 0xdb, 0xff, 0xfb, 0x0, 0x0, 0x0, 0x3,
    0xff, 0xff, 0x52, 0xff, 0xff, 0x50, 0x0, 0x0,
    0xc, 0xff, 0xfc, 0x0, 0xaf, 0xff, 0xd0, 0x0,
    0x0, 0x6f, 0xff, 0xf3, 0x0, 0x1f, 0xff, 0xf8,
    0x0, 0x0, 0xef, 0xff, 0xa0, 0x0, 0x8, 0xff,
    0xff, 0x20, 0x9, 0xff, 0xff, 0x20, 0x0, 0x0,
    0xef, 0xff, 0xb0, 0x2f, 0xff, 0xf9, 0x0, 0x0,
    0x0, 0x6f, 0xff, 0xf4,

    /* U+0079 "y" */
    0x9f, 0xff, 0xf0, 0x0, 0x0, 0x0, 0x7f, 0xff,
    0xf1, 0x4f, 0xff, 0xf4, 0x0, 0x0, 0x0, 0xbf,
    0xff, 0xc0, 0xe, 0xff, 0xf9, 0x0, 0x0, 0x0,
    0xff, 0xff, 0x70, 0x9, 0xff, 0xfd, 0x0, 0x0,
    0x5, 0xff, 0xff, 0x10, 0x4, 0xff, 0xff, 0x20,
    0x0, 0x9, 0xff, 0xfc, 0x0, 0x0, 0xef, 0xff,
    0x70, 0x0, 0xe, 0xff, 0xf7, 0x0, 0x0, 0x9f,
    0xff, 0xc0, 0x0, 0x2f, 0xff, 0xf2, 0x0, 0x0,
    0x4f, 0xff, 0xf1, 0x0, 0x7f, 0xff, 0xc0, 0x0,
    0x0, 0xe, 0xff, 0xf6, 0x0, 0xcf, 0xff, 0x70,
    0x0, 0x0, 0x9, 0xff, 0xfa, 0x1, 0xff, 0xff,
    0x20, 0x0, 0x0, 0x4, 0xff, 0xff, 0x5, 0xff,
    0xfc, 0x0, 0x0, 0x0, 0x0, 0xef, 0xff, 0x4a,
    0xff, 0xf7, 0x0, 0x0, 0x0, 0x0, 0x9f, 0xff,
    0x9e, 0xff, 0xf2, 0x0, 0x0, 0x0, 0x0, 0x4f,
    0xff, 0xff, 0xff, 0xd0, 0x0, 0x0, 0x0, 0x0,
    0xe, 0xff, 0xff, 0xff, 0x70, 0x0, 0x0, 0x0,
    0x0, 0x9, 0xff, 0xff, 0xff, 0x20, 0x0, 0x0,
    0x0, 0x0, 0x4, 0xff, 0xff, 0xfd, 0x0, 0x0,
    0x0, 0x0, 0x0, 0x0, 0xef, 0xff, 0xf8, 0x0,
    0x0, 0x0, 0x0, 0x0, 0x0, 0x9f, 0xff, 0xf2,
    0x0, 0x0, 0x0, 0x0, 0x0, 0x0, 0x3f, 0xff,
    0xd0, 0x0, 0x0, 0x0, 0x0, 0x0, 0x0, 0x5f,
    0xff, 0x80, 0x0, 0x0, 0x0, 0x0, 0x0, 0x0,
    0xaf, 0xff, 0x20, 0x0, 0x0, 0x0, 0x0, 0x0,
    0x2, 0xff, 0xfd, 0x0, 0x0, 0x0, 0x0, 0x0,
    0x0, 0x1c, 0xff, 0xf7, 0x0, 0x0, 0x0, 0x0,
    0x2, 0xbc, 0xff, 0xff, 0xf1, 0x0, 0x0, 0x0,
    0x0, 0x4, 0xff, 0xff, 0xff, 0x70, 0x0, 0x0,
    0x0, 0x0, 0x4, 0xff, 0xff, 0xf9, 0x0, 0x0,
    0x0, 0x0, 0x0, 0x2, 0xdf, 0xfb, 0x40, 0x0,
    0x0, 0x0, 0x0, 0x0,

    /* U+007A "z" */
    0x6f, 0xff, 0xff, 0xff, 0xff, 0xff, 0xff, 0xf8,
    0x6f, 0xff, 0xff, 0xff, 0xff, 0xff, 0xff, 0xf8,
    0x6f, 0xff, 0xff, 0xff, 0xff, 0xff, 0xff, 0xf7,
    0x39, 0x99, 0x99, 0x99, 0x99, 0xff, 0xff, 0xe1,
    0x0, 0x0, 0x0, 0x0, 0x9, 0xff, 0xff, 0x40,
    0x0, 0x0, 0x0, 0x0, 0x4f, 0xff, 0xf9, 0x0,
    0x0, 0x0, 0x0, 0x1, 0xef, 0xff, 0xd0, 0x0,
    0x0, 0x0, 0x0, 0xb, 0xff, 0xff, 0x20, 0x0,
    0x0, 0x0, 0x0, 0x6f, 0xff, 0xf6, 0x0, 0x0,
    0x0, 0x0, 0x2, 0xff, 0xff, 0xb0, 0x0, 0x0,
    0x0, 0x0, 0xd, 0xff, 0xfe, 0x10, 0x0, 0x0,
    0x0, 0x0, 0x8f, 0xff, 0xf4, 0x0, 0x0, 0x0,
    0x0, 0x4, 0xff, 0xff, 0x90, 0x0, 0x0, 0x0,
    0x0, 0x1e, 0xff, 0xfd, 0x0, 0x0, 0x0, 0x0,
    0x0, 0xbf, 0xff, 0xf3, 0x0, 0x0, 0x0, 0x0,
    0x6, 0xff, 0xff, 0x70, 0x0, 0x0, 0x0, 0x0,
    0x2f, 0xff, 0xff, 0x88, 0x88, 0x88, 0x88, 0x87,
    0x8f, 0xff, 0xff, 0xff, 0xff, 0xff, 0xff, 0xfe,
    0x9f, 0xff, 0xff, 0xff, 0xff, 0xff, 0xff, 0xfe,
    0x9f, 0xff, 0xff, 0xff, 0xff, 0xff, 0xff, 0xfe,

    /* U+00B0 "°" */
    0x0, 0x4, 0x87, 0x30, 0x0, 0x1, 0xcf, 0xff,
    0xf9, 0x0, 0xd, 0xff, 0xff, 0xff, 0x80, 0x6f,
    0xf8, 0x12, 0xcf, 0xf1, 0xbf, 0xd0, 0x0, 0x2f,
    0xf5, 0xbf, 0xb0, 0x0, 0xf, 0xf6, 0x9f, 0xf2,
    0x0, 0x6f, 0xf4, 0x3f, 0xff, 0xab, 0xff, 0xd0,
    0x7, 0xff, 0xff, 0xff, 0x30, 0x0, 0x4c, 0xfe,
    0xa2, 0x0,

    /* U+2212 "−" */
    0x5, 0x55, 0x55, 0x55, 0x55, 0x55, 0x55, 0x54,
    0x1f, 0xff, 0xff, 0xff, 0xff, 0xff, 0xff, 0xfd,
    0x1f, 0xff, 0xff, 0xff, 0xff, 0xff, 0xff, 0xfd,
    0x1f, 0xff, 0xff, 0xff, 0xff, 0xff, 0xff, 0xfd,
    0x1, 0x11, 0x11, 0x11, 0x11, 0x11, 0x11, 0x11
};


/*---------------------
 *  GLYPH DESCRIPTION
 *--------------------*/

static const lv_font_fmt_txt_glyph_dsc_t glyph_dsc[] = {
    {.bitmap_index = 0, .adv_w = 0, .box_w = 0, .box_h = 0, .ofs_x = 0, .ofs_y = 0} /* id = 0 reserved */,
    {.bitmap_index = 0, .adv_w = 143, .box_w = 0, .box_h = 0, .ofs_x = 0, .ofs_y = 0},
    {.bitmap_index = 0, .adv_w = 423, .box_w = 24, .box_h = 26, .ofs_x = 1, .ofs_y = 0},
    {.bitmap_index = 312, .adv_w = 321, .box_w = 18, .box_h = 20, .ofs_x = 1, .ofs_y = 3},
    {.bitmap_index = 492, .adv_w = 127, .box_w = 7, .box_h = 11, .ofs_x = 0, .ofs_y = -7},
    {.bitmap_index = 531, .adv_w = 189, .box_w = 10, .box_h = 4, .ofs_x = 1, .ofs_y = 9},
    {.bitmap_index = 551, .adv_w = 161, .box_w = 6, .box_h = 5, .ofs_x = 2, .ofs_y = 0},
    {.bitmap_index = 566, .adv_w = 228, .box_w = 14, .box_h = 29, .ofs_x = 0, .ofs_y = -3},
    {.bitmap_index = 769, .adv_w = 327, .box_w = 18, .box_h = 26, .ofs_x = 1, .ofs_y = 0},
    {.bitmap_index = 1003, .adv_w = 327, .box_w = 12, .box_h = 26, .ofs_x = 2, .ofs_y = 0},
    {.bitmap_index = 1159, .adv_w = 327, .box_w = 19, .box_h = 26, .ofs_x = 1, .ofs_y = 0},
    {.bitmap_index = 1406, .adv_w = 327, .box_w = 18, .box_h = 26, .ofs_x = 1, .ofs_y = 0},
    {.bitmap_index = 1640, .adv_w = 327, .box_w = 20, .box_h = 26, .ofs_x = 0, .ofs_y = 0},
    {.bitmap_index = 1900, .adv_w = 327, .box_w = 18, .box_h = 26, .ofs_x = 2, .ofs_y = 0},
    {.bitmap_index = 2134, .adv_w = 327, .box_w = 17, .box_h = 26, .ofs_x = 2, .ofs_y = 0},
    {.bitmap_index = 2355, .adv_w = 327, .box_w = 18, .box_h = 26, .ofs_x = 1, .ofs_y = 0},
    {.bitmap_index = 2589, .adv_w = 327, .box_w = 18, .box_h = 26, .ofs_x = 1, .ofs_y = 0},
    {.bitmap_index = 2823, .adv_w = 327, .box_w = 18, .box_h = 26, .ofs_x = 1, .ofs_y = 0},
    {.bitmap_index = 3057, .adv_w = 153, .box_w = 6, .box_h = 20, .ofs_x = 2, .ofs_y = 0},
    {.bitmap_index = 3117, .adv_w = 383, .box_w = 24, .box_h = 26, .ofs_x = 0, .ofs_y = 0},
    {.bitmap_index = 3429, .adv_w = 363, .box_w = 19, .box_h = 26, .ofs_x = 2, .ofs_y = 0},
    {.bitmap_index = 3676, .adv_w = 376, .box_w = 22, .box_h = 26, .ofs_x = 1, .ofs_y = 0},
    {.bitmap_index = 3962, .adv_w = 376, .box_w = 20, .box_h = 26, .ofs_x = 2, .ofs_y = 0},
    {.bitmap_index = 4222, .adv_w = 326, .box_w = 18, .box_h = 26, .ofs_x = 2, .ofs_y = 0},
    {.bitmap_index = 4456, .adv_w = 316, .box_w = 17, .box_h = 26, .ofs_x = 2, .ofs_y = 0},
    {.bitmap_index = 4677, .adv_w = 392, .box_w = 22, .box_h = 26, .ofs_x = 1, .ofs_y = 0},
    {.bitmap_index = 4963, .adv_w = 409, .box_w = 21, .box_h = 26, .ofs_x = 2, .ofs_y = 0},
    {.bitmap_index = 5236, .adv_w = 163, .box_w = 6, .box_h = 26, .ofs_x = 2, .ofs_y = 0},
    {.bitmap_index = 5314, .adv_w = 320, .box_w = 18, .box_h = 26, .ofs_x = 0, .ofs_y = 0},
    {.bitmap_index = 5548, .adv_w = 363, .box_w = 21, .box_h = 26, .ofs_x = 2, .ofs_y = 0},
    {.bitmap_index = 5821, .adv_w = 312, .box_w = 17, .box_h = 26, .ofs_x = 2, .ofs_y = 0},
    {.bitmap_index = 6042, .adv_w = 504, .box_w = 27, .box_h = 26, .ofs_x = 2, .ofs_y = 0},
    {.bitmap_index = 6393, .adv_w = 409, .box_w = 21, .box_h = 26, .ofs_x = 2, .ofs_y = 0},
    {.bitmap_index = 6666, .adv_w = 398, .box_w = 23, .box_h = 26, .ofs_x = 1, .ofs_y = 0},
    {.bitmap_index = 6965, .adv_w = 368, .box_w = 20, .box_h = 26, .ofs_x = 2, .ofs_y = 0},
    {.bitmap_index = 7225, .adv_w = 398, .box_w = 22, .box_h = 31, .ofs_x = 1, .ofs_y = -5},
    {.bitmap_index = 7566, .adv_w = 359, .box_w = 20, .box_h = 26, .ofs_x = 2, .ofs_y = 0},
    {.bitmap_index = 7826, .adv_w = 348, .box_w = 20, .box_h = 26, .ofs_x = 1, .ofs_y = 0},
    {.bitmap_index = 8086, .adv_w = 350, .box_w = 22, .box_h = 26, .ofs_x = 0, .ofs_y = 0},
    {.bitmap_index = 8372, .adv_w = 375, .box_w = 20, .box_h = 26, .ofs_x = 2, .ofs_y = 0},
    {.bitmap_index = 8632, .adv_w = 373, .box_w = 24, .box_h = 26, .ofs_x = 0, .ofs_y = 0},
    {.bitmap_index = 8944, .adv_w = 507, .box_w = 32, .box_h = 26, .ofs_x = 0, .ofs_y = 0},
    {.bitmap_index = 9360, .adv_w = 365, .box_w = 23, .box_h = 26, .ofs_x = 0, .ofs_y = 0},
    {.bitmap_index = 9659, .adv_w = 351, .box_w = 22, .box_h = 26, .ofs_x = 0, .ofs_y = 0},
    {.bitmap_index = 9945, .adv_w = 347, .box_w = 20, .box_h = 26, .ofs_x = 1, .ofs_y = 0},
    {.bitmap_index = 10205, .adv_w = 312, .box_w = 17, .box_h = 20, .ofs_x = 1, .ofs_y = 0},
    {.bitmap_index = 10375, .adv_w = 324, .box_w = 17, .box_h = 27, .ofs_x = 2, .ofs_y = 0},
    {.bitmap_index = 10605, .adv_w = 302, .box_w = 17, .box_h = 20, .ofs_x = 1, .ofs_y = 0},
    {.bitmap_index = 10775, .adv_w = 325, .box_w = 18, .box_h = 27, .ofs_x = 1, .ofs_y = 0},
    {.bitmap_index = 11018, .adv_w = 309, .box_w = 18, .box_h = 20, .ofs_x = 1, .ofs_y = 0},
    {.bitmap_index = 11198, .adv_w = 204, .box_w = 13, .box_h = 28, .ofs_x = 0, .ofs_y = 0},
    {.bitmap_index = 11380, .adv_w = 327, .box_w = 18, .box_h = 28, .ofs_x = 1, .ofs_y = -8},
    {.bitmap_index = 11632, .adv_w = 320, .box_w = 16, .box_h = 27, .ofs_x = 2, .ofs_y = 0},
    {.bitmap_index = 11848, .adv_w = 147, .box_w = 6, .box_h = 26, .ofs_x = 2, .ofs_y = 0},
    {.bitmap_index = 11926, .adv_w = 144, .box_w = 9, .box_h = 34, .ofs_x = -2, .ofs_y = -8},
    {.bitmap_index = 12079, .adv_w = 301, .box_w = 17, .box_h = 27, .ofs_x = 2, .ofs_y = 0},
    {.bitmap_index = 12309, .adv_w = 147, .box_w = 5, .box_h = 27, .ofs_x = 2, .ofs_y = 0},
    {.bitmap_index = 12377, .adv_w = 501, .box_w = 28, .box_h = 20, .ofs_x = 2, .ofs_y = 0},
    {.bitmap_index = 12657, .adv_w = 320, .box_w = 16, .box_h = 20, .ofs_x = 2, .ofs_y = 0},
    {.bitmap_index = 12817, .adv_w = 328, .box_w = 19, .box_h = 20, .ofs_x = 1, .ofs_y = 0},
    {.bitmap_index = 13007, .adv_w = 324, .box_w = 17, .box_h = 28, .ofs_x = 2, .ofs_y = -8},
    {.bitmap_index = 13245, .adv_w = 327, .box_w = 18, .box_h = 28, .ofs_x = 1, .ofs_y = -8},
    {.bitmap_index = 13497, .adv_w = 203, .box_w = 11, .box_h = 20, .ofs_x = 2, .ofs_y = 0},
    {.bitmap_index = 13607, .adv_w = 297, .box_w = 17, .box_h = 20, .ofs_x = 1, .ofs_y = 0},
    {.bitmap_index = 13777, .adv_w = 192, .box_w = 11, .box_h = 25, .ofs_x = 0, .ofs_y = 0},
    {.bitmap_index = 13915, .adv_w = 320, .box_w = 16, .box_h = 20, .ofs_x = 2, .ofs_y = 0},
    {.bitmap_index = 14075, .adv_w = 285, .box_w = 18, .box_h = 20, .ofs_x = 0, .ofs_y = 0},
    {.bitmap_index = 14255, .adv_w = 428, .box_w = 27, .box_h = 20, .ofs_x = 0, .ofs_y = 0},
    {.bitmap_index = 14525, .adv_w = 290, .box_w = 18, .box_h = 20, .ofs_x = 0, .ofs_y = 0},
    {.bitmap_index = 14705, .adv_w = 280, .box_w = 18, .box_h = 28, .ofs_x = 0, .ofs_y = -8},
    {.bitmap_index = 14957, .adv_w = 290, .box_w = 16, .box_h = 20, .ofs_x = 1, .ofs_y = 0},
    {.bitmap_index = 15117, .adv_w = 219, .box_w = 10, .box_h = 10, .ofs_x = 2, .ofs_y = 17},
    {.bitmap_index = 15167, .adv_w = 325, .box_w = 16, .box_h = 5, .ofs_x = 2, .ofs_y = 10}
};

/*---------------------
 *  CHARACTER MAPPING
 *--------------------*/

static const uint16_t unicode_list_0[] = {
    0x0, 0x5
};

static const uint16_t unicode_list_4[] = {
    0x0, 0x2162
};

/*Collect the unicode lists and glyph_id offsets*/
static const lv_font_fmt_txt_cmap_t cmaps[] =
{
    {
        .range_start = 32, .range_length = 6, .glyph_id_start = 1,
        .unicode_list = unicode_list_0, .glyph_id_ofs_list = NULL, .list_length = 2, .type = LV_FONT_FMT_TXT_CMAP_SPARSE_TINY
    },
    {
        .range_start = 43, .range_length = 16, .glyph_id_start = 3,
        .unicode_list = NULL, .glyph_id_ofs_list = NULL, .list_length = 0, .type = LV_FONT_FMT_TXT_CMAP_FORMAT0_TINY
    },
    {
        .range_start = 65, .range_length = 26, .glyph_id_start = 19,
        .unicode_list = NULL, .glyph_id_ofs_list = NULL, .list_length = 0, .type = LV_FONT_FMT_TXT_CMAP_FORMAT0_TINY
    },
    {
        .range_start = 97, .range_length = 26, .glyph_id_start = 45,
        .unicode_list = NULL, .glyph_id_ofs_list = NULL, .list_length = 0, .type = LV_FONT_FMT_TXT_CMAP_FORMAT0_TINY
    },
    {
        .range_start = 176, .range_length = 8547, .glyph_id_start = 71,
        .unicode_list = unicode_list_4, .glyph_id_ofs_list = NULL, .list_length = 2, .type = LV_FONT_FMT_TXT_CMAP_SPARSE_TINY
    }
};

/*-----------------
 *    KERNING
 *----------------*/


/*Pair left and right glyphs for kerning*/
static const uint8_t kern_pair_glyph_ids[] =
{
    1, 38,
    7, 7,
    19, 33,
    19, 38,
    19, 39,
    19, 40,
    19, 41,
    19, 43,
    19, 58,
    19, 59,
    19, 64,
    19, 65,
    19, 66,
    19, 67,
    19, 70,
    20, 38,
    20, 40,
    20, 43,
    21, 38,
    23, 38,
    23, 47,
    23, 50,
    23, 59,
    23, 65,
    23, 66,
    23, 67,
    24, 4,
    24, 6,
    24, 19,
    24, 28,
    24, 38,
    24, 45,
    24, 47,
    24, 59,
    24, 62,
    24, 65,
    24, 66,
    26, 19,
    26, 38,
    26, 42,
    26, 43,
    29, 5,
    29, 33,
    29, 47,
    29, 59,
    29, 65,
    29, 66,
    29, 67,
    30, 19,
    30, 33,
    30, 38,
    30, 39,
    30, 40,
    30, 41,
    30, 43,
    30, 65,
    30, 66,
    30, 67,
    33, 4,
    33, 6,
    33, 19,
    33, 38,
    33, 40,
    33, 42,
    33, 43,
    33, 44,
    34, 4,
    34, 6,
    34, 19,
    34, 28,
    34, 42,
    34, 44,
    34, 45,
    34, 47,
    34, 59,
    34, 64,
    34, 66,
    35, 38,
    35, 40,
    35, 41,
    35, 43,
    36, 38,
    36, 40,
    36, 43,
    38, 1,
    38, 4,
    38, 5,
    38, 6,
    38, 19,
    38, 28,
    38, 33,
    38, 37,
    38, 38,
    38, 40,
    38, 41,
    38, 43,
    38, 45,
    38, 47,
    38, 58,
    38, 59,
    38, 62,
    38, 63,
    38, 65,
    38, 66,
    38, 67,
    38, 68,
    38, 70,
    39, 19,
    40, 4,
    40, 5,
    40, 6,
    40, 19,
    40, 33,
    40, 45,
    40, 47,
    40, 59,
    40, 62,
    40, 65,
    40, 66,
    41, 4,
    41, 5,
    41, 6,
    41, 19,
    41, 38,
    41, 45,
    41, 47,
    41, 59,
    41, 62,
    41, 65,
    42, 5,
    42, 33,
    42, 40,
    42, 47,
    42, 59,
    42, 65,
    42, 66,
    43, 4,
    43, 5,
    43, 6,
    43, 19,
    43, 28,
    43, 33,
    43, 37,
    43, 38,
    43, 39,
    43, 40,
    43, 41,
    43, 42,
    43, 43,
    43, 45,
    43, 47,
    43, 50,
    43, 58,
    43, 59,
    43, 62,
    43, 63,
    43, 64,
    43, 65,
    43, 66,
    43, 68,
    43, 70,
    44, 19,
    44, 33,
    44, 47,
    44, 59,
    44, 65,
    44, 66,
    44, 67,
    45, 66,
    46, 66,
    46, 68,
    46, 70,
    49, 66,
    50, 47,
    55, 47,
    59, 66,
    59, 68,
    59, 70,
    62, 4,
    62, 6,
    62, 45,
    62, 47,
    62, 50,
    62, 59,
    62, 64,
    62, 66,
    62, 67,
    64, 59,
    66, 4,
    66, 6,
    66, 45,
    66, 47,
    66, 50,
    66, 59,
    67, 4,
    67, 6,
    68, 47,
    68, 59,
    70, 47,
    70, 59
};

/* Kerning between the respective left and right glyphs
 * 4.4 format which needs to scaled with `kern_scale`*/
static const int8_t kern_pair_values[] =
{
    -17, -70, -6, -34, -5, -22, -11, -42,
    -13, -3, -5, -3, -14, -9, 3, -8,
    -7, -15, -8, 6, -5, -5, -5, -5,
    -7, -6, -77, -77, -54, -58, 6, -10,
    -6, -6, -7, -6, -7, 5, -8, 5,
    -8, -46, -9, -7, -8, -6, -11, -18,
    5, -18, -58, -7, -58, -26, -78, -4,
    -35, -15, -34, -34, -6, -24, -6, -6,
    -12, -6, -114, -114, -50, -52, -14, -10,
    -3, -4, -4, 4, 4, -9, -8, -6,
    -10, -14, -5, -13, -17, -73, -76, -73,
    -34, -61, -8, -4, 5, 5, 4, 5,
    -47, -25, -25, -58, -18, -21, -18, -23,
    -13, -22, -17, -6, -60, -44, -60, -21,
    -4, -13, -12, -13, -8, -8, -3, -40,
    -17, -40, -12, 4, -9, -9, -9, -6,
    -5, -44, -7, 4, -7, -6, -6, -9,
    -65, -43, -65, -42, -27, -8, -4, 5,
    -27, 5, 5, 4, 5, -18, -18, -6,
    -11, -18, -11, -16, -6, -11, -6, -6,
    -8, 4, -7, -6, -6, -5, -8, -8,
    -4, -3, -4, -4, -4, -7, -6, -4,
    -6, -4, -49, -49, -8, -5, 6, -10,
    14, 5, 5, -8, -47, -47, -4, -4,
    4, -4, -35, -35, -6, -11, -4, -4
};

/*Collect the kern pair's data in one place*/
static const lv_font_fmt_txt_kern_pair_t kern_pairs =
{
    .glyph_ids = kern_pair_glyph_ids,
    .values = kern_pair_values,
    .pair_cnt = 200,
    .glyph_ids_size = 0
};

/*--------------------
 *  ALL CUSTOM DATA
 *--------------------*/

#if LVGL_VERSION_MAJOR == 8
/*Store all the custom data of the font*/
static  lv_font_fmt_txt_glyph_cache_t cache;
#endif

#if LVGL_VERSION_MAJOR >= 8
static const lv_font_fmt_txt_dsc_t font_dsc = {
#else
static lv_font_fmt_txt_dsc_t font_dsc = {
#endif
    .glyph_bitmap = glyph_bitmap,
    .glyph_dsc = glyph_dsc,
    .cmaps = cmaps,
    .kern_dsc = &kern_pairs,
    .kern_scale = 16,
    .cmap_num = 5,
    .bpp = 4,
    .kern_classes = 0,
    .bitmap_format = 0,
#if LVGL_VERSION_MAJOR == 8
    .cache = &cache
#endif
};



/*-----------------
 *  PUBLIC FONT
 *----------------*/

/*Initialize a public general font descriptor*/
#if LVGL_VERSION_MAJOR >= 8
const lv_font_t m3e_weather_metric_36 = {
#else
lv_font_t m3e_weather_metric_36 = {
#endif
    .get_glyph_dsc = lv_font_get_glyph_dsc_fmt_txt,    /*Function pointer to get glyph's data*/
    .get_glyph_bitmap = lv_font_get_bitmap_fmt_txt,    /*Function pointer to get glyph's bitmap*/
    .line_height = 36,          /*The maximum line height required by the font*/
    .base_line = 8,             /*Baseline measured from the bottom of the line*/
#if !(LVGL_VERSION_MAJOR == 6 && LVGL_VERSION_MINOR == 0)
    .subpx = LV_FONT_SUBPX_NONE,
#endif
#if LV_VERSION_CHECK(7, 4, 0) || LVGL_VERSION_MAJOR >= 8
    .underline_position = -3,
    .underline_thickness = 2,
#endif
    .dsc = &font_dsc,          /*The custom font data. Will be accessed by `get_glyph_bitmap/dsc` */
#if LV_VERSION_CHECK(8, 2, 0) || LVGL_VERSION_MAJOR >= 9
    .fallback = NULL,
#endif
    .user_data = NULL,
};



#endif /*#if M3E_WEATHER_METRIC_36*/
